20567.2566 312490.2564 424.1660 299761.000000000 -0.0000 0.0000 100.0000
20567.1781 312490.2425 424.1731 299761.010000000 -0.0000 0.0000 100.0000
20567.0996 312490.2287 424.1801 299761.020000000 -0.0000 0.0000 100.0000
20567.0211 312490.2148 424.1872 299761.030000000 -0.0000 0.0000 100.0000
20566.9427 312490.2010 424.1942 299761.040000000 -0.0000 0.0000 100.0000
20566.8642 312490.1872 424.2013 299761.050000000 -0.0000 0.0000 100.0000
20566.7857 312490.1733 424.2083 299761.060000000 -0.0000 0.0000 100.0000
20566.7072 312490.1595 424.2154 299761.070000000 -0.0000 0.0000 100.0000
20566.6288 312490.1457 424.2224 299761.080000000 -0.0000 0.0000 100.0000
20566.5503 312490.1318 424.2295 299761.090000000 -0.0000 0.0000 100.0000
20566.4718 312490.1180 424.2366 299761.100000000 -0.0000 0.0000 100.0000
20566.3933 312490.1041 424.2436 299761.110000000 -0.0000 0.0000 100.0000
20566.3149 312490.0903 424.2507 299761.120000000 -0.0000 0.0000 100.0000
20566.2364 312490.0765 424.2577 299761.130000000 -0.0000 0.0000 100.0000
20566.1579 312490.0626 424.2648 299761.140000000 -0.0000 0.0000 100.0000
20566.0794 312490.0488 424.2718 299761.150000000 -0.0000 0.0000 100.0000
20566.0009 312490.0350 424.2789 299761.160000000 -0.0000 0.0000 100.0000
20565.9225 312490.0211 424.2859 299761.170000000 -0.0000 0.0000 100.0000
20565.8440 312490.0073 424.2930 299761.180000000 -0.0000 0.0000 100.0000
20565.7655 312489.9934 424.3000 299761.190000000 -0.0000 0.0000 100.0000
20565.6870 312489.9796 424.3071 299761.200000000 -0.0000 0.0000 100.0000
20565.6086 312489.9658 424.3142 299761.210000000 -0.0000 0.0000 100.0000
20565.5301 312489.9519 424.3212 299761.220000000 -0.0000 0.0000 100.0000
20565.4516 312489.9381 424.3283 299761.230000000 -0.0000 0.0000 100.0000
20565.3731 312489.9242 424.3353 299761.240000000 -0.0000 0.0000 100.0000
20565.2946 312489.9104 424.3424 299761.250000000 -0.0000 0.0000 100.0000
20565.2162 312489.8966 424.3494 299761.260000000 -0.0000 0.0000 100.0000
20565.1377 312489.8827 424.3565 299761.270000000 -0.0000 0.0000 100.0000
20565.0592 312489.8689 424.3635 299761.280000000 -0.0000 0.0000 100.0000
20564.9807 312489.8551 424.3706 299761.290000000 -0.0000 0.0000 100.0000
20564.9023 312489.8412 424.3777 299761.300000000 -0.0000 0.0000 100.0000
20564.8238 312489.8274 424.3847 299761.310000000 -0.0000 0.0000 100.0000
20564.7453 312489.8135 424.3918 299761.320000000 -0.0000 0.0000 100.0000
20564.6668 312489.7997 424.3988 299761.330000000 -0.0000 0.0000 100.0000
20564.5883 312489.7859 424.4059 299761.340000000 -0.0000 0.0000 100.0000
20564.5099 312489.7720 424.4129 299761.350000000 -0.0000 0.0000 100.0000
20564.4314 312489.7582 424.4200 299761.360000000 -0.0000 0.0000 100.0000
20564.3529 312489.7444 424.4270 299761.370000000 -0.0000 0.0000 100.0000
20564.2744 312489.7305 424.4341 299761.380000000 -0.0000 0.0000 100.0000
20564.1960 312489.7167 424.4411 299761.390000000 -0.0000 0.0000 100.0000
20564.1175 312489.7028 424.4482 299761.400000000 -0.0000 0.0000 100.0000
20564.0390 312489.6890 424.4553 299761.410000000 -0.0000 0.0000 100.0000
20563.9605 312489.6752 424.4623 299761.420000000 -0.0000 0.0000 100.0000
20563.8820 312489.6613 424.4694 299761.430000000 -0.0000 0.0000 100.0000
20563.8036 312489.6475 424.4764 299761.440000000 -0.0000 0.0000 100.0000
20563.7251 312489.6337 424.4835 299761.450000000 -0.0000 0.0000 100.0000
20563.6466 312489.6198 424.4905 299761.460000000 -0.0000 0.0000 100.0000
20563.5681 312489.6060 424.4976 299761.470000000 -0.0000 0.0000 100.0000
20563.4897 312489.5921 424.5046 299761.480000000 -0.0000 0.0000 100.0000
20563.4112 312489.5783 424.5117 299761.490000000 -0.0000 0.0000 100.0000
20563.3327 312489.5645 424.5188 299761.500000000 -0.0000 0.0000 100.0000
20563.2542 312489.5506 424.5258 299761.510000000 -0.0000 0.0000 100.0000
20563.1757 312489.5368 424.5329 299761.520000000 -0.0000 0.0000 100.0000
20563.0973 312489.5230 424.5399 299761.530000000 -0.0000 0.0000 100.0000
20563.0188 312489.5091 424.5470 299761.540000000 -0.0000 0.0000 100.0000
20562.9403 312489.4953 424.5540 299761.550000000 -0.0000 0.0000 100.0000
20562.8618 312489.4814 424.5611 299761.560000000 -0.0000 0.0000 100.0000
20562.7834 312489.4676 424.5681 299761.570000000 -0.0000 0.0000 100.0000
20562.7049 312489.4538 424.5752 299761.580000000 -0.0000 0.0000 100.0000
20562.6264 312489.4399 424.5822 299761.590000000 -0.0000 0.0000 100.0000
20562.5479 312489.4261 424.5893 299761.600000000 -0.0000 0.0000 100.0000
20562.4694 312489.4123 424.5964 299761.610000000 -0.0000 0.0000 100.0000
20562.3910 312489.3984 424.6034 299761.620000000 -0.0000 0.0000 100.0000
20562.3125 312489.3846 424.6105 299761.630000000 -0.0000 0.0000 100.0000
20562.2340 312489.3707 424.6175 299761.640000000 -0.0000 0.0000 100.0000
20562.1555 312489.3569 424.6246 299761.650000000 -0.0000 0.0000 100.0000
20562.0771 312489.3431 424.6316 299761.660000000 -0.0000 0.0000 100.0000
20561.9986 312489.3292 424.6387 299761.670000000 -0.0000 0.0000 100.0000
20561.9201 312489.3154 424.6457 299761.680000000 -0.0000 0.0000 100.0000
20561.8416 312489.3016 424.6528 299761.690000000 -0.0000 0.0000 100.0000
20561.7631 312489.2877 424.6599 299761.700000000 -0.0000 0.0000 100.0000
20561.6847 312489.2739 424.6669 299761.710000000 -0.0000 0.0000 100.0000
20561.6062 312489.2600 424.6740 299761.720000000 -0.0000 0.0000 100.0000
20561.5277 312489.2462 424.6810 299761.730000000 -0.0000 0.0000 100.0000
20561.4492 312489.2324 424.6881 299761.740000000 -0.0000 0.0000 100.0000
20561.3708 312489.2185 424.6951 299761.750000000 -0.0000 0.0000 100.0000
20561.2923 312489.2047 424.7022 299761.760000000 -0.0000 0.0000 100.0000
20561.2138 312489.1908 424.7092 299761.770000000 -0.0000 0.0000 100.0000
20561.1353 312489.1770 424.7163 299761.780000000 -0.0000 0.0000 100.0000
20561.0568 312489.1632 424.7234 299761.790000000 -0.0000 0.0000 100.0000
20560.9784 312489.1493 424.7304 299761.800000000 -0.0000 0.0000 100.0000
20560.8999 312489.1355 424.7375 299761.810000000 -0.0000 0.0000 100.0000
20560.8214 312489.1217 424.7445 299761.820000000 -0.0000 0.0000 100.0000
20560.7429 312489.1078 424.7516 299761.830000000 -0.0000 0.0000 100.0000
20560.6645 312489.0940 424.7586 299761.840000000 -0.0000 0.0000 100.0000
20560.5860 312489.0801 424.7657 299761.850000000 -0.0000 0.0000 100.0000
20560.5075 312489.0663 424.7727 299761.860000000 -0.0000 0.0000 100.0000
20560.4290 312489.0525 424.7798 299761.870000000 -0.0000 0.0000 100.0000
20560.3505 312489.0386 424.7868 299761.880000000 -0.0000 0.0000 100.0000
20560.2721 312489.0248 424.7939 299761.890000000 -0.0000 0.0000 100.0000
20560.1936 312489.0110 424.8010 299761.900000000 -0.0000 0.0000 100.0000
20560.1151 312488.9971 424.8080 299761.910000000 -0.0000 0.0000 100.0000
20560.0366 312488.9833 424.8151 299761.920000000 -0.0000 0.0000 100.0000
20559.9582 312488.9694 424.8221 299761.930000000 -0.0000 0.0000 100.0000
20559.8797 312488.9556 424.8292 299761.940000000 -0.0000 0.0000 100.0000
20559.8012 312488.9418 424.8362 299761.950000000 -0.0000 0.0000 100.0000
20559.7227 312488.9279 424.8433 299761.960000000 -0.0000 0.0000 100.0000
20559.6442 312488.9141 424.8503 299761.970000000 -0.0000 0.0000 100.0000
20559.5658 312488.9003 424.8574 299761.980000000 -0.0000 0.0000 100.0000
20559.4873 312488.8864 424.8645 299761.990000000 -0.0000 0.0000 100.0000
20559.4088 312488.8726 424.8715 299762.000000000 -0.0000 0.0000 100.0000
20559.3303 312488.8587 424.8786 299762.010000000 -0.0000 0.0000 100.0000
20559.2519 312488.8449 424.8856 299762.020000000 -0.0000 0.0000 100.0000
20559.1734 312488.8311 424.8927 299762.030000000 -0.0000 0.0000 100.0000
20559.0949 312488.8172 424.8997 299762.040000000 -0.0000 0.0000 100.0000
20559.0164 312488.8034 424.9068 299762.050000000 -0.0000 0.0000 100.0000
20558.9380 312488.7896 424.9138 299762.060000000 -0.0000 0.0000 100.0000
20558.8595 312488.7757 424.9209 299762.070000000 -0.0000 0.0000 100.0000
20558.7810 312488.7619 424.9279 299762.080000000 -0.0000 0.0000 100.0000
20558.7025 312488.7480 424.9350 299762.090000000 -0.0000 0.0000 100.0000
20558.6240 312488.7342 424.9421 299762.100000000 -0.0000 0.0000 100.0000
20558.5456 312488.7204 424.9491 299762.110000000 -0.0000 0.0000 100.0000
20558.4671 312488.7065 424.9562 299762.120000000 -0.0000 0.0000 100.0000
20558.3886 312488.6927 424.9632 299762.130000000 -0.0000 0.0000 100.0000
20558.3101 312488.6789 424.9703 299762.140000000 -0.0000 0.0000 100.0000
20558.2317 312488.6650 424.9773 299762.150000000 -0.0000 0.0000 100.0000
20558.1532 312488.6512 424.9844 299762.160000000 -0.0000 0.0000 100.0000
20558.0747 312488.6373 424.9914 299762.170000000 -0.0000 0.0000 100.0000
20557.9962 312488.6235 424.9985 299762.180000000 -0.0000 0.0000 100.0000
20557.9177 312488.6097 425.0056 299762.190000000 -0.0000 0.0000 100.0000
20557.8393 312488.5958 425.0126 299762.200000000 -0.0000 0.0000 100.0000
20557.7608 312488.5820 425.0197 299762.210000000 -0.0000 0.0000 100.0000
20557.6823 312488.5682 425.0267 299762.220000000 -0.0000 0.0000 100.0000
20557.6038 312488.5543 425.0338 299762.230000000 -0.0000 0.0000 100.0000
20557.5254 312488.5405 425.0408 299762.240000000 -0.0000 0.0000 100.0000
20557.4469 312488.5266 425.0479 299762.250000000 -0.0000 0.0000 100.0000
20557.3684 312488.5128 425.0549 299762.260000000 -0.0000 0.0000 100.0000
20557.2899 312488.4990 425.0620 299762.270000000 -0.0000 0.0000 100.0000
20557.2114 312488.4851 425.0690 299762.280000000 -0.0000 0.0000 100.0000
20557.1330 312488.4713 425.0761 299762.290000000 -0.0000 0.0000 100.0000
20557.0545 312488.4574 425.0832 299762.300000000 -0.0000 0.0000 100.0000
20556.9760 312488.4436 425.0902 299762.310000000 -0.0000 0.0000 100.0000
20556.8975 312488.4298 425.0973 299762.320000000 -0.0000 0.0000 100.0000
20556.8191 312488.4159 425.1043 299762.330000000 -0.0000 0.0000 100.0000
20556.7406 312488.4021 425.1114 299762.340000000 -0.0000 0.0000 100.0000
20556.6621 312488.3883 425.1184 299762.350000000 -0.0000 0.0000 100.0000
20556.5836 312488.3744 425.1255 299762.360000000 -0.0000 0.0000 100.0000
20556.5051 312488.3606 425.1325 299762.370000000 -0.0000 0.0000 100.0000
20556.4267 312488.3467 425.1396 299762.380000000 -0.0000 0.0000 100.0000
20556.3482 312488.3329 425.1467 299762.390000000 -0.0000 0.0000 100.0000
20556.2697 312488.3191 425.1537 299762.400000000 -0.0000 0.0000 100.0000
20556.1912 312488.3052 425.1608 299762.410000000 -0.0000 0.0000 100.0000
20556.1128 312488.2914 425.1678 299762.420000000 -0.0000 0.0000 100.0000
20556.0343 312488.2776 425.1749 299762.430000000 -0.0000 0.0000 100.0000
20555.9558 312488.2637 425.1819 299762.440000000 -0.0000 0.0000 100.0000
20555.8773 312488.2499 425.1890 299762.450000000 -0.0000 0.0000 100.0000
20555.7988 312488.2360 425.1960 299762.460000000 -0.0000 0.0000 100.0000
20555.7204 312488.2222 425.2031 299762.470000000 -0.0000 0.0000 100.0000
20555.6419 312488.2084 425.2102 299762.480000000 -0.0000 0.0000 100.0000
20555.5634 312488.1945 425.2172 299762.490000000 -0.0000 0.0000 100.0000
20555.4849 312488.1807 425.2243 299762.500000000 -0.0000 0.0000 100.0000
20555.4065 312488.1669 425.2313 299762.510000000 -0.0000 0.0000 100.0000
20555.3280 312488.1530 425.2384 299762.520000000 -0.0000 0.0000 100.0000
20555.2495 312488.1392 425.2454 299762.530000000 -0.0000 0.0000 100.0000
20555.1710 312488.1253 425.2525 299762.540000000 -0.0000 0.0000 100.0000
20555.0925 312488.1115 425.2595 299762.550000000 -0.0000 0.0000 100.0000
20555.0141 312488.0977 425.2666 299762.560000000 -0.0000 0.0000 100.0000
20554.9356 312488.0838 425.2736 299762.570000000 -0.0000 0.0000 100.0000
20554.8571 312488.0700 425.2807 299762.580000000 -0.0000 0.0000 100.0000
20554.7786 312488.0562 425.2878 299762.590000000 -0.0000 0.0000 100.0000
20554.7002 312488.0423 425.2948 299762.600000000 -0.0000 0.0000 100.0000
20554.6217 312488.0285 425.3019 299762.610000000 -0.0000 0.0000 100.0000
20554.5432 312488.0146 425.3089 299762.620000000 -0.0000 0.0000 100.0000
20554.4647 312488.0008 425.3160 299762.630000000 -0.0000 0.0000 100.0000
20554.3862 312487.9870 425.3230 299762.640000000 -0.0000 0.0000 100.0000
20554.3078 312487.9731 425.3301 299762.650000000 -0.0000 0.0000 100.0000
20554.2293 312487.9593 425.3371 299762.660000000 -0.0000 0.0000 100.0000
20554.1508 312487.9455 425.3442 299762.670000000 -0.0000 0.0000 100.0000
20554.0723 312487.9316 425.3513 299762.680000000 -0.0000 0.0000 100.0000
20553.9939 312487.9178 425.3583 299762.690000000 -0.0000 0.0000 100.0000
20553.9154 312487.9039 425.3654 299762.700000000 -0.0000 0.0000 100.0000
20553.8369 312487.8901 425.3724 299762.710000000 -0.0000 0.0000 100.0000
20553.7584 312487.8763 425.3795 299762.720000000 -0.0000 0.0000 100.0000
20553.6799 312487.8624 425.3865 299762.730000000 -0.0000 0.0000 100.0000
20553.6015 312487.8486 425.3936 299762.740000000 -0.0000 0.0000 100.0000
20553.5230 312487.8348 425.4006 299762.750000000 -0.0000 0.0000 100.0000
20553.4445 312487.8209 425.4077 299762.760000000 -0.0000 0.0000 100.0000
20553.3660 312487.8071 425.4147 299762.770000000 -0.0000 0.0000 100.0000
20553.2876 312487.7932 425.4218 299762.780000000 -0.0000 0.0000 100.0000
20553.2091 312487.7794 425.4289 299762.790000000 -0.0000 0.0000 100.0000
20553.1306 312487.7656 425.4359 299762.800000000 -0.0000 0.0000 100.0000
20553.0521 312487.7517 425.4430 299762.810000000 -0.0000 0.0000 100.0000
20552.9736 312487.7379 425.4500 299762.820000000 -0.0000 0.0000 100.0000
20552.8952 312487.7241 425.4571 299762.830000000 -0.0000 0.0000 100.0000
20552.8167 312487.7102 425.4641 299762.840000000 -0.0000 0.0000 100.0000
20552.7382 312487.6964 425.4712 299762.850000000 -0.0000 0.0000 100.0000
20552.6597 312487.6825 425.4782 299762.860000000 -0.0000 0.0000 100.0000
20552.5813 312487.6687 425.4853 299762.870000000 -0.0000 0.0000 100.0000
20552.5028 312487.6549 425.4924 299762.880000000 -0.0000 0.0000 100.0000
20552.4243 312487.6410 425.4994 299762.890000000 -0.0000 0.0000 100.0000
20552.3458 312487.6272 425.5065 299762.900000000 -0.0000 0.0000 100.0000
20552.2673 312487.6133 425.5135 299762.910000000 -0.0000 0.0000 100.0000
20552.1889 312487.5995 425.5206 299762.920000000 -0.0000 0.0000 100.0000
20552.1104 312487.5857 425.5276 299762.930000000 -0.0000 0.0000 100.0000
20552.0319 312487.5718 425.5347 299762.940000000 -0.0000 0.0000 100.0000
20551.9534 312487.5580 425.5417 299762.950000000 -0.0000 0.0000 100.0000
20551.8750 312487.5442 425.5488 299762.960000000 -0.0000 0.0000 100.0000
20551.7965 312487.5303 425.5558 299762.970000000 -0.0000 0.0000 100.0000
20551.7180 312487.5165 425.5629 299762.980000000 -0.0000 0.0000 100.0000
20551.6395 312487.5026 425.5700 299762.990000000 -0.0000 0.0000 100.0000
20551.5611 312487.4888 425.5770 299763.000000000 -0.0000 0.0000 100.0000
20551.4826 312487.4750 425.5841 299763.010000000 -0.0000 0.0000 100.0000
20551.4041 312487.4611 425.5911 299763.020000000 -0.0000 0.0000 100.0000
20551.3256 312487.4473 425.5982 299763.030000000 -0.0000 0.0000 100.0000
20551.2471 312487.4335 425.6052 299763.040000000 -0.0000 0.0000 100.0000
20551.1687 312487.4196 425.6123 299763.050000000 -0.0000 0.0000 100.0000
20551.0902 312487.4058 425.6193 299763.060000000 -0.0000 0.0000 100.0000
20551.0117 312487.3919 425.6264 299763.070000000 -0.0000 0.0000 100.0000
20550.9332 312487.3781 425.6335 299763.080000000 -0.0000 0.0000 100.0000
20550.8548 312487.3643 425.6405 299763.090000000 -0.0000 0.0000 100.0000
20550.7763 312487.3504 425.6476 299763.100000000 -0.0000 0.0000 100.0000
20550.6978 312487.3366 425.6546 299763.110000000 -0.0000 0.0000 100.0000
20550.6193 312487.3228 425.6617 299763.120000000 -0.0000 0.0000 100.0000
20550.5408 312487.3089 425.6687 299763.130000000 -0.0000 0.0000 100.0000
20550.4624 312487.2951 425.6758 299763.140000000 -0.0000 0.0000 100.0000
20550.3839 312487.2812 425.6828 299763.150000000 -0.0000 0.0000 100.0000
20550.3054 312487.2674 425.6899 299763.160000000 -0.0000 0.0000 100.0000
20550.2269 312487.2536 425.6970 299763.170000000 -0.0000 0.0000 100.0000
20550.1485 312487.2397 425.7040 299763.180000000 -0.0000 0.0000 100.0000
20550.0700 312487.2259 425.7111 299763.190000000 -0.0000 0.0000 100.0000
20549.9915 312487.2121 425.7181 299763.200000000 -0.0000 0.0000 100.0000
20549.9130 312487.1982 425.7252 299763.210000000 -0.0000 0.0000 100.0000
20549.8345 312487.1844 425.7322 299763.220000000 -0.0000 0.0000 100.0000
20549.7561 312487.1705 425.7393 299763.230000000 -0.0000 0.0000 100.0000
20549.6776 312487.1567 425.7463 299763.240000000 -0.0000 0.0000 100.0000
20549.5991 312487.1429 425.7534 299763.250000000 -0.0000 0.0000 100.0000
20549.5206 312487.1290 425.7604 299763.260000000 -0.0000 0.0000 100.0000
20549.4422 312487.1152 425.7675 299763.270000000 -0.0000 0.0000 100.0000
20549.3637 312487.1014 425.7746 299763.280000000 -0.0000 0.0000 100.0000
20549.2852 312487.0875 425.7816 299763.290000000 -0.0000 0.0000 100.0000
20549.2067 312487.0737 425.7887 299763.300000000 -0.0000 0.0000 100.0000
20549.1282 312487.0598 425.7957 299763.310000000 -0.0000 0.0000 100.0000
20549.0498 312487.0460 425.8028 299763.320000000 -0.0000 0.0000 100.0000
20548.9713 312487.0322 425.8098 299763.330000000 -0.0000 0.0000 100.0000
20548.8928 312487.0183 425.8169 299763.340000000 -0.0000 0.0000 100.0000
20548.8143 312487.0045 425.8239 299763.350000000 -0.0000 0.0000 100.0000
20548.7359 312486.9907 425.8310 299763.360000000 -0.0000 0.0000 100.0000
20548.6574 312486.9768 425.8381 299763.370000000 -0.0000 0.0000 100.0000
20548.5789 312486.9630 425.8451 299763.380000000 -0.0000 0.0000 100.0000
20548.5004 312486.9491 425.8522 299763.390000000 -0.0000 0.0000 100.0000
20548.4219 312486.9353 425.8592 299763.400000000 -0.0000 0.0000 100.0000
20548.3435 312486.9215 425.8663 299763.410000000 -0.0000 0.0000 100.0000
20548.2650 312486.9076 425.8733 299763.420000000 -0.0000 0.0000 100.0000
20548.1865 312486.8938 425.8804 299763.430000000 -0.0000 0.0000 100.0000
20548.1080 312486.8799 425.8874 299763.440000000 -0.0000 0.0000 100.0000
20548.0296 312486.8661 425.8945 299763.450000000 -0.0000 0.0000 100.0000
20547.9511 312486.8523 425.9015 299763.460000000 -0.0000 0.0000 100.0000
20547.8726 312486.8384 425.9086 299763.470000000 -0.0000 0.0000 100.0000
20547.7941 312486.8246 425.9157 299763.480000000 -0.0000 0.0000 100.0000
20547.7156 312486.8108 425.9227 299763.490000000 -0.0000 0.0000 100.0000
20547.6372 312486.7969 425.9298 299763.500000000 -0.0000 0.0000 100.0000
20547.5587 312486.7831 425.9368 299763.510000000 -0.0000 0.0000 100.0000
20547.4802 312486.7692 425.9439 299763.520000000 -0.0000 0.0000 100.0000
20547.4017 312486.7554 425.9509 299763.530000000 -0.0000 0.0000 100.0000
20547.3233 312486.7416 425.9580 299763.540000000 -0.0000 0.0000 100.0000
20547.2448 312486.7277 425.9650 299763.550000000 -0.0000 0.0000 100.0000
20547.1663 312486.7139 425.9721 299763.560000000 -0.0000 0.0000 100.0000
20547.0878 312486.7001 425.9792 299763.570000000 -0.0000 0.0000 100.0000
20547.0093 312486.6862 425.9862 299763.580000000 -0.0000 0.0000 100.0000
20546.9309 312486.6724 425.9933 299763.590000000 -0.0000 0.0000 100.0000
20546.8524 312486.6585 426.0003 299763.600000000 -0.0000 0.0000 100.0000
20546.7739 312486.6447 426.0074 299763.610000000 -0.0000 0.0000 100.0000
20546.6954 312486.6309 426.0144 299763.620000000 -0.0000 0.0000 100.0000
20546.6170 312486.6170 426.0215 299763.630000000 -0.0000 0.0000 100.0000
20546.5385 312486.6032 426.0285 299763.640000000 -0.0000 0.0000 100.0000
20546.4600 312486.5894 426.0356 299763.650000000 -0.0000 0.0000 100.0000
20546.3815 312486.5755 426.0426 299763.660000000 -0.0000 0.0000 100.0000
20546.3030 312486.5617 426.0497 299763.670000000 -0.0000 0.0000 100.0000
20546.2246 312486.5478 426.0568 299763.680000000 -0.0000 0.0000 100.0000
20546.1461 312486.5340 426.0638 299763.690000000 -0.0000 0.0000 100.0000
20546.0676 312486.5202 426.0709 299763.700000000 -0.0000 0.0000 100.0000
20545.9891 312486.5063 426.0779 299763.710000000 -0.0000 0.0000 100.0000
20545.9107 312486.4925 426.0850 299763.720000000 -0.0000 0.0000 100.0000
20545.8322 312486.4787 426.0920 299763.730000000 -0.0000 0.0000 100.0000
20545.7537 312486.4648 426.0991 299763.740000000 -0.0000 0.0000 100.0000
20545.6752 312486.4510 426.1061 299763.750000000 -0.0000 0.0000 100.0000
20545.5967 312486.4371 426.1132 299763.760000000 -0.0000 0.0000 100.0000
20545.5183 312486.4233 426.1203 299763.770000000 -0.0000 0.0000 100.0000
20545.4398 312486.4095 426.1273 299763.780000000 -0.0000 0.0000 100.0000
20545.3613 312486.3956 426.1344 299763.790000000 -0.0000 0.0000 100.0000
20545.2828 312486.3818 426.1414 299763.800000000 -0.0000 0.0000 100.0000
20545.2044 312486.3680 426.1485 299763.810000000 -0.0000 0.0000 100.0000
20545.1259 312486.3541 426.1555 299763.820000000 -0.0000 0.0000 100.0000
20545.0474 312486.3403 426.1626 299763.830000000 -0.0000 0.0000 100.0000
20544.9689 312486.3264 426.1696 299763.840000000 -0.0000 0.0000 100.0000
20544.8904 312486.3126 426.1767 299763.850000000 -0.0000 0.0000 100.0000
20544.8120 312486.2988 426.1838 299763.860000000 -0.0000 0.0000 100.0000
20544.7335 312486.2849 426.1908 299763.870000000 -0.0000 0.0000 100.0000
20544.6550 312486.2711 426.1979 299763.880000000 -0.0000 0.0000 100.0000
20544.5765 312486.2573 426.2049 299763.890000000 -0.0000 0.0000 100.0000
20544.4981 312486.2434 426.2120 299763.900000000 -0.0000 0.0000 100.0000
20544.4196 312486.2296 426.2190 299763.910000000 -0.0000 0.0000 100.0000
20544.3411 312486.2157 426.2261 299763.920000000 -0.0000 0.0000 100.0000
20544.2626 312486.2019 426.2331 299763.930000000 -0.0000 0.0000 100.0000
20544.1842 312486.1881 426.2402 299763.940000000 -0.0000 0.0000 100.0000
20544.1057 312486.1742 426.2472 299763.950000000 -0.0000 0.0000 100.0000
20544.0272 312486.1604 426.2543 299763.960000000 -0.0000 0.0000 100.0000
20543.9487 312486.1465 426.2614 299763.970000000 -0.0000 0.0000 100.0000
20543.8702 312486.1327 426.2684 299763.980000000 -0.0000 0.0000 100.0000
20543.7918 312486.1189 426.2755 299763.990000000 -0.0000 0.0000 100.0000
20543.7133 312486.1050 426.2825 299764.000000000 -0.0000 0.0000 100.0000
20543.6348 312486.0912 426.2896 299764.010000000 -0.0000 0.0000 100.0000
20543.5563 312486.0774 426.2966 299764.020000000 -0.0000 0.0000 100.0000
20543.4779 312486.0635 426.3037 299764.030000000 -0.0000 0.0000 100.0000
20543.3994 312486.0497 426.3107 299764.040000000 -0.0000 0.0000 100.0000
20543.3209 312486.0358 426.3178 299764.050000000 -0.0000 0.0000 100.0000
20543.2424 312486.0220 426.3249 299764.060000000 -0.0000 0.0000 100.0000
20543.1639 312486.0082 426.3319 299764.070000000 -0.0000 0.0000 100.0000
20543.0855 312485.9943 426.3390 299764.080000000 -0.0000 0.0000 100.0000
20543.0070 312485.9805 426.3460 299764.090000000 -0.0000 0.0000 100.0000
20542.9285 312485.9667 426.3531 299764.100000000 -0.0000 0.0000 100.0000
20542.8500 312485.9528 426.3601 299764.110000000 -0.0000 0.0000 100.0000
20542.7716 312485.9390 426.3672 299764.120000000 -0.0000 0.0000 100.0000
20542.6931 312485.9251 426.3742 299764.130000000 -0.0000 0.0000 100.0000
20542.6146 312485.9113 426.3813 299764.140000000 -0.0000 0.0000 100.0000
20542.5361 312485.8975 426.3883 299764.150000000 -0.0000 0.0000 100.0000
20542.4576 312485.8836 426.3954 299764.160000000 -0.0000 0.0000 100.0000
20542.3792 312485.8698 426.4025 299764.170000000 -0.0000 0.0000 100.0000
20542.3007 312485.8560 426.4095 299764.180000000 -0.0000 0.0000 100.0000
20542.2222 312485.8421 426.4166 299764.190000000 -0.0000 0.0000 100.0000
20542.1437 312485.8283 426.4236 299764.200000000 -0.0000 0.0000 100.0000
20542.0653 312485.8144 426.4307 299764.210000000 -0.0000 0.0000 100.0000
20541.9868 312485.8006 426.4377 299764.220000000 -0.0000 0.0000 100.0000
20541.9083 312485.7868 426.4448 299764.230000000 -0.0000 0.0000 100.0000
20541.8298 312485.7729 426.4518 299764.240000000 -0.0000 0.0000 100.0000
20541.7513 312485.7591 426.4589 299764.250000000 -0.0000 0.0000 100.0000
20541.6729 312485.7453 426.4660 299764.260000000 -0.0000 0.0000 100.0000
20541.5944 312485.7314 426.4730 299764.270000000 -0.0000 0.0000 100.0000
20541.5159 312485.7176 426.4801 299764.280000000 -0.0000 0.0000 100.0000
20541.4374 312485.7037 426.4871 299764.290000000 -0.0000 0.0000 100.0000
20541.3590 312485.6899 426.4942 299764.300000000 -0.0000 0.0000 100.0000
20541.2805 312485.6761 426.5012 299764.310000000 -0.0000 0.0000 100.0000
20541.2020 312485.6622 426.5083 299764.320000000 -0.0000 0.0000 100.0000
20541.1235 312485.6484 426.5153 299764.330000000 -0.0000 0.0000 100.0000
20541.0450 312485.6346 426.5224 299764.340000000 -0.0000 0.0000 100.0000
20540.9666 312485.6207 426.5294 299764.350000000 -0.0000 0.0000 100.0000
20540.8881 312485.6069 426.5365 299764.360000000 -0.0000 0.0000 100.0000
20540.8096 312485.5930 426.5436 299764.370000000 -0.0000 0.0000 100.0000
20540.7311 312485.5792 426.5506 299764.380000000 -0.0000 0.0000 100.0000
20540.6527 312485.5654 426.5577 299764.390000000 -0.0000 0.0000 100.0000
20540.5742 312485.5515 426.5647 299764.400000000 -0.0000 0.0000 100.0000
20540.4957 312485.5377 426.5718 299764.410000000 -0.0000 0.0000 100.0000
20540.4172 312485.5239 426.5788 299764.420000000 -0.0000 0.0000 100.0000
20540.3387 312485.5100 426.5859 299764.430000000 -0.0000 0.0000 100.0000
20540.2603 312485.4962 426.5929 299764.440000000 -0.0000 0.0000 100.0000
20540.1818 312485.4823 426.6000 299764.450000000 -0.0000 0.0000 100.0000
20540.1033 312485.4685 426.6071 299764.460000000 -0.0000 0.0000 100.0000
20540.0248 312485.4547 426.6141 299764.470000000 -0.0000 0.0000 100.0000
20539.9464 312485.4408 426.6212 299764.480000000 -0.0000 0.0000 100.0000
20539.8679 312485.4270 426.6282 299764.490000000 -0.0000 0.0000 100.0000
20539.7894 312485.4131 426.6353 299764.500000000 -0.0000 0.0000 100.0000
20539.7109 312485.3993 426.6423 299764.510000000 -0.0000 0.0000 100.0000
20539.6324 312485.3855 426.6494 299764.520000000 -0.0000 0.0000 100.0000
20539.5540 312485.3716 426.6564 299764.530000000 -0.0000 0.0000 100.0000
20539.4755 312485.3578 426.6635 299764.540000000 -0.0000 0.0000 100.0000
20539.3970 312485.3440 426.6706 299764.550000000 -0.0000 0.0000 100.0000
20539.3185 312485.3301 426.6776 299764.560000000 -0.0000 0.0000 100.0000
20539.2401 312485.3163 426.6847 299764.570000000 -0.0000 0.0000 100.0000
20539.1616 312485.3024 426.6917 299764.580000000 -0.0000 0.0000 100.0000
20539.0831 312485.2886 426.6988 299764.590000000 -0.0000 0.0000 100.0000
20539.0046 312485.2748 426.7058 299764.600000000 -0.0000 0.0000 100.0000
20538.9261 312485.2609 426.7129 299764.610000000 -0.0000 0.0000 100.0000
20538.8477 312485.2471 426.7199 299764.620000000 -0.0000 0.0000 100.0000
20538.7692 312485.2333 426.7270 299764.630000000 -0.0000 0.0000 100.0000
20538.6907 312485.2194 426.7340 299764.640000000 -0.0000 0.0000 100.0000
20538.6122 312485.2056 426.7411 299764.650000000 -0.0000 0.0000 100.0000
20538.5338 312485.1917 426.7482 299764.660000000 -0.0000 0.0000 100.0000
20538.4553 312485.1779 426.7552 299764.670000000 -0.0000 0.0000 100.0000
20538.3768 312485.1641 426.7623 299764.680000000 -0.0000 0.0000 100.0000
20538.2983 312485.1502 426.7693 299764.690000000 -0.0000 0.0000 100.0000
20538.2198 312485.1364 426.7764 299764.700000000 -0.0000 0.0000 100.0000
20538.1414 312485.1226 426.7834 299764.710000000 -0.0000 0.0000 100.0000
20538.0629 312485.1087 426.7905 299764.720000000 -0.0000 0.0000 100.0000
20537.9844 312485.0949 426.7975 299764.730000000 -0.0000 0.0000 100.0000
20537.9059 312485.0810 426.8046 299764.740000000 -0.0000 0.0000 100.0000
20537.8275 312485.0672 426.8117 299764.750000000 -0.0000 0.0000 100.0000
20537.7490 312485.0534 426.8187 299764.760000000 -0.0000 0.0000 100.0000
20537.6705 312485.0395 426.8258 299764.770000000 -0.0000 0.0000 100.0000
20537.5920 312485.0257 426.8328 299764.780000000 -0.0000 0.0000 100.0000
20537.5135 312485.0119 426.8399 299764.790000000 -0.0000 0.0000 100.0000
20537.4351 312484.9980 426.8469 299764.800000000 -0.0000 0.0000 100.0000
20537.3566 312484.9842 426.8540 299764.810000000 -0.0000 0.0000 100.0000
20537.2781 312484.9703 426.8610 299764.820000000 -0.0000 0.0000 100.0000
20537.1996 312484.9565 426.8681 299764.830000000 -0.0000 0.0000 100.0000
20537.1212 312484.9427 426.8751 299764.840000000 -0.0000 0.0000 100.0000
20537.0427 312484.9288 426.8822 299764.850000000 -0.0000 0.0000 100.0000
20536.9642 312484.9150 426.8893 299764.860000000 -0.0000 0.0000 100.0000
20536.8857 312484.9012 426.8963 299764.870000000 -0.0000 0.0000 100.0000
20536.8073 312484.8873 426.9034 299764.880000000 -0.0000 0.0000 100.0000
20536.7288 312484.8735 426.9104 299764.890000000 -0.0000 0.0000 100.0000
20536.6503 312484.8596 426.9175 299764.900000000 -0.0000 0.0000 100.0000
20536.5718 312484.8458 426.9245 299764.910000000 -0.0000 0.0000 100.0000
20536.4933 312484.8320 426.9316 299764.920000000 -0.0000 0.0000 100.0000
20536.4149 312484.8181 426.9386 299764.930000000 -0.0000 0.0000 100.0000
20536.3364 312484.8043 426.9457 299764.940000000 -0.0000 0.0000 100.0000
20536.2579 312484.7905 426.9528 299764.950000000 -0.0000 0.0000 100.0000
20536.1794 312484.7766 426.9598 299764.960000000 -0.0000 0.0000 100.0000
20536.1010 312484.7628 426.9669 299764.970000000 -0.0000 0.0000 100.0000
20536.0225 312484.7489 426.9739 299764.980000000 -0.0000 0.0000 100.0000
20535.9440 312484.7351 426.9810 299764.990000000 -0.0000 0.0000 100.0000
20535.8655 312484.7213 426.9880 299765.000000000 -0.0000 0.0000 100.0000
20535.7870 312484.7074 426.9951 299765.010000000 -0.0000 0.0000 100.0000
20535.7086 312484.6936 427.0021 299765.020000000 -0.0000 0.0000 100.0000
20535.6301 312484.6797 427.0092 299765.030000000 -0.0000 0.0000 100.0000
20535.5516 312484.6659 427.0162 299765.040000000 -0.0000 0.0000 100.0000
20535.4731 312484.6521 427.0233 299765.050000000 -0.0000 0.0000 100.0000
20535.3947 312484.6382 427.0304 299765.060000000 -0.0000 0.0000 100.0000
20535.3162 312484.6244 427.0374 299765.070000000 -0.0000 0.0000 100.0000
20535.2377 312484.6106 427.0445 299765.080000000 -0.0000 0.0000 100.0000
20535.1592 312484.5967 427.0515 299765.090000000 -0.0000 0.0000 100.0000
20535.0807 312484.5829 427.0586 299765.100000000 -0.0000 0.0000 100.0000
20535.0023 312484.5690 427.0656 299765.110000000 -0.0000 0.0000 100.0000
20534.9238 312484.5552 427.0727 299765.120000000 -0.0000 0.0000 100.0000
20534.8453 312484.5414 427.0797 299765.130000000 -0.0000 0.0000 100.0000
20534.7668 312484.5275 427.0868 299765.140000000 -0.0000 0.0000 100.0000
20534.6884 312484.5137 427.0939 299765.150000000 -0.0000 0.0000 100.0000
20534.6099 312484.4999 427.1009 299765.160000000 -0.0000 0.0000 100.0000
20534.5314 312484.4860 427.1080 299765.170000000 -0.0000 0.0000 100.0000
20534.4529 312484.4722 427.1150 299765.180000000 -0.0000 0.0000 100.0000
20534.3744 312484.4583 427.1221 299765.190000000 -0.0000 0.0000 100.0000
20534.2960 312484.4445 427.1291 299765.200000000 -0.0000 0.0000 100.0000
20534.2175 312484.4307 427.1362 299765.210000000 -0.0000 0.0000 100.0000
20534.1390 312484.4168 427.1432 299765.220000000 -0.0000 0.0000 100.0000
20534.0605 312484.4030 427.1503 299765.230000000 -0.0000 0.0000 100.0000
20533.9821 312484.3892 427.1574 299765.240000000 -0.0000 0.0000 100.0000
20533.9036 312484.3753 427.1644 299765.250000000 -0.0000 0.0000 100.0000
20533.8251 312484.3615 427.1715 299765.260000000 -0.0000 0.0000 100.0000
20533.7466 312484.3476 427.1785 299765.270000000 -0.0000 0.0000 100.0000
20533.6681 312484.3338 427.1856 299765.280000000 -0.0000 0.0000 100.0000
20533.5897 312484.3200 427.1926 299765.290000000 -0.0000 0.0000 100.0000
20533.5112 312484.3061 427.1997 299765.300000000 -0.0000 0.0000 100.0000
20533.4327 312484.2923 427.2067 299765.310000000 -0.0000 0.0000 100.0000
20533.3542 312484.2785 427.2138 299765.320000000 -0.0000 0.0000 100.0000
20533.2758 312484.2646 427.2208 299765.330000000 -0.0000 0.0000 100.0000
20533.1973 312484.2508 427.2279 299765.340000000 -0.0000 0.0000 100.0000
20533.1188 312484.2369 427.2350 299765.350000000 -0.0000 0.0000 100.0000
20533.0403 312484.2231 427.2420 299765.360000000 -0.0000 0.0000 100.0000
20532.9618 312484.2093 427.2491 299765.370000000 -0.0000 0.0000 100.0000
20532.8834 312484.1954 427.2561 299765.380000000 -0.0000 0.0000 100.0000
20532.8049 312484.1816 427.2632 299765.390000000 -0.0000 0.0000 100.0000
20532.7264 312484.1678 427.2702 299765.400000000 -0.0000 0.0000 100.0000
20532.6479 312484.1539 427.2773 299765.410000000 -0.0000 0.0000 100.0000
20532.5695 312484.1401 427.2843 299765.420000000 -0.0000 0.0000 100.0000
20532.4910 312484.1262 427.2914 299765.430000000 -0.0000 0.0000 100.0000
20532.4125 312484.1124 427.2985 299765.440000000 -0.0000 0.0000 100.0000
20532.3340 312484.0986 427.3055 299765.450000000 -0.0000 0.0000 100.0000
20532.2555 312484.0847 427.3126 299765.460000000 -0.0000 0.0000 100.0000
20532.1771 312484.0709 427.3196 299765.470000000 -0.0000 0.0000 100.0000
20532.0986 312484.0571 427.3267 299765.480000000 -0.0000 0.0000 100.0000
20532.0201 312484.0432 427.3337 299765.490000000 -0.0000 0.0000 100.0000
20531.9416 312484.0294 427.3408 299765.500000000 -0.0000 0.0000 100.0000
20531.8632 312484.0155 427.3478 299765.510000000 -0.0000 0.0000 100.0000
20531.7847 312484.0017 427.3549 299765.520000000 -0.0000 0.0000 100.0000
20531.7062 312483.9879 427.3619 299765.530000000 -0.0000 0.0000 100.0000
20531.6277 312483.9740 427.3690 299765.540000000 -0.0000 0.0000 100.0000
20531.5492 312483.9602 427.3761 299765.550000000 -0.0000 0.0000 100.0000
20531.4708 312483.9464 427.3831 299765.560000000 -0.0000 0.0000 100.0000
20531.3923 312483.9325 427.3902 299765.570000000 -0.0000 0.0000 100.0000
20531.3138 312483.9187 427.3972 299765.580000000 -0.0000 0.0000 100.0000
20531.2353 312483.9048 427.4043 299765.590000000 -0.0000 0.0000 100.0000
20531.1569 312483.8910 427.4113 299765.600000000 -0.0000 0.0000 100.0000
20531.0784 312483.8772 427.4184 299765.610000000 -0.0000 0.0000 100.0000
20530.9999 312483.8633 427.4254 299765.620000000 -0.0000 0.0000 100.0000
20530.9214 312483.8495 427.4325 299765.630000000 -0.0000 0.0000 100.0000
20530.8429 312483.8356 427.4396 299765.640000000 -0.0000 0.0000 100.0000
20530.7645 312483.8218 427.4466 299765.650000000 -0.0000 0.0000 100.0000
20530.6860 312483.8080 427.4537 299765.660000000 -0.0000 0.0000 100.0000
20530.6075 312483.7941 427.4607 299765.670000000 -0.0000 0.0000 100.0000
20530.5290 312483.7803 427.4678 299765.680000000 -0.0000 0.0000 100.0000
20530.4506 312483.7665 427.4748 299765.690000000 -0.0000 0.0000 100.0000
20530.3721 312483.7526 427.4819 299765.700000000 -0.0000 0.0000 100.0000
20530.2936 312483.7388 427.4889 299765.710000000 -0.0000 0.0000 100.0000
20530.2151 312483.7249 427.4960 299765.720000000 -0.0000 0.0000 100.0000
20530.1366 312483.7111 427.5030 299765.730000000 -0.0000 0.0000 100.0000
20530.0582 312483.6973 427.5101 299765.740000000 -0.0000 0.0000 100.0000
20529.9797 312483.6834 427.5172 299765.750000000 -0.0000 0.0000 100.0000
20529.9012 312483.6696 427.5242 299765.760000000 -0.0000 0.0000 100.0000
20529.8227 312483.6558 427.5313 299765.770000000 -0.0000 0.0000 100.0000
20529.7443 312483.6419 427.5383 299765.780000000 -0.0000 0.0000 100.0000
20529.6658 312483.6281 427.5454 299765.790000000 -0.0000 0.0000 100.0000
20529.5873 312483.6142 427.5524 299765.800000000 -0.0000 0.0000 100.0000
20529.5088 312483.6004 427.5595 299765.810000000 -0.0000 0.0000 100.0000
20529.4304 312483.5866 427.5665 299765.820000000 -0.0000 0.0000 100.0000
20529.3519 312483.5727 427.5736 299765.830000000 -0.0000 0.0000 100.0000
20529.2734 312483.5589 427.5807 299765.840000000 -0.0000 0.0000 100.0000
20529.1949 312483.5451 427.5877 299765.850000000 -0.0000 0.0000 100.0000
20529.1164 312483.5312 427.5948 299765.860000000 -0.0000 0.0000 100.0000
20529.0380 312483.5174 427.6018 299765.870000000 -0.0000 0.0000 100.0000
20528.9595 312483.5035 427.6089 299765.880000000 -0.0000 0.0000 100.0000
20528.8810 312483.4897 427.6159 299765.890000000 -0.0000 0.0000 100.0000
20528.8025 312483.4759 427.6230 299765.900000000 -0.0000 0.0000 100.0000
20528.7241 312483.4620 427.6300 299765.910000000 -0.0000 0.0000 100.0000
20528.6456 312483.4482 427.6371 299765.920000000 -0.0000 0.0000 100.0000
20528.5671 312483.4344 427.6442 299765.930000000 -0.0000 0.0000 100.0000
20528.4886 312483.4205 427.6512 299765.940000000 -0.0000 0.0000 100.0000
20528.4101 312483.4067 427.6583 299765.950000000 -0.0000 0.0000 100.0000
20528.3317 312483.3928 427.6653 299765.960000000 -0.0000 0.0000 100.0000
20528.2532 312483.3790 427.6724 299765.970000000 -0.0000 0.0000 100.0000
20528.1747 312483.3652 427.6794 299765.980000000 -0.0000 0.0000 100.0000
20528.0962 312483.3513 427.6865 299765.990000000 -0.0000 0.0000 100.0000
20528.0178 312483.3375 427.6935 299766.000000000 -0.0000 0.0000 100.0000
20527.9393 312483.3237 427.7006 299766.010000000 -0.0000 0.0000 100.0000
20527.8608 312483.3098 427.7076 299766.020000000 -0.0000 0.0000 100.0000
20527.7823 312483.2960 427.7147 299766.030000000 -0.0000 0.0000 100.0000
20527.7038 312483.2821 427.7218 299766.040000000 -0.0000 0.0000 100.0000
20527.6254 312483.2683 427.7288 299766.050000000 -0.0000 0.0000 100.0000
20527.5469 312483.2545 427.7359 299766.060000000 -0.0000 0.0000 100.0000
20527.4684 312483.2406 427.7429 299766.070000000 -0.0000 0.0000 100.0000
20527.3899 312483.2268 427.7500 299766.080000000 -0.0000 0.0000 100.0000
20527.3115 312483.2130 427.7570 299766.090000000 -0.0000 0.0000 100.0000
20527.2330 312483.1991 427.7641 299766.100000000 -0.0000 0.0000 100.0000
20527.1545 312483.1853 427.7711 299766.110000000 -0.0000 0.0000 100.0000
20527.0760 312483.1714 427.7782 299766.120000000 -0.0000 0.0000 100.0000
20526.9975 312483.1576 427.7853 299766.130000000 -0.0000 0.0000 100.0000
20526.9191 312483.1438 427.7923 299766.140000000 -0.0000 0.0000 100.0000
20526.8406 312483.1299 427.7994 299766.150000000 -0.0000 0.0000 100.0000
20526.7621 312483.1161 427.8064 299766.160000000 -0.0000 0.0000 100.0000
20526.6836 312483.1022 427.8135 299766.170000000 -0.0000 0.0000 100.0000
20526.6052 312483.0884 427.8205 299766.180000000 -0.0000 0.0000 100.0000
20526.5267 312483.0746 427.8276 299766.190000000 -0.0000 0.0000 100.0000
20526.4482 312483.0607 427.8346 299766.200000000 -0.0000 0.0000 100.0000
20526.3697 312483.0469 427.8417 299766.210000000 -0.0000 0.0000 100.0000
20526.2912 312483.0331 427.8487 299766.220000000 -0.0000 0.0000 100.0000
20526.2128 312483.0192 427.8558 299766.230000000 -0.0000 0.0000 100.0000
20526.1343 312483.0054 427.8629 299766.240000000 -0.0000 0.0000 100.0000
20526.0558 312482.9915 427.8699 299766.250000000 -0.0000 0.0000 100.0000
20525.9773 312482.9777 427.8770 299766.260000000 -0.0000 0.0000 100.0000
20525.8989 312482.9639 427.8840 299766.270000000 -0.0000 0.0000 100.0000
20525.8204 312482.9500 427.8911 299766.280000000 -0.0000 0.0000 100.0000
20525.7419 312482.9362 427.8981 299766.290000000 -0.0000 0.0000 100.0000
20525.6634 312482.9224 427.9052 299766.300000000 -0.0000 0.0000 100.0000
20525.5849 312482.9085 427.9122 299766.310000000 -0.0000 0.0000 100.0000
20525.5065 312482.8947 427.9193 299766.320000000 -0.0000 0.0000 100.0000
20525.4280 312482.8808 427.9264 299766.330000000 -0.0000 0.0000 100.0000
20525.3495 312482.8670 427.9334 299766.340000000 -0.0000 0.0000 100.0000
20525.2710 312482.8532 427.9405 299766.350000000 -0.0000 0.0000 100.0000
20525.1926 312482.8393 427.9475 299766.360000000 -0.0000 0.0000 100.0000
20525.1141 312482.8255 427.9546 299766.370000000 -0.0000 0.0000 100.0000
20525.0356 312482.8117 427.9616 299766.380000000 -0.0000 0.0000 100.0000
20524.9571 312482.7978 427.9687 299766.390000000 -0.0000 0.0000 100.0000
20524.8786 312482.7840 427.9757 299766.400000000 -0.0000 0.0000 100.0000
20524.8002 312482.7701 427.9828 299766.410000000 -0.0000 0.0000 100.0000
20524.7217 312482.7563 427.9898 299766.420000000 -0.0000 0.0000 100.0000
20524.6432 312482.7425 427.9969 299766.430000000 -0.0000 0.0000 100.0000
20524.5647 312482.7286 428.0040 299766.440000000 -0.0000 0.0000 100.0000
20524.4863 312482.7148 428.0110 299766.450000000 -0.0000 0.0000 100.0000
20524.4078 312482.7010 428.0181 299766.460000000 -0.0000 0.0000 100.0000
20524.3293 312482.6871 428.0251 299766.470000000 -0.0000 0.0000 100.0000
20524.2508 312482.6733 428.0322 299766.480000000 -0.0000 0.0000 100.0000
20524.1723 312482.6594 428.0392 299766.490000000 -0.0000 0.0000 100.0000
20524.0939 312482.6456 428.0463 299766.500000000 -0.0000 0.0000 100.0000
20524.0154 312482.6318 428.0533 299766.510000000 -0.0000 0.0000 100.0000
20523.9369 312482.6179 428.0604 299766.520000000 -0.0000 0.0000 100.0000
20523.8584 312482.6041 428.0675 299766.530000000 -0.0000 0.0000 100.0000
20523.7800 312482.5903 428.0745 299766.540000000 -0.0000 0.0000 100.0000
20523.7015 312482.5764 428.0816 299766.550000000 -0.0000 0.0000 100.0000
20523.6230 312482.5626 428.0886 299766.560000000 -0.0000 0.0000 100.0000
20523.5445 312482.5487 428.0957 299766.570000000 -0.0000 0.0000 100.0000
20523.4660 312482.5349 428.1027 299766.580000000 -0.0000 0.0000 100.0000
20523.3876 312482.5211 428.1098 299766.590000000 -0.0000 0.0000 100.0000
20523.3091 312482.5072 428.1168 299766.600000000 -0.0000 0.0000 100.0000
20523.2306 312482.4934 428.1239 299766.610000000 -0.0000 0.0000 100.0000
20523.1521 312482.4796 428.1310 299766.620000000 -0.0000 0.0000 100.0000
20523.0737 312482.4657 428.1380 299766.630000000 -0.0000 0.0000 100.0000
20522.9952 312482.4519 428.1451 299766.640000000 -0.0000 0.0000 100.0000
20522.9167 312482.4380 428.1521 299766.650000000 -0.0000 0.0000 100.0000
20522.8382 312482.4242 428.1592 299766.660000000 -0.0000 0.0000 100.0000
20522.7597 312482.4104 428.1662 299766.670000000 -0.0000 0.0000 100.0000
20522.6813 312482.3965 428.1733 299766.680000000 -0.0000 0.0000 100.0000
20522.6028 312482.3827 428.1803 299766.690000000 -0.0000 0.0000 100.0000
20522.5243 312482.3688 428.1874 299766.700000000 -0.0000 0.0000 100.0000
20522.4458 312482.3550 428.1944 299766.710000000 -0.0000 0.0000 100.0000
20522.3674 312482.3412 428.2015 299766.720000000 -0.0000 0.0000 100.0000
20522.2889 312482.3273 428.2086 299766.730000000 -0.0000 0.0000 100.0000
20522.2104 312482.3135 428.2156 299766.740000000 -0.0000 0.0000 100.0000
20522.1319 312482.2997 428.2227 299766.750000000 -0.0000 0.0000 100.0000
20522.0535 312482.2858 428.2297 299766.760000000 -0.0000 0.0000 100.0000
20521.9750 312482.2720 428.2368 299766.770000000 -0.0000 0.0000 100.0000
20521.8965 312482.2581 428.2438 299766.780000000 -0.0000 0.0000 100.0000
20521.8180 312482.2443 428.2509 299766.790000000 -0.0000 0.0000 100.0000
20521.7395 312482.2305 428.2579 299766.800000000 -0.0000 0.0000 100.0000
20521.6611 312482.2166 428.2650 299766.810000000 -0.0000 0.0000 100.0000
20521.5826 312482.2028 428.2721 299766.820000000 -0.0000 0.0000 100.0000
20521.5041 312482.1890 428.2791 299766.830000000 -0.0000 0.0000 100.0000
20521.4256 312482.1751 428.2862 299766.840000000 -0.0000 0.0000 100.0000
20521.3472 312482.1613 428.2932 299766.850000000 -0.0000 0.0000 100.0000
20521.2687 312482.1474 428.3003 299766.860000000 -0.0000 0.0000 100.0000
20521.1902 312482.1336 428.3073 299766.870000000 -0.0000 0.0000 100.0000
20521.1117 312482.1198 428.3144 299766.880000000 -0.0000 0.0000 100.0000
20521.0332 312482.1059 428.3214 299766.890000000 -0.0000 0.0000 100.0000
20520.9548 312482.0921 428.3285 299766.900000000 -0.0000 0.0000 100.0000
20520.8763 312482.0783 428.3355 299766.910000000 -0.0000 0.0000 100.0000
20520.7978 312482.0644 428.3426 299766.920000000 -0.0000 0.0000 100.0000
20520.7193 312482.0506 428.3497 299766.930000000 -0.0000 0.0000 100.0000
20520.6409 312482.0367 428.3567 299766.940000000 -0.0000 0.0000 100.0000
20520.5624 312482.0229 428.3638 299766.950000000 -0.0000 0.0000 100.0000
20520.4839 312482.0091 428.3708 299766.960000000 -0.0000 0.0000 100.0000
20520.4054 312481.9952 428.3779 299766.970000000 -0.0000 0.0000 100.0000
20520.3269 312481.9814 428.3849 299766.980000000 -0.0000 0.0000 100.0000
20520.2485 312481.9676 428.3920 299766.990000000 -0.0000 0.0000 100.0000
20520.1700 312481.9537 428.3990 299767.000000000 -0.0000 0.0000 100.0000
20520.0915 312481.9399 428.4061 299767.010000000 -0.0000 0.0000 100.0000
20520.0130 312481.9260 428.4132 299767.020000000 -0.0000 0.0000 100.0000
20519.9346 312481.9122 428.4202 299767.030000000 -0.0000 0.0000 100.0000
20519.8561 312481.8984 428.4273 299767.040000000 -0.0000 0.0000 100.0000
20519.7776 312481.8845 428.4343 299767.050000000 -0.0000 0.0000 100.0000
20519.6991 312481.8707 428.4414 299767.060000000 -0.0000 0.0000 100.0000
20519.6206 312481.8569 428.4484 299767.070000000 -0.0000 0.0000 100.0000
20519.5422 312481.8430 428.4555 299767.080000000 -0.0000 0.0000 100.0000
20519.4637 312481.8292 428.4625 299767.090000000 -0.0000 0.0000 100.0000
20519.3852 312481.8153 428.4696 299767.100000000 -0.0000 0.0000 100.0000
20519.3067 312481.8015 428.4766 299767.110000000 -0.0000 0.0000 100.0000
20519.2283 312481.7877 428.4837 299767.120000000 -0.0000 0.0000 100.0000
20519.1498 312481.7738 428.4908 299767.130000000 -0.0000 0.0000 100.0000
20519.0713 312481.7600 428.4978 299767.140000000 -0.0000 0.0000 100.0000
20518.9928 312481.7462 428.5049 299767.150000000 -0.0000 0.0000 100.0000
20518.9143 312481.7323 428.5119 299767.160000000 -0.0000 0.0000 100.0000
20518.8359 312481.7185 428.5190 299767.170000000 -0.0000 0.0000 100.0000
20518.7574 312481.7046 428.5260 299767.180000000 -0.0000 0.0000 100.0000
20518.6789 312481.6908 428.5331 299767.190000000 -0.0000 0.0000 100.0000
20518.6004 312481.6770 428.5401 299767.200000000 -0.0000 0.0000 100.0000
20518.5220 312481.6631 428.5472 299767.210000000 -0.0000 0.0000 100.0000
20518.4435 312481.6493 428.5543 299767.220000000 -0.0000 0.0000 100.0000
20518.3650 312481.6354 428.5613 299767.230000000 -0.0000 0.0000 100.0000
20518.2865 312481.6216 428.5684 299767.240000000 -0.0000 0.0000 100.0000
20518.2080 312481.6078 428.5754 299767.250000000 -0.0000 0.0000 100.0000
20518.1296 312481.5939 428.5825 299767.260000000 -0.0000 0.0000 100.0000
20518.0511 312481.5801 428.5895 299767.270000000 -0.0000 0.0000 100.0000
20517.9726 312481.5663 428.5966 299767.280000000 -0.0000 0.0000 100.0000
20517.8941 312481.5524 428.6036 299767.290000000 -0.0000 0.0000 100.0000
20517.8157 312481.5386 428.6107 299767.300000000 -0.0000 0.0000 100.0000
20517.7372 312481.5247 428.6177 299767.310000000 -0.0000 0.0000 100.0000
20517.6587 312481.5109 428.6248 299767.320000000 -0.0000 0.0000 100.0000
20517.5802 312481.4971 428.6319 299767.330000000 -0.0000 0.0000 100.0000
20517.5017 312481.4832 428.6389 299767.340000000 -0.0000 0.0000 100.0000
20517.4233 312481.4694 428.6460 299767.350000000 -0.0000 0.0000 100.0000
20517.3448 312481.4556 428.6530 299767.360000000 -0.0000 0.0000 100.0000
20517.2663 312481.4417 428.6601 299767.370000000 -0.0000 0.0000 100.0000
20517.1878 312481.4279 428.6671 299767.380000000 -0.0000 0.0000 100.0000
20517.1094 312481.4140 428.6742 299767.390000000 -0.0000 0.0000 100.0000
20517.0309 312481.4002 428.6812 299767.400000000 -0.0000 0.0000 100.0000
20516.9524 312481.3864 428.6883 299767.410000000 -0.0000 0.0000 100.0000
20516.8739 312481.3725 428.6954 299767.420000000 -0.0000 0.0000 100.0000
20516.7954 312481.3587 428.7024 299767.430000000 -0.0000 0.0000 100.0000
20516.7170 312481.3449 428.7095 299767.440000000 -0.0000 0.0000 100.0000
20516.6385 312481.3310 428.7165 299767.450000000 -0.0000 0.0000 100.0000
20516.5600 312481.3172 428.7236 299767.460000000 -0.0000 0.0000 100.0000
20516.4815 312481.3033 428.7306 299767.470000000 -0.0000 0.0000 100.0000
20516.4031 312481.2895 428.7377 299767.480000000 -0.0000 0.0000 100.0000
20516.3246 312481.2757 428.7447 299767.490000000 -0.0000 0.0000 100.0000
20516.2461 312481.2618 428.7518 299767.500000000 -0.0000 0.0000 100.0000
20516.1676 312481.2480 428.7589 299767.510000000 -0.0000 0.0000 100.0000
20516.0891 312481.2342 428.7659 299767.520000000 -0.0000 0.0000 100.0000
20516.0107 312481.2203 428.7730 299767.530000000 -0.0000 0.0000 100.0000
20515.9322 312481.2065 428.7800 299767.540000000 -0.0000 0.0000 100.0000
20515.8537 312481.1926 428.7871 299767.550000000 -0.0000 0.0000 100.0000
20515.7752 312481.1788 428.7941 299767.560000000 -0.0000 0.0000 100.0000
20515.6968 312481.1650 428.8012 299767.570000000 -0.0000 0.0000 100.0000
20515.6183 312481.1511 428.8082 299767.580000000 -0.0000 0.0000 100.0000
20515.5398 312481.1373 428.8153 299767.590000000 -0.0000 0.0000 100.0000
20515.4613 312481.1235 428.8223 299767.600000000 -0.0000 0.0000 100.0000
20515.3828 312481.1096 428.8294 299767.610000000 -0.0000 0.0000 100.0000
20515.3044 312481.0958 428.8365 299767.620000000 -0.0000 0.0000 100.0000
20515.2259 312481.0819 428.8435 299767.630000000 -0.0000 0.0000 100.0000
20515.1474 312481.0681 428.8506 299767.640000000 -0.0000 0.0000 100.0000
20515.0689 312481.0543 428.8576 299767.650000000 -0.0000 0.0000 100.0000
20514.9905 312481.0404 428.8647 299767.660000000 -0.0000 0.0000 100.0000
20514.9120 312481.0266 428.8717 299767.670000000 -0.0000 0.0000 100.0000
20514.8335 312481.0128 428.8788 299767.680000000 -0.0000 0.0000 100.0000
20514.7550 312480.9989 428.8858 299767.690000000 -0.0000 0.0000 100.0000
20514.6766 312480.9851 428.8929 299767.700000000 -0.0000 0.0000 100.0000
20514.5981 312480.9712 428.9000 299767.710000000 -0.0000 0.0000 100.0000
20514.5196 312480.9574 428.9070 299767.720000000 -0.0000 0.0000 100.0000
20514.4411 312480.9436 428.9141 299767.730000000 -0.0000 0.0000 100.0000
20514.3626 312480.9297 428.9211 299767.740000000 -0.0000 0.0000 100.0000
20514.2842 312480.9159 428.9282 299767.750000000 -0.0000 0.0000 100.0000
20514.2057 312480.9020 428.9352 299767.760000000 -0.0000 0.0000 100.0000
20514.1272 312480.8882 428.9423 299767.770000000 -0.0000 0.0000 100.0000
20514.0487 312480.8744 428.9493 299767.780000000 -0.0000 0.0000 100.0000
20513.9703 312480.8605 428.9564 299767.790000000 -0.0000 0.0000 100.0000
20513.8918 312480.8467 428.9634 299767.800000000 -0.0000 0.0000 100.0000
20513.8133 312480.8329 428.9705 299767.810000000 -0.0000 0.0000 100.0000
20513.7348 312480.8190 428.9776 299767.820000000 -0.0000 0.0000 100.0000
20513.6563 312480.8052 428.9846 299767.830000000 -0.0000 0.0000 100.0000
20513.5779 312480.7913 428.9917 299767.840000000 -0.0000 0.0000 100.0000
20513.4994 312480.7775 428.9987 299767.850000000 -0.0000 0.0000 100.0000
20513.4209 312480.7637 429.0058 299767.860000000 -0.0000 0.0000 100.0000
20513.3424 312480.7498 429.0128 299767.870000000 -0.0000 0.0000 100.0000
20513.2640 312480.7360 429.0199 299767.880000000 -0.0000 0.0000 100.0000
20513.1855 312480.7222 429.0269 299767.890000000 -0.0000 0.0000 100.0000
20513.1070 312480.7083 429.0340 299767.900000000 -0.0000 0.0000 100.0000
20513.0285 312480.6945 429.0411 299767.910000000 -0.0000 0.0000 100.0000
20512.9500 312480.6806 429.0481 299767.920000000 -0.0000 0.0000 100.0000
20512.8716 312480.6668 429.0552 299767.930000000 -0.0000 0.0000 100.0000
20512.7931 312480.6530 429.0622 299767.940000000 -0.0000 0.0000 100.0000
20512.7146 312480.6391 429.0693 299767.950000000 -0.0000 0.0000 100.0000
20512.6361 312480.6253 429.0763 299767.960000000 -0.0000 0.0000 100.0000
20512.5577 312480.6115 429.0834 299767.970000000 -0.0000 0.0000 100.0000
20512.4792 312480.5976 429.0904 299767.980000000 -0.0000 0.0000 100.0000
20512.4007 312480.5838 429.0975 299767.990000000 -0.0000 0.0000 100.0000
20512.3222 312480.5699 429.1045 299768.000000000 -0.0000 0.0000 100.0000
20512.2437 312480.5561 429.1116 299768.010000000 -0.0000 0.0000 100.0000
20512.1653 312480.5423 429.1187 299768.020000000 -0.0000 0.0000 100.0000
20512.0868 312480.5284 429.1257 299768.030000000 -0.0000 0.0000 100.0000
20512.0083 312480.5146 429.1328 299768.040000000 -0.0000 0.0000 100.0000
20511.9298 312480.5008 429.1398 299768.050000000 -0.0000 0.0000 100.0000
20511.8514 312480.4869 429.1469 299768.060000000 -0.0000 0.0000 100.0000
20511.7729 312480.4731 429.1539 299768.070000000 -0.0000 0.0000 100.0000
20511.6944 312480.4592 429.1610 299768.080000000 -0.0000 0.0000 100.0000
20511.6159 312480.4454 429.1680 299768.090000000 -0.0000 0.0000 100.0000
20511.5374 312480.4316 429.1751 299768.100000000 -0.0000 0.0000 100.0000
20511.4590 312480.4177 429.1822 299768.110000000 -0.0000 0.0000 100.0000
20511.3805 312480.4039 429.1892 299768.120000000 -0.0000 0.0000 100.0000
20511.3020 312480.3901 429.1963 299768.130000000 -0.0000 0.0000 100.0000
20511.2235 312480.3762 429.2033 299768.140000000 -0.0000 0.0000 100.0000
20511.1451 312480.3624 429.2104 299768.150000000 -0.0000 0.0000 100.0000
20511.0666 312480.3485 429.2174 299768.160000000 -0.0000 0.0000 100.0000
20510.9881 312480.3347 429.2245 299768.170000000 -0.0000 0.0000 100.0000
20510.9096 312480.3209 429.2315 299768.180000000 -0.0000 0.0000 100.0000
20510.8311 312480.3070 429.2386 299768.190000000 -0.0000 0.0000 100.0000
20510.7527 312480.2932 429.2457 299768.200000000 -0.0000 0.0000 100.0000
20510.6742 312480.2794 429.2527 299768.210000000 -0.0000 0.0000 100.0000
20510.5957 312480.2655 429.2598 299768.220000000 -0.0000 0.0000 100.0000
20510.5172 312480.2517 429.2668 299768.230000000 -0.0000 0.0000 100.0000
20510.4388 312480.2378 429.2739 299768.240000000 -0.0000 0.0000 100.0000
20510.3603 312480.2240 429.2809 299768.250000000 -0.0000 0.0000 100.0000
20510.2818 312480.2102 429.2880 299768.260000000 -0.0000 0.0000 100.0000
20510.2033 312480.1963 429.2950 299768.270000000 -0.0000 0.0000 100.0000
20510.1248 312480.1825 429.3021 299768.280000000 -0.0000 0.0000 100.0000
20510.0464 312480.1687 429.3091 299768.290000000 -0.0000 0.0000 100.0000
20509.9679 312480.1548 429.3162 299768.300000000 -0.0000 0.0000 100.0000
20509.8894 312480.1410 429.3233 299768.310000000 -0.0000 0.0000 100.0000
20509.8109 312480.1271 429.3303 299768.320000000 -0.0000 0.0000 100.0000
20509.7325 312480.1133 429.3374 299768.330000000 -0.0000 0.0000 100.0000
20509.6540 312480.0995 429.3444 299768.340000000 -0.0000 0.0000 100.0000
20509.5755 312480.0856 429.3515 299768.350000000 -0.0000 0.0000 100.0000
20509.4970 312480.0718 429.3585 299768.360000000 -0.0000 0.0000 100.0000
20509.4185 312480.0579 429.3656 299768.370000000 -0.0000 0.0000 100.0000
20509.3401 312480.0441 429.3726 299768.380000000 -0.0000 0.0000 100.0000
20509.2616 312480.0303 429.3797 299768.390000000 -0.0000 0.0000 100.0000
20509.1831 312480.0164 429.3868 299768.400000000 -0.0000 0.0000 100.0000
20509.1046 312480.0026 429.3938 299768.410000000 -0.0000 0.0000 100.0000
20509.0262 312479.9888 429.4009 299768.420000000 -0.0000 0.0000 100.0000
20508.9477 312479.9749 429.4079 299768.430000000 -0.0000 0.0000 100.0000
20508.8692 312479.9611 429.4150 299768.440000000 -0.0000 0.0000 100.0000
20508.7907 312479.9472 429.4220 299768.450000000 -0.0000 0.0000 100.0000
20508.7122 312479.9334 429.4291 299768.460000000 -0.0000 0.0000 100.0000
20508.6338 312479.9196 429.4361 299768.470000000 -0.0000 0.0000 100.0000
20508.5553 312479.9057 429.4432 299768.480000000 -0.0000 0.0000 100.0000
20508.4768 312479.8919 429.4502 299768.490000000 -0.0000 0.0000 100.0000
20508.3983 312479.8781 429.4573 299768.500000000 -0.0000 0.0000 100.0000
20508.3199 312479.8642 429.4644 299768.510000000 -0.0000 0.0000 100.0000
20508.2414 312479.8504 429.4714 299768.520000000 -0.0000 0.0000 100.0000
20508.1629 312479.8365 429.4785 299768.530000000 -0.0000 0.0000 100.0000
20508.0844 312479.8227 429.4855 299768.540000000 -0.0000 0.0000 100.0000
20508.0059 312479.8089 429.4926 299768.550000000 -0.0000 0.0000 100.0000
20507.9275 312479.7950 429.4996 299768.560000000 -0.0000 0.0000 100.0000
20507.8490 312479.7812 429.5067 299768.570000000 -0.0000 0.0000 100.0000
20507.7705 312479.7674 429.5137 299768.580000000 -0.0000 0.0000 100.0000
20507.6920 312479.7535 429.5208 299768.590000000 -0.0000 0.0000 100.0000
20507.6136 312479.7397 429.5279 299768.600000000 -0.0000 0.0000 100.0000
20507.5351 312479.7258 429.5349 299768.610000000 -0.0000 0.0000 100.0000
20507.4566 312479.7120 429.5420 299768.620000000 -0.0000 0.0000 100.0000
20507.3781 312479.6982 429.5490 299768.630000000 -0.0000 0.0000 100.0000
20507.2997 312479.6843 429.5561 299768.640000000 -0.0000 0.0000 100.0000
20507.2212 312479.6705 429.5631 299768.650000000 -0.0000 0.0000 100.0000
20507.1427 312479.6567 429.5702 299768.660000000 -0.0000 0.0000 100.0000
20507.0642 312479.6428 429.5772 299768.670000000 -0.0000 0.0000 100.0000
20506.9857 312479.6290 429.5843 299768.680000000 -0.0000 0.0000 100.0000
20506.9073 312479.6151 429.5913 299768.690000000 -0.0000 0.0000 100.0000
20506.8288 312479.6013 429.5984 299768.700000000 -0.0000 0.0000 100.0000
20506.7503 312479.5875 429.6055 299768.710000000 -0.0000 0.0000 100.0000
20506.6718 312479.5736 429.6125 299768.720000000 -0.0000 0.0000 100.0000
20506.5934 312479.5598 429.6196 299768.730000000 -0.0000 0.0000 100.0000
20506.5149 312479.5460 429.6266 299768.740000000 -0.0000 0.0000 100.0000
20506.4364 312479.5321 429.6337 299768.750000000 -0.0000 0.0000 100.0000
20506.3579 312479.5183 429.6407 299768.760000000 -0.0000 0.0000 100.0000
20506.2794 312479.5044 429.6478 299768.770000000 -0.0000 0.0000 100.0000
20506.2010 312479.4906 429.6548 299768.780000000 -0.0000 0.0000 100.0000
20506.1225 312479.4768 429.6619 299768.790000000 -0.0000 0.0000 100.0000
20506.0440 312479.4629 429.6690 299768.800000000 -0.0000 0.0000 100.0000
20505.9655 312479.4491 429.6760 299768.810000000 -0.0000 0.0000 100.0000
20505.8871 312479.4353 429.6831 299768.820000000 -0.0000 0.0000 100.0000
20505.8086 312479.4214 429.6901 299768.830000000 -0.0000 0.0000 100.0000
20505.7301 312479.4076 429.6972 299768.840000000 -0.0000 0.0000 100.0000
20505.6516 312479.3937 429.7042 299768.850000000 -0.0000 0.0000 100.0000
20505.5731 312479.3799 429.7113 299768.860000000 -0.0000 0.0000 100.0000
20505.4947 312479.3661 429.7183 299768.870000000 -0.0000 0.0000 100.0000
20505.4162 312479.3522 429.7254 299768.880000000 -0.0000 0.0000 100.0000
20505.3377 312479.3384 429.7325 299768.890000000 -0.0000 0.0000 100.0000
20505.2592 312479.3245 429.7395 299768.900000000 -0.0000 0.0000 100.0000
20505.1808 312479.3107 429.7466 299768.910000000 -0.0000 0.0000 100.0000
20505.1023 312479.2969 429.7536 299768.920000000 -0.0000 0.0000 100.0000
20505.0238 312479.2830 429.7607 299768.930000000 -0.0000 0.0000 100.0000
20504.9453 312479.2692 429.7677 299768.940000000 -0.0000 0.0000 100.0000
20504.8668 312479.2554 429.7748 299768.950000000 -0.0000 0.0000 100.0000
20504.7884 312479.2415 429.7818 299768.960000000 -0.0000 0.0000 100.0000
20504.7099 312479.2277 429.7889 299768.970000000 -0.0000 0.0000 100.0000
20504.6314 312479.2138 429.7959 299768.980000000 -0.0000 0.0000 100.0000
20504.5529 312479.2000 429.8030 299768.990000000 -0.0000 0.0000 100.0000
20504.4745 312479.1862 429.8101 299769.000000000 -0.0000 0.0000 100.0000
20504.3960 312479.1723 429.8171 299769.010000000 -0.0000 0.0000 100.0000
20504.3175 312479.1585 429.8242 299769.020000000 -0.0000 0.0000 100.0000
20504.2390 312479.1447 429.8312 299769.030000000 -0.0000 0.0000 100.0000
20504.1605 312479.1308 429.8383 299769.040000000 -0.0000 0.0000 100.0000
20504.0821 312479.1170 429.8453 299769.050000000 -0.0000 0.0000 100.0000
20504.0036 312479.1031 429.8524 299769.060000000 -0.0000 0.0000 100.0000
20503.9251 312479.0893 429.8594 299769.070000000 -0.0000 0.0000 100.0000
20503.8466 312479.0755 429.8665 299769.080000000 -0.0000 0.0000 100.0000
20503.7682 312479.0616 429.8736 299769.090000000 -0.0000 0.0000 100.0000
20503.6897 312479.0478 429.8806 299769.100000000 -0.0000 0.0000 100.0000
20503.6112 312479.0340 429.8877 299769.110000000 -0.0000 0.0000 100.0000
20503.5327 312479.0201 429.8947 299769.120000000 -0.0000 0.0000 100.0000
20503.4542 312479.0063 429.9018 299769.130000000 -0.0000 0.0000 100.0000
20503.3758 312478.9924 429.9088 299769.140000000 -0.0000 0.0000 100.0000
20503.2973 312478.9786 429.9159 299769.150000000 -0.0000 0.0000 100.0000
20503.2188 312478.9648 429.9229 299769.160000000 -0.0000 0.0000 100.0000
20503.1403 312478.9509 429.9300 299769.170000000 -0.0000 0.0000 100.0000
20503.0619 312478.9371 429.9370 299769.180000000 -0.0000 0.0000 100.0000
20502.9834 312478.9233 429.9441 299769.190000000 -0.0000 0.0000 100.0000
20502.9049 312478.9094 429.9512 299769.200000000 -0.0000 0.0000 100.0000
20502.8264 312478.8956 429.9582 299769.210000000 -0.0000 0.0000 100.0000
20502.7479 312478.8817 429.9653 299769.220000000 -0.0000 0.0000 100.0000
20502.6695 312478.8679 429.9723 299769.230000000 -0.0000 0.0000 100.0000
20502.5910 312478.8541 429.9794 299769.240000000 -0.0000 0.0000 100.0000
20502.5125 312478.8402 429.9864 299769.250000000 -0.0000 0.0000 100.0000
20502.4340 312478.8264 429.9935 299769.260000000 -0.0000 0.0000 100.0000
20502.3556 312478.8126 430.0005 299769.270000000 -0.0000 0.0000 100.0000
20502.2771 312478.7987 430.0076 299769.280000000 -0.0000 0.0000 100.0000
20502.1986 312478.7849 430.0147 299769.290000000 -0.0000 0.0000 100.0000
20502.1201 312478.7710 430.0217 299769.300000000 -0.0000 0.0000 100.0000
20502.0416 312478.7572 430.0288 299769.310000000 -0.0000 0.0000 100.0000
20501.9632 312478.7434 430.0358 299769.320000000 -0.0000 0.0000 100.0000
20501.8847 312478.7295 430.0429 299769.330000000 -0.0000 0.0000 100.0000
20501.8062 312478.7157 430.0499 299769.340000000 -0.0000 0.0000 100.0000
20501.7277 312478.7019 430.0570 299769.350000000 -0.0000 0.0000 100.0000
20501.6493 312478.6880 430.0640 299769.360000000 -0.0000 0.0000 100.0000
20501.5708 312478.6742 430.0711 299769.370000000 -0.0000 0.0000 100.0000
20501.4923 312478.6603 430.0781 299769.380000000 -0.0000 0.0000 100.0000
20501.4138 312478.6465 430.0852 299769.390000000 -0.0000 0.0000 100.0000
20501.3353 312478.6327 430.0923 299769.400000000 -0.0000 0.0000 100.0000
20501.2569 312478.6188 430.0993 299769.410000000 -0.0000 0.0000 100.0000
20501.1784 312478.6050 430.1064 299769.420000000 -0.0000 0.0000 100.0000
20501.0999 312478.5911 430.1134 299769.430000000 -0.0000 0.0000 100.0000
20501.0214 312478.5773 430.1205 299769.440000000 -0.0000 0.0000 100.0000
20500.9430 312478.5635 430.1275 299769.450000000 -0.0000 0.0000 100.0000
20500.8645 312478.5496 430.1346 299769.460000000 -0.0000 0.0000 100.0000
20500.7860 312478.5358 430.1416 299769.470000000 -0.0000 0.0000 100.0000
20500.7075 312478.5220 430.1487 299769.480000000 -0.0000 0.0000 100.0000
20500.6290 312478.5081 430.1558 299769.490000000 -0.0000 0.0000 100.0000
20500.5506 312478.4943 430.1628 299769.500000000 -0.0000 0.0000 100.0000
20500.4721 312478.4804 430.1699 299769.510000000 -0.0000 0.0000 100.0000
20500.3936 312478.4666 430.1769 299769.520000000 -0.0000 0.0000 100.0000
20500.3151 312478.4528 430.1840 299769.530000000 -0.0000 0.0000 100.0000
20500.2367 312478.4389 430.1910 299769.540000000 -0.0000 0.0000 100.0000
20500.1582 312478.4251 430.1981 299769.550000000 -0.0000 0.0000 100.0000
20500.0797 312478.4113 430.2051 299769.560000000 -0.0000 0.0000 100.0000
20500.0012 312478.3974 430.2122 299769.570000000 -0.0000 0.0000 100.0000
20499.9228 312478.3836 430.2193 299769.580000000 -0.0000 0.0000 100.0000
20499.8443 312478.3697 430.2263 299769.590000000 -0.0000 0.0000 100.0000
20499.7658 312478.3559 430.2334 299769.600000000 -0.0000 0.0000 100.0000
20499.6873 312478.3421 430.2404 299769.610000000 -0.0000 0.0000 100.0000
20499.6088 312478.3282 430.2475 299769.620000000 -0.0000 0.0000 100.0000
20499.5304 312478.3144 430.2545 299769.630000000 -0.0000 0.0000 100.0000
20499.4519 312478.3006 430.2616 299769.640000000 -0.0000 0.0000 100.0000
20499.3734 312478.2867 430.2686 299769.650000000 -0.0000 0.0000 100.0000
20499.2949 312478.2729 430.2757 299769.660000000 -0.0000 0.0000 100.0000
20499.2165 312478.2590 430.2827 299769.670000000 -0.0000 0.0000 100.0000
20499.1380 312478.2452 430.2898 299769.680000000 -0.0000 0.0000 100.0000
20499.0595 312478.2314 430.2969 299769.690000000 -0.0000 0.0000 100.0000
20498.9810 312478.2175 430.3039 299769.700000000 -0.0000 0.0000 100.0000
20498.9025 312478.2037 430.3110 299769.710000000 -0.0000 0.0000 100.0000
20498.8241 312478.1899 430.3180 299769.720000000 -0.0000 0.0000 100.0000
20498.7456 312478.1760 430.3251 299769.730000000 -0.0000 0.0000 100.0000
20498.6671 312478.1622 430.3321 299769.740000000 -0.0000 0.0000 100.0000
20498.5886 312478.1483 430.3392 299769.750000000 -0.0000 0.0000 100.0000
20498.5102 312478.1345 430.3462 299769.760000000 -0.0000 0.0000 100.0000
20498.4317 312478.1207 430.3533 299769.770000000 -0.0000 0.0000 100.0000
20498.3532 312478.1068 430.3604 299769.780000000 -0.0000 0.0000 100.0000
20498.2747 312478.0930 430.3674 299769.790000000 -0.0000 0.0000 100.0000
20498.1962 312478.0792 430.3745 299769.800000000 -0.0000 0.0000 100.0000
20498.1178 312478.0653 430.3815 299769.810000000 -0.0000 0.0000 100.0000
20498.0393 312478.0515 430.3886 299769.820000000 -0.0000 0.0000 100.0000
20497.9608 312478.0376 430.3956 299769.830000000 -0.0000 0.0000 100.0000
20497.8823 312478.0238 430.4027 299769.840000000 -0.0000 0.0000 100.0000
20497.8039 312478.0100 430.4097 299769.850000000 -0.0000 0.0000 100.0000
20497.7254 312477.9961 430.4168 299769.860000000 -0.0000 0.0000 100.0000
20497.6469 312477.9823 430.4238 299769.870000000 -0.0000 0.0000 100.0000
20497.5684 312477.9685 430.4309 299769.880000000 -0.0000 0.0000 100.0000
20497.4899 312477.9546 430.4380 299769.890000000 -0.0000 0.0000 100.0000
20497.4115 312477.9408 430.4450 299769.900000000 -0.0000 0.0000 100.0000
20497.3330 312477.9269 430.4521 299769.910000000 -0.0000 0.0000 100.0000
20497.2545 312477.9131 430.4591 299769.920000000 -0.0000 0.0000 100.0000
20497.1760 312477.8993 430.4662 299769.930000000 -0.0000 0.0000 100.0000
20497.0976 312477.8854 430.4732 299769.940000000 -0.0000 0.0000 100.0000
20497.0191 312477.8716 430.4803 299769.950000000 -0.0000 0.0000 100.0000
20496.9406 312477.8577 430.4873 299769.960000000 -0.0000 0.0000 100.0000
20496.8621 312477.8439 430.4944 299769.970000000 -0.0000 0.0000 100.0000
20496.7836 312477.8301 430.5015 299769.980000000 -0.0000 0.0000 100.0000
20496.7052 312477.8162 430.5085 299769.990000000 -0.0000 0.0000 100.0000
20496.6267 312477.8024 430.5156 299770.000000000 -0.0000 0.0000 100.0000
20496.5482 312477.7886 430.5226 299770.010000000 -0.0000 0.0000 100.0000
20496.4697 312477.7747 430.5297 299770.020000000 -0.0000 0.0000 100.0000
20496.3913 312477.7609 430.5367 299770.030000000 -0.0000 0.0000 100.0000
20496.3128 312477.7470 430.5438 299770.040000000 -0.0000 0.0000 100.0000
20496.2343 312477.7332 430.5508 299770.050000000 -0.0000 0.0000 100.0000
20496.1558 312477.7194 430.5579 299770.060000000 -0.0000 0.0000 100.0000
20496.0773 312477.7055 430.5649 299770.070000000 -0.0000 0.0000 100.0000
20495.9989 312477.6917 430.5720 299770.080000000 -0.0000 0.0000 100.0000
20495.9204 312477.6779 430.5791 299770.090000000 -0.0000 0.0000 100.0000
20495.8419 312477.6640 430.5861 299770.100000000 -0.0000 0.0000 100.0000
20495.7634 312477.6502 430.5932 299770.110000000 -0.0000 0.0000 100.0000
20495.6850 312477.6363 430.6002 299770.120000000 -0.0000 0.0000 100.0000
20495.6065 312477.6225 430.6073 299770.130000000 -0.0000 0.0000 100.0000
20495.5280 312477.6087 430.6143 299770.140000000 -0.0000 0.0000 100.0000
20495.4495 312477.5948 430.6214 299770.150000000 -0.0000 0.0000 100.0000
20495.3710 312477.5810 430.6284 299770.160000000 -0.0000 0.0000 100.0000
20495.2926 312477.5672 430.6355 299770.170000000 -0.0000 0.0000 100.0000
20495.2141 312477.5533 430.6426 299770.180000000 -0.0000 0.0000 100.0000
20495.1356 312477.5395 430.6496 299770.190000000 -0.0000 0.0000 100.0000
20495.0571 312477.5256 430.6567 299770.200000000 -0.0000 0.0000 100.0000
20494.9787 312477.5118 430.6637 299770.210000000 -0.0000 0.0000 100.0000
20494.9002 312477.4980 430.6708 299770.220000000 -0.0000 0.0000 100.0000
20494.8217 312477.4841 430.6778 299770.230000000 -0.0000 0.0000 100.0000
20494.7432 312477.4703 430.6849 299770.240000000 -0.0000 0.0000 100.0000
20494.6647 312477.4565 430.6919 299770.250000000 -0.0000 0.0000 100.0000
20494.5863 312477.4426 430.6990 299770.260000000 -0.0000 0.0000 100.0000
20494.5078 312477.4288 430.7061 299770.270000000 -0.0000 0.0000 100.0000
20494.4293 312477.4149 430.7131 299770.280000000 -0.0000 0.0000 100.0000
20494.3508 312477.4011 430.7202 299770.290000000 -0.0000 0.0000 100.0000
20494.2724 312477.3873 430.7272 299770.300000000 -0.0000 0.0000 100.0000
20494.1939 312477.3734 430.7343 299770.310000000 -0.0000 0.0000 100.0000
20494.1154 312477.3596 430.7413 299770.320000000 -0.0000 0.0000 100.0000
20494.0369 312477.3458 430.7484 299770.330000000 -0.0000 0.0000 100.0000
20493.9584 312477.3319 430.7554 299770.340000000 -0.0000 0.0000 100.0000
20493.8800 312477.3181 430.7625 299770.350000000 -0.0000 0.0000 100.0000
20493.8015 312477.3042 430.7695 299770.360000000 -0.0000 0.0000 100.0000
20493.7230 312477.2904 430.7766 299770.370000000 -0.0000 0.0000 100.0000
20493.6445 312477.2766 430.7837 299770.380000000 -0.0000 0.0000 100.0000
20493.5661 312477.2627 430.7907 299770.390000000 -0.0000 0.0000 100.0000
20493.4876 312477.2489 430.7978 299770.400000000 -0.0000 0.0000 100.0000
20493.4091 312477.2351 430.8048 299770.410000000 -0.0000 0.0000 100.0000
20493.3306 312477.2212 430.8119 299770.420000000 -0.0000 0.0000 100.0000
20493.2521 312477.2074 430.8189 299770.430000000 -0.0000 0.0000 100.0000
20493.1737 312477.1935 430.8260 299770.440000000 -0.0000 0.0000 100.0000
20493.0952 312477.1797 430.8330 299770.450000000 -0.0000 0.0000 100.0000
20493.0167 312477.1659 430.8401 299770.460000000 -0.0000 0.0000 100.0000
20492.9382 312477.1520 430.8472 299770.470000000 -0.0000 0.0000 100.0000
20492.8598 312477.1382 430.8542 299770.480000000 -0.0000 0.0000 100.0000
20492.7813 312477.1243 430.8613 299770.490000000 -0.0000 0.0000 100.0000
20492.7028 312477.1105 430.8683 299770.500000000 -0.0000 0.0000 100.0000
20492.6243 312477.0967 430.8754 299770.510000000 -0.0000 0.0000 100.0000
20492.5458 312477.0828 430.8824 299770.520000000 -0.0000 0.0000 100.0000
20492.4674 312477.0690 430.8895 299770.530000000 -0.0000 0.0000 100.0000
20492.3889 312477.0552 430.8965 299770.540000000 -0.0000 0.0000 100.0000
20492.3104 312477.0413 430.9036 299770.550000000 -0.0000 0.0000 100.0000
20492.2319 312477.0275 430.9106 299770.560000000 -0.0000 0.0000 100.0000
20492.1535 312477.0136 430.9177 299770.570000000 -0.0000 0.0000 100.0000
20492.0750 312476.9998 430.9248 299770.580000000 -0.0000 0.0000 100.0000
20491.9965 312476.9860 430.9318 299770.590000000 -0.0000 0.0000 100.0000
20491.9180 312476.9721 430.9389 299770.600000000 -0.0000 0.0000 100.0000
20491.8396 312476.9583 430.9459 299770.610000000 -0.0000 0.0000 100.0000
20491.7611 312476.9445 430.9530 299770.620000000 -0.0000 0.0000 100.0000
20491.6826 312476.9306 430.9600 299770.630000000 -0.0000 0.0000 100.0000
20491.6041 312476.9168 430.9671 299770.640000000 -0.0000 0.0000 100.0000
20491.5256 312476.9029 430.9741 299770.650000000 -0.0000 0.0000 100.0000
20491.4472 312476.8891 430.9812 299770.660000000 -0.0000 0.0000 100.0000
20491.3687 312476.8753 430.9883 299770.670000000 -0.0000 0.0000 100.0000
20491.2902 312476.8614 430.9953 299770.680000000 -0.0000 0.0000 100.0000
20491.2117 312476.8476 431.0024 299770.690000000 -0.0000 0.0000 100.0000
20491.1333 312476.8338 431.0094 299770.700000000 -0.0000 0.0000 100.0000
20491.0548 312476.8199 431.0165 299770.710000000 -0.0000 0.0000 100.0000
20490.9763 312476.8061 431.0235 299770.720000000 -0.0000 0.0000 100.0000
20490.8978 312476.7922 431.0306 299770.730000000 -0.0000 0.0000 100.0000
20490.8193 312476.7784 431.0376 299770.740000000 -0.0000 0.0000 100.0000
20490.7409 312476.7646 431.0447 299770.750000000 -0.0000 0.0000 100.0000
20490.6624 312476.7507 431.0517 299770.760000000 -0.0000 0.0000 100.0000
20490.5839 312476.7369 431.0588 299770.770000000 -0.0000 0.0000 100.0000
20490.5054 312476.7231 431.0659 299770.780000000 -0.0000 0.0000 100.0000
20490.4270 312476.7092 431.0729 299770.790000000 -0.0000 0.0000 100.0000
20490.3485 312476.6954 431.0800 299770.800000000 -0.0000 0.0000 100.0000
20490.2700 312476.6815 431.0870 299770.810000000 -0.0000 0.0000 100.0000
20490.1915 312476.6677 431.0941 299770.820000000 -0.0000 0.0000 100.0000
20490.1130 312476.6539 431.1011 299770.830000000 -0.0000 0.0000 100.0000
20490.0346 312476.6400 431.1082 299770.840000000 -0.0000 0.0000 100.0000
20489.9561 312476.6262 431.1152 299770.850000000 -0.0000 0.0000 100.0000
20489.8776 312476.6124 431.1223 299770.860000000 -0.0000 0.0000 100.0000
20489.7991 312476.5985 431.1294 299770.870000000 -0.0000 0.0000 100.0000
20489.7207 312476.5847 431.1364 299770.880000000 -0.0000 0.0000 100.0000
20489.6422 312476.5708 431.1435 299770.890000000 -0.0000 0.0000 100.0000
20489.5637 312476.5570 431.1505 299770.900000000 -0.0000 0.0000 100.0000
20489.4852 312476.5432 431.1576 299770.910000000 -0.0000 0.0000 100.0000
20489.4067 312476.5293 431.1646 299770.920000000 -0.0000 0.0000 100.0000
20489.3283 312476.5155 431.1717 299770.930000000 -0.0000 0.0000 100.0000
20489.2498 312476.5017 431.1787 299770.940000000 -0.0000 0.0000 100.0000
20489.1713 312476.4878 431.1858 299770.950000000 -0.0000 0.0000 100.0000
20489.0928 312476.4740 431.1929 299770.960000000 -0.0000 0.0000 100.0000
20489.0144 312476.4601 431.1999 299770.970000000 -0.0000 0.0000 100.0000
20488.9359 312476.4463 431.2070 299770.980000000 -0.0000 0.0000 100.0000
20488.8574 312476.4325 431.2140 299770.990000000 -0.0000 0.0000 100.0000
20488.7789 312476.4186 431.2211 299771.000000000 -0.0000 0.0000 100.0000
20488.7004 312476.4048 431.2281 299771.010000000 -0.0000 0.0000 100.0000
20488.6220 312476.3910 431.2352 299771.020000000 -0.0000 0.0000 100.0000
20488.5435 312476.3771 431.2422 299771.030000000 -0.0000 0.0000 100.0000
20488.4650 312476.3633 431.2493 299771.040000000 -0.0000 0.0000 100.0000
20488.3865 312476.3494 431.2563 299771.050000000 -0.0000 0.0000 100.0000
20488.3081 312476.3356 431.2634 299771.060000000 -0.0000 0.0000 100.0000
20488.2296 312476.3218 431.2705 299771.070000000 -0.0000 0.0000 100.0000
20488.1511 312476.3079 431.2775 299771.080000000 -0.0000 0.0000 100.0000
20488.0726 312476.2941 431.2846 299771.090000000 -0.0000 0.0000 100.0000
20487.9941 312476.2802 431.2916 299771.100000000 -0.0000 0.0000 100.0000
20487.9157 312476.2664 431.2987 299771.110000000 -0.0000 0.0000 100.0000
20487.8372 312476.2526 431.3057 299771.120000000 -0.0000 0.0000 100.0000
20487.7587 312476.2387 431.3128 299771.130000000 -0.0000 0.0000 100.0000
20487.6802 312476.2249 431.3198 299771.140000000 -0.0000 0.0000 100.0000
20487.6018 312476.2111 431.3269 299771.150000000 -0.0000 0.0000 100.0000
20487.5233 312476.1972 431.3340 299771.160000000 -0.0000 0.0000 100.0000
20487.4448 312476.1834 431.3410 299771.170000000 -0.0000 0.0000 100.0000
20487.3663 312476.1695 431.3481 299771.180000000 -0.0000 0.0000 100.0000
20487.2878 312476.1557 431.3551 299771.190000000 -0.0000 0.0000 100.0000
20487.2094 312476.1419 431.3622 299771.200000000 -0.0000 0.0000 100.0000
20487.1309 312476.1280 431.3692 299771.210000000 -0.0000 0.0000 100.0000
20487.0524 312476.1142 431.3763 299771.220000000 -0.0000 0.0000 100.0000
20486.9739 312476.1004 431.3833 299771.230000000 -0.0000 0.0000 100.0000
20486.8955 312476.0865 431.3904 299771.240000000 -0.0000 0.0000 100.0000
20486.8170 312476.0727 431.3974 299771.250000000 -0.0000 0.0000 100.0000
20486.7385 312476.0588 431.4045 299771.260000000 -0.0000 0.0000 100.0000
20486.6600 312476.0450 431.4116 299771.270000000 -0.0000 0.0000 100.0000
20486.5815 312476.0312 431.4186 299771.280000000 -0.0000 0.0000 100.0000
20486.5031 312476.0173 431.4257 299771.290000000 -0.0000 0.0000 100.0000
20486.4246 312476.0035 431.4327 299771.300000000 -0.0000 0.0000 100.0000
20486.3461 312475.9897 431.4398 299771.310000000 -0.0000 0.0000 100.0000
20486.2676 312475.9758 431.4468 299771.320000000 -0.0000 0.0000 100.0000
20486.1892 312475.9620 431.4539 299771.330000000 -0.0000 0.0000 100.0000
20486.1107 312475.9481 431.4609 299771.340000000 -0.0000 0.0000 100.0000
20486.0322 312475.9343 431.4680 299771.350000000 -0.0000 0.0000 100.0000
20485.9537 312475.9205 431.4751 299771.360000000 -0.0000 0.0000 100.0000
20485.8752 312475.9066 431.4821 299771.370000000 -0.0000 0.0000 100.0000
20485.7968 312475.8928 431.4892 299771.380000000 -0.0000 0.0000 100.0000
20485.7183 312475.8790 431.4962 299771.390000000 -0.0000 0.0000 100.0000
20485.6398 312475.8651 431.5033 299771.400000000 -0.0000 0.0000 100.0000
20485.5613 312475.8513 431.5103 299771.410000000 -0.0000 0.0000 100.0000
20485.4829 312475.8374 431.5174 299771.420000000 -0.0000 0.0000 100.0000
20485.4044 312475.8236 431.5244 299771.430000000 -0.0000 0.0000 100.0000
20485.3259 312475.8098 431.5315 299771.440000000 -0.0000 0.0000 100.0000
20485.2474 312475.7959 431.5385 299771.450000000 -0.0000 0.0000 100.0000
20485.1689 312475.7821 431.5456 299771.460000000 -0.0000 0.0000 100.0000
20485.0905 312475.7683 431.5527 299771.470000000 -0.0000 0.0000 100.0000
20485.0120 312475.7544 431.5597 299771.480000000 -0.0000 0.0000 100.0000
20484.9335 312475.7406 431.5668 299771.490000000 -0.0000 0.0000 100.0000
20484.8550 312475.7267 431.5738 299771.500000000 -0.0000 0.0000 100.0000
20484.7766 312475.7129 431.5809 299771.510000000 -0.0000 0.0000 100.0000
20484.6981 312475.6991 431.5879 299771.520000000 -0.0000 0.0000 100.0000
20484.6196 312475.6852 431.5950 299771.530000000 -0.0000 0.0000 100.0000
20484.5411 312475.6714 431.6020 299771.540000000 -0.0000 0.0000 100.0000
20484.4627 312475.6576 431.6091 299771.550000000 -0.0000 0.0000 100.0000
20484.3842 312475.6437 431.6162 299771.560000000 -0.0000 0.0000 100.0000
20484.3057 312475.6299 431.6232 299771.570000000 -0.0000 0.0000 100.0000
20484.2272 312475.6160 431.6303 299771.580000000 -0.0000 0.0000 100.0000
20484.1487 312475.6022 431.6373 299771.590000000 -0.0000 0.0000 100.0000
20484.0703 312475.5884 431.6444 299771.600000000 -0.0000 0.0000 100.0000
20483.9918 312475.5745 431.6514 299771.610000000 -0.0000 0.0000 100.0000
20483.9133 312475.5607 431.6585 299771.620000000 -0.0000 0.0000 100.0000
20483.8348 312475.5468 431.6655 299771.630000000 -0.0000 0.0000 100.0000
20483.7564 312475.5330 431.6726 299771.640000000 -0.0000 0.0000 100.0000
20483.6779 312475.5192 431.6797 299771.650000000 -0.0000 0.0000 100.0000
20483.5994 312475.5053 431.6867 299771.660000000 -0.0000 0.0000 100.0000
20483.5209 312475.4915 431.6938 299771.670000000 -0.0000 0.0000 100.0000
20483.4424 312475.4777 431.7008 299771.680000000 -0.0000 0.0000 100.0000
20483.3640 312475.4638 431.7079 299771.690000000 -0.0000 0.0000 100.0000
20483.2855 312475.4500 431.7149 299771.700000000 -0.0000 0.0000 100.0000
20483.2070 312475.4361 431.7220 299771.710000000 -0.0000 0.0000 100.0000
20483.1285 312475.4223 431.7290 299771.720000000 -0.0000 0.0000 100.0000
20483.0501 312475.4085 431.7361 299771.730000000 -0.0000 0.0000 100.0000
20482.9716 312475.3946 431.7431 299771.740000000 -0.0000 0.0000 100.0000
20482.8931 312475.3808 431.7502 299771.750000000 -0.0000 0.0000 100.0000
20482.8146 312475.3670 431.7573 299771.760000000 -0.0000 0.0000 100.0000
20482.7361 312475.3531 431.7643 299771.770000000 -0.0000 0.0000 100.0000
20482.6577 312475.3393 431.7714 299771.780000000 -0.0000 0.0000 100.0000
20482.5792 312475.3254 431.7784 299771.790000000 -0.0000 0.0000 100.0000
20482.5007 312475.3116 431.7855 299771.800000000 -0.0000 0.0000 100.0000
20482.4222 312475.2978 431.7925 299771.810000000 -0.0000 0.0000 100.0000
20482.3438 312475.2839 431.7996 299771.820000000 -0.0000 0.0000 100.0000
20482.2653 312475.2701 431.8066 299771.830000000 -0.0000 0.0000 100.0000
20482.1868 312475.2563 431.8137 299771.840000000 -0.0000 0.0000 100.0000
20482.1083 312475.2424 431.8208 299771.850000000 -0.0000 0.0000 100.0000
20482.0298 312475.2286 431.8278 299771.860000000 -0.0000 0.0000 100.0000
20481.9514 312475.2147 431.8349 299771.870000000 -0.0000 0.0000 100.0000
20481.8729 312475.2009 431.8419 299771.880000000 -0.0000 0.0000 100.0000
20481.7944 312475.1871 431.8490 299771.890000000 -0.0000 0.0000 100.0000
20481.7159 312475.1732 431.8560 299771.900000000 -0.0000 0.0000 100.0000
20481.6375 312475.1594 431.8631 299771.910000000 -0.0000 0.0000 100.0000
20481.5590 312475.1456 431.8701 299771.920000000 -0.0000 0.0000 100.0000
20481.4805 312475.1317 431.8772 299771.930000000 -0.0000 0.0000 100.0000
20481.4020 312475.1179 431.8842 299771.940000000 -0.0000 0.0000 100.0000
20481.3235 312475.1040 431.8913 299771.950000000 -0.0000 0.0000 100.0000
20481.2451 312475.0902 431.8984 299771.960000000 -0.0000 0.0000 100.0000
20481.1666 312475.0764 431.9054 299771.970000000 -0.0000 0.0000 100.0000
20481.0881 312475.0625 431.9125 299771.980000000 -0.0000 0.0000 100.0000
20481.0096 312475.0487 431.9195 299771.990000000 -0.0000 0.0000 100.0000
20480.9312 312475.0349 431.9266 299772.000000000 -0.0000 0.0000 100.0000
20480.8527 312475.0210 431.9336 299772.010000000 -0.0000 0.0000 100.0000
20480.7742 312475.0072 431.9407 299772.020000000 -0.0000 0.0000 100.0000
20480.6957 312474.9933 431.9477 299772.030000000 -0.0000 0.0000 100.0000
20480.6172 312474.9795 431.9548 299772.040000000 -0.0000 0.0000 100.0000
20480.5388 312474.9657 431.9619 299772.050000000 -0.0000 0.0000 100.0000
20480.4603 312474.9518 431.9689 299772.060000000 -0.0000 0.0000 100.0000
20480.3818 312474.9380 431.9760 299772.070000000 -0.0000 0.0000 100.0000
20480.3033 312474.9242 431.9830 299772.080000000 -0.0000 0.0000 100.0000
20480.2249 312474.9103 431.9901 299772.090000000 -0.0000 0.0000 100.0000
20480.1464 312474.8965 431.9971 299772.100000000 -0.0000 0.0000 100.0000
20480.0679 312474.8826 432.0042 299772.110000000 -0.0000 0.0000 100.0000
20479.9894 312474.8688 432.0112 299772.120000000 -0.0000 0.0000 100.0000
20479.9109 312474.8550 432.0183 299772.130000000 -0.0000 0.0000 100.0000
20479.8325 312474.8411 432.0253 299772.140000000 -0.0000 0.0000 100.0000
20479.7540 312474.8273 432.0324 299772.150000000 -0.0000 0.0000 100.0000
20479.6755 312474.8134 432.0395 299772.160000000 -0.0000 0.0000 100.0000
20479.5970 312474.7996 432.0465 299772.170000000 -0.0000 0.0000 100.0000
20479.5186 312474.7858 432.0536 299772.180000000 -0.0000 0.0000 100.0000
20479.4401 312474.7719 432.0606 299772.190000000 -0.0000 0.0000 100.0000
20479.3616 312474.7581 432.0677 299772.200000000 -0.0000 0.0000 100.0000
20479.2831 312474.7443 432.0747 299772.210000000 -0.0000 0.0000 100.0000
20479.2046 312474.7304 432.0818 299772.220000000 -0.0000 0.0000 100.0000
20479.1262 312474.7166 432.0888 299772.230000000 -0.0000 0.0000 100.0000
20479.0477 312474.7027 432.0959 299772.240000000 -0.0000 0.0000 100.0000
20478.9692 312474.6889 432.1030 299772.250000000 -0.0000 0.0000 100.0000
20478.8907 312474.6751 432.1100 299772.260000000 -0.0000 0.0000 100.0000
20478.8123 312474.6612 432.1171 299772.270000000 -0.0000 0.0000 100.0000
20478.7338 312474.6474 432.1241 299772.280000000 -0.0000 0.0000 100.0000
20478.6553 312474.6336 432.1312 299772.290000000 -0.0000 0.0000 100.0000
20478.5768 312474.6197 432.1382 299772.300000000 -0.0000 0.0000 100.0000
20478.4983 312474.6059 432.1453 299772.310000000 -0.0000 0.0000 100.0000
20478.4199 312474.5920 432.1523 299772.320000000 -0.0000 0.0000 100.0000
20478.3414 312474.5782 432.1594 299772.330000000 -0.0000 0.0000 100.0000
20478.2629 312474.5644 432.1665 299772.340000000 -0.0000 0.0000 100.0000
20478.1844 312474.5505 432.1735 299772.350000000 -0.0000 0.0000 100.0000
20478.1060 312474.5367 432.1806 299772.360000000 -0.0000 0.0000 100.0000
20478.0275 312474.5229 432.1876 299772.370000000 -0.0000 0.0000 100.0000
20477.9490 312474.5090 432.1947 299772.380000000 -0.0000 0.0000 100.0000
20477.8705 312474.4952 432.2017 299772.390000000 -0.0000 0.0000 100.0000
20477.7920 312474.4813 432.2088 299772.400000000 -0.0000 0.0000 100.0000
20477.7136 312474.4675 432.2158 299772.410000000 -0.0000 0.0000 100.0000
20477.6351 312474.4537 432.2229 299772.420000000 -0.0000 0.0000 100.0000
20477.5566 312474.4398 432.2299 299772.430000000 -0.0000 0.0000 100.0000
20477.4781 312474.4260 432.2370 299772.440000000 -0.0000 0.0000 100.0000
20477.3997 312474.4122 432.2441 299772.450000000 -0.0000 0.0000 100.0000
20477.3212 312474.3983 432.2511 299772.460000000 -0.0000 0.0000 100.0000
20477.2427 312474.3845 432.2582 299772.470000000 -0.0000 0.0000 100.0000
20477.1642 312474.3706 432.2652 299772.480000000 -0.0000 0.0000 100.0000
20477.0858 312474.3568 432.2723 299772.490000000 -0.0000 0.0000 100.0000
20477.0073 312474.3430 432.2793 299772.500000000 -0.0000 0.0000 100.0000
20476.9288 312474.3291 432.2864 299772.510000000 -0.0000 0.0000 100.0000
20476.8503 312474.3153 432.2934 299772.520000000 -0.0000 0.0000 100.0000
20476.7718 312474.3015 432.3005 299772.530000000 -0.0000 0.0000 100.0000
20476.6934 312474.2876 432.3076 299772.540000000 -0.0000 0.0000 100.0000
20476.6149 312474.2738 432.3146 299772.550000000 -0.0000 0.0000 100.0000
20476.5364 312474.2599 432.3217 299772.560000000 -0.0000 0.0000 100.0000
20476.4579 312474.2461 432.3287 299772.570000000 -0.0000 0.0000 100.0000
20476.3795 312474.2323 432.3358 299772.580000000 -0.0000 0.0000 100.0000
20476.3010 312474.2184 432.3428 299772.590000000 -0.0000 0.0000 100.0000
20476.2225 312474.2046 432.3499 299772.600000000 -0.0000 0.0000 100.0000
20476.1440 312474.1908 432.3569 299772.610000000 -0.0000 0.0000 100.0000
20476.0655 312474.1769 432.3640 299772.620000000 -0.0000 0.0000 100.0000
20475.9871 312474.1631 432.3710 299772.630000000 -0.0000 0.0000 100.0000
20475.9086 312474.1492 432.3781 299772.640000000 -0.0000 0.0000 100.0000
20475.8301 312474.1354 432.3852 299772.650000000 -0.0000 0.0000 100.0000
20475.7516 312474.1216 432.3922 299772.660000000 -0.0000 0.0000 100.0000
20475.6732 312474.1077 432.3993 299772.670000000 -0.0000 0.0000 100.0000
20475.5947 312474.0939 432.4063 299772.680000000 -0.0000 0.0000 100.0000
20475.5162 312474.0800 432.4134 299772.690000000 -0.0000 0.0000 100.0000
20475.4377 312474.0662 432.4204 299772.700000000 -0.0000 0.0000 100.0000
20475.3592 312474.0524 432.4275 299772.710000000 -0.0000 0.0000 100.0000
20475.2808 312474.0385 432.4345 299772.720000000 -0.0000 0.0000 100.0000
20475.2023 312474.0247 432.4416 299772.730000000 -0.0000 0.0000 100.0000
20475.1238 312474.0109 432.4487 299772.740000000 -0.0000 0.0000 100.0000
20475.0453 312473.9970 432.4557 299772.750000000 -0.0000 0.0000 100.0000
20474.9669 312473.9832 432.4628 299772.760000000 -0.0000 0.0000 100.0000
20474.8884 312473.9693 432.4698 299772.770000000 -0.0000 0.0000 100.0000
20474.8099 312473.9555 432.4769 299772.780000000 -0.0000 0.0000 100.0000
20474.7314 312473.9417 432.4839 299772.790000000 -0.0000 0.0000 100.0000
20474.6529 312473.9278 432.4910 299772.800000000 -0.0000 0.0000 100.0000
20474.5745 312473.9140 432.4980 299772.810000000 -0.0000 0.0000 100.0000
20474.4960 312473.9002 432.5051 299772.820000000 -0.0000 0.0000 100.0000
20474.4175 312473.8863 432.5121 299772.830000000 -0.0000 0.0000 100.0000
20474.3390 312473.8725 432.5192 299772.840000000 -0.0000 0.0000 100.0000
20474.2606 312473.8586 432.5263 299772.850000000 -0.0000 0.0000 100.0000
20474.1821 312473.8448 432.5333 299772.860000000 -0.0000 0.0000 100.0000
20474.1036 312473.8310 432.5404 299772.870000000 -0.0000 0.0000 100.0000
20474.0251 312473.8171 432.5474 299772.880000000 -0.0000 0.0000 100.0000
20473.9466 312473.8033 432.5545 299772.890000000 -0.0000 0.0000 100.0000
20473.8682 312473.7895 432.5615 299772.900000000 -0.0000 0.0000 100.0000
20473.7897 312473.7756 432.5686 299772.910000000 -0.0000 0.0000 100.0000
20473.7112 312473.7618 432.5756 299772.920000000 -0.0000 0.0000 100.0000
20473.6327 312473.7479 432.5827 299772.930000000 -0.0000 0.0000 100.0000
20473.5543 312473.7341 432.5898 299772.940000000 -0.0000 0.0000 100.0000
20473.4758 312473.7203 432.5968 299772.950000000 -0.0000 0.0000 100.0000
20473.3973 312473.7064 432.6039 299772.960000000 -0.0000 0.0000 100.0000
20473.3188 312473.6926 432.6109 299772.970000000 -0.0000 0.0000 100.0000
20473.2403 312473.6788 432.6180 299772.980000000 -0.0000 0.0000 100.0000
20473.1619 312473.6649 432.6250 299772.990000000 -0.0000 0.0000 100.0000
20473.0834 312473.6511 432.6321 299773.000000000 -0.0000 0.0000 100.0000
20473.0049 312473.6372 432.6391 299773.010000000 -0.0000 0.0000 100.0000
20472.9264 312473.6234 432.6462 299773.020000000 -0.0000 0.0000 100.0000
20472.8480 312473.6096 432.6533 299773.030000000 -0.0000 0.0000 100.0000
20472.7695 312473.5957 432.6603 299773.040000000 -0.0000 0.0000 100.0000
20472.6910 312473.5819 432.6674 299773.050000000 -0.0000 0.0000 100.0000
20472.6125 312473.5681 432.6744 299773.060000000 -0.0000 0.0000 100.0000
20472.5340 312473.5542 432.6815 299773.070000000 -0.0000 0.0000 100.0000
20472.4556 312473.5404 432.6885 299773.080000000 -0.0000 0.0000 100.0000
20472.3771 312473.5265 432.6956 299773.090000000 -0.0000 0.0000 100.0000
20472.2986 312473.5127 432.7026 299773.100000000 -0.0000 0.0000 100.0000
20472.2201 312473.4989 432.7097 299773.110000000 -0.0000 0.0000 100.0000
20472.1417 312473.4850 432.7167 299773.120000000 -0.0000 0.0000 100.0000
20472.0632 312473.4712 432.7238 299773.130000000 -0.0000 0.0000 100.0000
20471.9847 312473.4574 432.7309 299773.140000000 -0.0000 0.0000 100.0000
20471.9062 312473.4435 432.7379 299773.150000000 -0.0000 0.0000 100.0000
20471.8277 312473.4297 432.7450 299773.160000000 -0.0000 0.0000 100.0000
20471.7493 312473.4158 432.7520 299773.170000000 -0.0000 0.0000 100.0000
20471.6708 312473.4020 432.7591 299773.180000000 -0.0000 0.0000 100.0000
20471.5923 312473.3882 432.7661 299773.190000000 -0.0000 0.0000 100.0000
20471.5138 312473.3743 432.7732 299773.200000000 -0.0000 0.0000 100.0000
20471.4354 312473.3605 432.7802 299773.210000000 -0.0000 0.0000 100.0000
20471.3569 312473.3466 432.7873 299773.220000000 -0.0000 0.0000 100.0000
20471.2784 312473.3328 432.7944 299773.230000000 -0.0000 0.0000 100.0000
20471.1999 312473.3190 432.8014 299773.240000000 -0.0000 0.0000 100.0000
20471.1214 312473.3051 432.8085 299773.250000000 -0.0000 0.0000 100.0000
20471.0430 312473.2913 432.8155 299773.260000000 -0.0000 0.0000 100.0000
20470.9645 312473.2775 432.8226 299773.270000000 -0.0000 0.0000 100.0000
20470.8860 312473.2636 432.8296 299773.280000000 -0.0000 0.0000 100.0000
20470.8075 312473.2498 432.8367 299773.290000000 -0.0000 0.0000 100.0000
20470.7291 312473.2359 432.8437 299773.300000000 -0.0000 0.0000 100.0000
20470.6506 312473.2221 432.8508 299773.310000000 -0.0000 0.0000 100.0000
20470.5721 312473.2083 432.8578 299773.320000000 -0.0000 0.0000 100.0000
20470.4936 312473.1944 432.8649 299773.330000000 -0.0000 0.0000 100.0000
20470.4151 312473.1806 432.8720 299773.340000000 -0.0000 0.0000 100.0000
20470.3367 312473.1668 432.8790 299773.350000000 -0.0000 0.0000 100.0000
20470.2582 312473.1529 432.8861 299773.360000000 -0.0000 0.0000 100.0000
20470.1797 312473.1391 432.8931 299773.370000000 -0.0000 0.0000 100.0000
20470.1012 312473.1252 432.9002 299773.380000000 -0.0000 0.0000 100.0000
20470.0228 312473.1114 432.9072 299773.390000000 -0.0000 0.0000 100.0000
20469.9443 312473.0976 432.9143 299773.400000000 -0.0000 0.0000 100.0000
20469.8658 312473.0837 432.9213 299773.410000000 -0.0000 0.0000 100.0000
20469.7873 312473.0699 432.9284 299773.420000000 -0.0000 0.0000 100.0000
20469.7089 312473.0561 432.9355 299773.430000000 -0.0000 0.0000 100.0000
20469.6304 312473.0422 432.9425 299773.440000000 -0.0000 0.0000 100.0000
20469.5519 312473.0284 432.9496 299773.450000000 -0.0000 0.0000 100.0000
20469.4734 312473.0145 432.9566 299773.460000000 -0.0000 0.0000 100.0000
20469.3949 312473.0007 432.9637 299773.470000000 -0.0000 0.0000 100.0000
20469.3165 312472.9869 432.9707 299773.480000000 -0.0000 0.0000 100.0000
20469.2380 312472.9730 432.9778 299773.490000000 -0.0000 0.0000 100.0000
20469.1595 312472.9592 432.9848 299773.500000000 -0.0000 0.0000 100.0000
20469.0810 312472.9454 432.9919 299773.510000000 -0.0000 0.0000 100.0000
20469.0026 312472.9315 432.9989 299773.520000000 -0.0000 0.0000 100.0000
20468.9241 312472.9177 433.0060 299773.530000000 -0.0000 0.0000 100.0000
20468.8456 312472.9038 433.0131 299773.540000000 -0.0000 0.0000 100.0000
20468.7671 312472.8900 433.0201 299773.550000000 -0.0000 0.0000 100.0000
20468.6886 312472.8762 433.0272 299773.560000000 -0.0000 0.0000 100.0000
20468.6102 312472.8623 433.0342 299773.570000000 -0.0000 0.0000 100.0000
20468.5317 312472.8485 433.0413 299773.580000000 -0.0000 0.0000 100.0000
20468.4532 312472.8347 433.0483 299773.590000000 -0.0000 0.0000 100.0000
20468.3747 312472.8208 433.0554 299773.600000000 -0.0000 0.0000 100.0000
20468.2963 312472.8070 433.0624 299773.610000000 -0.0000 0.0000 100.0000
20468.2178 312472.7931 433.0695 299773.620000000 -0.0000 0.0000 100.0000
20468.1393 312472.7793 433.0766 299773.630000000 -0.0000 0.0000 100.0000
20468.0608 312472.7655 433.0836 299773.640000000 -0.0000 0.0000 100.0000
20467.9823 312472.7516 433.0907 299773.650000000 -0.0000 0.0000 100.0000
20467.9039 312472.7378 433.0977 299773.660000000 -0.0000 0.0000 100.0000
20467.8254 312472.7240 433.1048 299773.670000000 -0.0000 0.0000 100.0000
20467.7469 312472.7101 433.1118 299773.680000000 -0.0000 0.0000 100.0000
20467.6684 312472.6963 433.1189 299773.690000000 -0.0000 0.0000 100.0000
20467.5900 312472.6824 433.1259 299773.700000000 -0.0000 0.0000 100.0000
20467.5115 312472.6686 433.1330 299773.710000000 -0.0000 0.0000 100.0000
20467.4330 312472.6548 433.1401 299773.720000000 -0.0000 0.0000 100.0000
20467.3545 312472.6409 433.1471 299773.730000000 -0.0000 0.0000 100.0000
20467.2760 312472.6271 433.1542 299773.740000000 -0.0000 0.0000 100.0000
20467.1976 312472.6133 433.1612 299773.750000000 -0.0000 0.0000 100.0000
20467.1191 312472.5994 433.1683 299773.760000000 -0.0000 0.0000 100.0000
20467.0406 312472.5856 433.1753 299773.770000000 -0.0000 0.0000 100.0000
20466.9621 312472.5717 433.1824 299773.780000000 -0.0000 0.0000 100.0000
20466.8837 312472.5579 433.1894 299773.790000000 -0.0000 0.0000 100.0000
20466.8052 312472.5441 433.1965 299773.800000000 -0.0000 0.0000 100.0000
20466.7267 312472.5302 433.2035 299773.810000000 -0.0000 0.0000 100.0000
20466.6482 312472.5164 433.2106 299773.820000000 -0.0000 0.0000 100.0000
20466.5697 312472.5025 433.2177 299773.830000000 -0.0000 0.0000 100.0000
20466.4913 312472.4887 433.2247 299773.840000000 -0.0000 0.0000 100.0000
20466.4128 312472.4749 433.2318 299773.850000000 -0.0000 0.0000 100.0000
20466.3343 312472.4610 433.2388 299773.860000000 -0.0000 0.0000 100.0000
20466.2558 312472.4472 433.2459 299773.870000000 -0.0000 0.0000 100.0000
20466.1774 312472.4334 433.2529 299773.880000000 -0.0000 0.0000 100.0000
20466.0989 312472.4195 433.2600 299773.890000000 -0.0000 0.0000 100.0000
20466.0204 312472.4057 433.2670 299773.900000000 -0.0000 0.0000 100.0000
20465.9419 312472.3918 433.2741 299773.910000000 -0.0000 0.0000 100.0000
20465.8634 312472.3780 433.2812 299773.920000000 -0.0000 0.0000 100.0000
20465.7850 312472.3642 433.2882 299773.930000000 -0.0000 0.0000 100.0000
20465.7065 312472.3503 433.2953 299773.940000000 -0.0000 0.0000 100.0000
20465.6280 312472.3365 433.3023 299773.950000000 -0.0000 0.0000 100.0000
20465.5495 312472.3227 433.3094 299773.960000000 -0.0000 0.0000 100.0000
20465.4711 312472.3088 433.3164 299773.970000000 -0.0000 0.0000 100.0000
20465.3926 312472.2950 433.3235 299773.980000000 -0.0000 0.0000 100.0000
20465.3141 312472.2811 433.3305 299773.990000000 -0.0000 0.0000 100.0000
20465.2356 312472.2673 433.3376 299774.000000000 -0.0000 0.0000 100.0000
20465.1571 312472.2535 433.3446 299774.010000000 -0.0000 0.0000 100.0000
20465.0787 312472.2396 433.3517 299774.020000000 -0.0000 0.0000 100.0000
20465.0002 312472.2258 433.3588 299774.030000000 -0.0000 0.0000 100.0000
20464.9217 312472.2120 433.3658 299774.040000000 -0.0000 0.0000 100.0000
20464.8432 312472.1981 433.3729 299774.050000000 -0.0000 0.0000 100.0000
20464.7648 312472.1843 433.3799 299774.060000000 -0.0000 0.0000 100.0000
20464.6863 312472.1704 433.3870 299774.070000000 -0.0000 0.0000 100.0000
20464.6078 312472.1566 433.3940 299774.080000000 -0.0000 0.0000 100.0000
20464.5293 312472.1428 433.4011 299774.090000000 -0.0000 0.0000 100.0000
20464.4508 312472.1289 433.4081 299774.100000000 -0.0000 0.0000 100.0000
20464.3724 312472.1151 433.4152 299774.110000000 -0.0000 0.0000 100.0000
20464.2939 312472.1013 433.4223 299774.120000000 -0.0000 0.0000 100.0000
20464.2154 312472.0874 433.4293 299774.130000000 -0.0000 0.0000 100.0000
20464.1369 312472.0736 433.4364 299774.140000000 -0.0000 0.0000 100.0000
20464.0585 312472.0597 433.4434 299774.150000000 -0.0000 0.0000 100.0000
20463.9800 312472.0459 433.4505 299774.160000000 -0.0000 0.0000 100.0000
20463.9015 312472.0321 433.4575 299774.170000000 -0.0000 0.0000 100.0000
20463.8230 312472.0182 433.4646 299774.180000000 -0.0000 0.0000 100.0000
20463.7445 312472.0044 433.4716 299774.190000000 -0.0000 0.0000 100.0000
20463.6661 312471.9906 433.4787 299774.200000000 -0.0000 0.0000 100.0000
20463.5876 312471.9767 433.4857 299774.210000000 -0.0000 0.0000 100.0000
20463.5091 312471.9629 433.4928 299774.220000000 -0.0000 0.0000 100.0000
20463.4306 312471.9490 433.4999 299774.230000000 -0.0000 0.0000 100.0000
20463.3522 312471.9352 433.5069 299774.240000000 -0.0000 0.0000 100.0000
20463.2737 312471.9214 433.5140 299774.250000000 -0.0000 0.0000 100.0000
20463.1952 312471.9075 433.5210 299774.260000000 -0.0000 0.0000 100.0000
20463.1167 312471.8937 433.5281 299774.270000000 -0.0000 0.0000 100.0000
20463.0382 312471.8799 433.5351 299774.280000000 -0.0000 0.0000 100.0000
20462.9598 312471.8660 433.5422 299774.290000000 -0.0000 0.0000 100.0000
20462.8813 312471.8522 433.5492 299774.300000000 -0.0000 0.0000 100.0000
20462.8028 312471.8383 433.5563 299774.310000000 -0.0000 0.0000 100.0000
20462.7243 312471.8245 433.5634 299774.320000000 -0.0000 0.0000 100.0000
20462.6459 312471.8107 433.5704 299774.330000000 -0.0000 0.0000 100.0000
20462.5674 312471.7968 433.5775 299774.340000000 -0.0000 0.0000 100.0000
20462.4889 312471.7830 433.5845 299774.350000000 -0.0000 0.0000 100.0000
20462.4104 312471.7691 433.5916 299774.360000000 -0.0000 0.0000 100.0000
20462.3320 312471.7553 433.5986 299774.370000000 -0.0000 0.0000 100.0000
20462.2535 312471.7415 433.6057 299774.380000000 -0.0000 0.0000 100.0000
20462.1750 312471.7276 433.6127 299774.390000000 -0.0000 0.0000 100.0000
20462.0965 312471.7138 433.6198 299774.400000000 -0.0000 0.0000 100.0000
20462.0180 312471.7000 433.6269 299774.410000000 -0.0000 0.0000 100.0000
20461.9396 312471.6861 433.6339 299774.420000000 -0.0000 0.0000 100.0000
20461.8611 312471.6723 433.6410 299774.430000000 -0.0000 0.0000 100.0000
20461.7826 312471.6584 433.6480 299774.440000000 -0.0000 0.0000 100.0000
20461.7041 312471.6446 433.6551 299774.450000000 -0.0000 0.0000 100.0000
20461.6257 312471.6308 433.6621 299774.460000000 -0.0000 0.0000 100.0000
20461.5472 312471.6169 433.6692 299774.470000000 -0.0000 0.0000 100.0000
20461.4687 312471.6031 433.6762 299774.480000000 -0.0000 0.0000 100.0000
20461.3902 312471.5893 433.6833 299774.490000000 -0.0000 0.0000 100.0000
20461.3117 312471.5754 433.6903 299774.500000000 -0.0000 0.0000 100.0000
20461.2333 312471.5616 433.6974 299774.510000000 -0.0000 0.0000 100.0000
20461.1548 312471.5477 433.7045 299774.520000000 -0.0000 0.0000 100.0000
20461.0763 312471.5339 433.7115 299774.530000000 -0.0000 0.0000 100.0000
20460.9978 312471.5201 433.7186 299774.540000000 -0.0000 0.0000 100.0000
20460.9194 312471.5062 433.7256 299774.550000000 -0.0000 0.0000 100.0000
20460.8409 312471.4924 433.7327 299774.560000000 -0.0000 0.0000 100.0000
20460.7624 312471.4786 433.7397 299774.570000000 -0.0000 0.0000 100.0000
20460.6839 312471.4647 433.7468 299774.580000000 -0.0000 0.0000 100.0000
20460.6054 312471.4509 433.7538 299774.590000000 -0.0000 0.0000 100.0000
20460.5270 312471.4370 433.7609 299774.600000000 -0.0000 0.0000 100.0000
20460.4485 312471.4232 433.7680 299774.610000000 -0.0000 0.0000 100.0000
20460.3700 312471.4094 433.7750 299774.620000000 -0.0000 0.0000 100.0000
20460.2915 312471.3955 433.7821 299774.630000000 -0.0000 0.0000 100.0000
20460.2131 312471.3817 433.7891 299774.640000000 -0.0000 0.0000 100.0000
20460.1346 312471.3679 433.7962 299774.650000000 -0.0000 0.0000 100.0000
20460.0561 312471.3540 433.8032 299774.660000000 -0.0000 0.0000 100.0000
20459.9776 312471.3402 433.8103 299774.670000000 -0.0000 0.0000 100.0000
20459.8991 312471.3263 433.8173 299774.680000000 -0.0000 0.0000 100.0000
20459.8207 312471.3125 433.8244 299774.690000000 -0.0000 0.0000 100.0000
20459.7422 312471.2987 433.8314 299774.700000000 -0.0000 0.0000 100.0000
20459.6637 312471.2848 433.8385 299774.710000000 -0.0000 0.0000 100.0000
20459.5852 312471.2710 433.8456 299774.720000000 -0.0000 0.0000 100.0000
20459.5068 312471.2572 433.8526 299774.730000000 -0.0000 0.0000 100.0000
20459.4283 312471.2433 433.8597 299774.740000000 -0.0000 0.0000 100.0000
20459.3498 312471.2295 433.8667 299774.750000000 -0.0000 0.0000 100.0000
20459.2713 312471.2156 433.8738 299774.760000000 -0.0000 0.0000 100.0000
20459.1928 312471.2018 433.8808 299774.770000000 -0.0000 0.0000 100.0000
20459.1144 312471.1880 433.8879 299774.780000000 -0.0000 0.0000 100.0000
20459.0359 312471.1741 433.8949 299774.790000000 -0.0000 0.0000 100.0000
20458.9574 312471.1603 433.9020 299774.800000000 -0.0000 0.0000 100.0000
20458.8789 312471.1465 433.9091 299774.810000000 -0.0000 0.0000 100.0000
20458.8005 312471.1326 433.9161 299774.820000000 -0.0000 0.0000 100.0000
20458.7220 312471.1188 433.9232 299774.830000000 -0.0000 0.0000 100.0000
20458.6435 312471.1049 433.9302 299774.840000000 -0.0000 0.0000 100.0000
20458.5650 312471.0911 433.9373 299774.850000000 -0.0000 0.0000 100.0000
20458.4865 312471.0773 433.9443 299774.860000000 -0.0000 0.0000 100.0000
20458.4081 312471.0634 433.9514 299774.870000000 -0.0000 0.0000 100.0000
20458.3296 312471.0496 433.9584 299774.880000000 -0.0000 0.0000 100.0000
20458.2511 312471.0357 433.9655 299774.890000000 -0.0000 0.0000 100.0000
20458.1726 312471.0219 433.9725 299774.900000000 -0.0000 0.0000 100.0000
20458.0942 312471.0081 433.9796 299774.910000000 -0.0000 0.0000 100.0000
20458.0157 312470.9942 433.9867 299774.920000000 -0.0000 0.0000 100.0000
20457.9372 312470.9804 433.9937 299774.930000000 -0.0000 0.0000 100.0000
20457.8587 312470.9666 434.0008 299774.940000000 -0.0000 0.0000 100.0000
20457.7802 312470.9527 434.0078 299774.950000000 -0.0000 0.0000 100.0000
20457.7018 312470.9389 434.0149 299774.960000000 -0.0000 0.0000 100.0000
20457.6233 312470.9250 434.0219 299774.970000000 -0.0000 0.0000 100.0000
20457.5448 312470.9112 434.0290 299774.980000000 -0.0000 0.0000 100.0000
20457.4663 312470.8974 434.0360 299774.990000000 -0.0000 0.0000 100.0000
20457.3879 312470.8835 434.0431 299775.000000000 -0.0000 0.0000 100.0000
20457.3094 312470.8697 434.0502 299775.010000000 -0.0000 0.0000 100.0000
20457.2309 312470.8559 434.0572 299775.020000000 -0.0000 0.0000 100.0000
20457.1524 312470.8420 434.0643 299775.030000000 -0.0000 0.0000 100.0000
20457.0739 312470.8282 434.0713 299775.040000000 -0.0000 0.0000 100.0000
20456.9955 312470.8143 434.0784 299775.050000000 -0.0000 0.0000 100.0000
20456.9170 312470.8005 434.0854 299775.060000000 -0.0000 0.0000 100.0000
20456.8385 312470.7867 434.0925 299775.070000000 -0.0000 0.0000 100.0000
20456.7600 312470.7728 434.0995 299775.080000000 -0.0000 0.0000 100.0000
20456.6816 312470.7590 434.1066 299775.090000000 -0.0000 0.0000 100.0000
20456.6031 312470.7452 434.1137 299775.100000000 -0.0000 0.0000 100.0000
20456.5246 312470.7313 434.1207 299775.110000000 -0.0000 0.0000 100.0000
20456.4461 312470.7175 434.1278 299775.120000000 -0.0000 0.0000 100.0000
20456.3676 312470.7036 434.1348 299775.130000000 -0.0000 0.0000 100.0000
20456.2892 312470.6898 434.1419 299775.140000000 -0.0000 0.0000 100.0000
20456.2107 312470.6760 434.1489 299775.150000000 -0.0000 0.0000 100.0000
20456.1322 312470.6621 434.1560 299775.160000000 -0.0000 0.0000 100.0000
20456.0537 312470.6483 434.1630 299775.170000000 -0.0000 0.0000 100.0000
20455.9753 312470.6345 434.1701 299775.180000000 -0.0000 0.0000 100.0000
20455.8968 312470.6206 434.1771 299775.190000000 -0.0000 0.0000 100.0000
20455.8183 312470.6068 434.1842 299775.200000000 -0.0000 0.0000 100.0000
20455.7398 312470.5929 434.1913 299775.210000000 -0.0000 0.0000 100.0000
20455.6613 312470.5791 434.1983 299775.220000000 -0.0000 0.0000 100.0000
20455.5829 312470.5653 434.2054 299775.230000000 -0.0000 0.0000 100.0000
20455.5044 312470.5514 434.2124 299775.240000000 -0.0000 0.0000 100.0000
20455.4259 312470.5376 434.2195 299775.250000000 -0.0000 0.0000 100.0000
20455.3474 312470.5238 434.2265 299775.260000000 -0.0000 0.0000 100.0000
20455.2690 312470.5099 434.2336 299775.270000000 -0.0000 0.0000 100.0000
20455.1905 312470.4961 434.2406 299775.280000000 -0.0000 0.0000 100.0000
20455.1120 312470.4822 434.2477 299775.290000000 -0.0000 0.0000 100.0000
20455.0335 312470.4684 434.2548 299775.300000000 -0.0000 0.0000 100.0000
20454.9551 312470.4546 434.2618 299775.310000000 -0.0000 0.0000 100.0000
20454.8766 312470.4407 434.2689 299775.320000000 -0.0000 0.0000 100.0000
20454.7981 312470.4269 434.2759 299775.330000000 -0.0000 0.0000 100.0000
20454.7196 312470.4131 434.2830 299775.340000000 -0.0000 0.0000 100.0000
20454.6411 312470.3992 434.2900 299775.350000000 -0.0000 0.0000 100.0000
20454.5627 312470.3854 434.2971 299775.360000000 -0.0000 0.0000 100.0000
20454.4842 312470.3715 434.3041 299775.370000000 -0.0000 0.0000 100.0000
20454.4057 312470.3577 434.3112 299775.380000000 -0.0000 0.0000 100.0000
20454.3272 312470.3439 434.3182 299775.390000000 -0.0000 0.0000 100.0000
20454.2488 312470.3300 434.3253 299775.400000000 -0.0000 0.0000 100.0000
20454.1703 312470.3162 434.3324 299775.410000000 -0.0000 0.0000 100.0000
20454.0918 312470.3023 434.3394 299775.420000000 -0.0000 0.0000 100.0000
20454.0133 312470.2885 434.3465 299775.430000000 -0.0000 0.0000 100.0000
20453.9348 312470.2747 434.3535 299775.440000000 -0.0000 0.0000 100.0000
20453.8564 312470.2608 434.3606 299775.450000000 -0.0000 0.0000 100.0000
20453.7779 312470.2470 434.3676 299775.460000000 -0.0000 0.0000 100.0000
20453.6994 312470.2332 434.3747 299775.470000000 -0.0000 0.0000 100.0000
20453.6209 312470.2193 434.3817 299775.480000000 -0.0000 0.0000 100.0000
20453.5425 312470.2055 434.3888 299775.490000000 -0.0000 0.0000 100.0000
20453.4640 312470.1916 434.3959 299775.500000000 -0.0000 0.0000 100.0000
20453.3855 312470.1778 434.4029 299775.510000000 -0.0000 0.0000 100.0000
20453.3070 312470.1640 434.4100 299775.520000000 -0.0000 0.0000 100.0000
20453.2285 312470.1501 434.4170 299775.530000000 -0.0000 0.0000 100.0000
20453.1501 312470.1363 434.4241 299775.540000000 -0.0000 0.0000 100.0000
20453.0716 312470.1225 434.4311 299775.550000000 -0.0000 0.0000 100.0000
20452.9931 312470.1086 434.4382 299775.560000000 -0.0000 0.0000 100.0000
20452.9146 312470.0948 434.4452 299775.570000000 -0.0000 0.0000 100.0000
20452.8362 312470.0809 434.4523 299775.580000000 -0.0000 0.0000 100.0000
20452.7577 312470.0671 434.4593 299775.590000000 -0.0000 0.0000 100.0000
20452.6792 312470.0533 434.4664 299775.600000000 -0.0000 0.0000 100.0000
20452.6007 312470.0394 434.4735 299775.610000000 -0.0000 0.0000 100.0000
20452.5222 312470.0256 434.4805 299775.620000000 -0.0000 0.0000 100.0000
20452.4438 312470.0118 434.4876 299775.630000000 -0.0000 0.0000 100.0000
20452.3653 312469.9979 434.4946 299775.640000000 -0.0000 0.0000 100.0000
20452.2868 312469.9841 434.5017 299775.650000000 -0.0000 0.0000 100.0000
20452.2083 312469.9702 434.5087 299775.660000000 -0.0000 0.0000 100.0000
20452.1299 312469.9564 434.5158 299775.670000000 -0.0000 0.0000 100.0000
20452.0514 312469.9426 434.5228 299775.680000000 -0.0000 0.0000 100.0000
20451.9729 312469.9287 434.5299 299775.690000000 -0.0000 0.0000 100.0000
20451.8944 312469.9149 434.5370 299775.700000000 -0.0000 0.0000 100.0000
20451.8159 312469.9011 434.5440 299775.710000000 -0.0000 0.0000 100.0000
20451.7375 312469.8872 434.5511 299775.720000000 -0.0000 0.0000 100.0000
20451.6590 312469.8734 434.5581 299775.730000000 -0.0000 0.0000 100.0000
20451.5805 312469.8595 434.5652 299775.740000000 -0.0000 0.0000 100.0000
20451.5020 312469.8457 434.5722 299775.750000000 -0.0000 0.0000 100.0000
20451.4236 312469.8319 434.5793 299775.760000000 -0.0000 0.0000 100.0000
20451.3451 312469.8180 434.5863 299775.770000000 -0.0000 0.0000 100.0000
20451.2666 312469.8042 434.5934 299775.780000000 -0.0000 0.0000 100.0000
20451.1881 312469.7904 434.6005 299775.790000000 -0.0000 0.0000 100.0000
20451.1096 312469.7765 434.6075 299775.800000000 -0.0000 0.0000 100.0000
20451.0312 312469.7627 434.6146 299775.810000000 -0.0000 0.0000 100.0000
20450.9527 312469.7488 434.6216 299775.820000000 -0.0000 0.0000 100.0000
20450.8742 312469.7350 434.6287 299775.830000000 -0.0000 0.0000 100.0000
20450.7957 312469.7212 434.6357 299775.840000000 -0.0000 0.0000 100.0000
20450.7173 312469.7073 434.6428 299775.850000000 -0.0000 0.0000 100.0000
20450.6388 312469.6935 434.6498 299775.860000000 -0.0000 0.0000 100.0000
20450.5603 312469.6797 434.6569 299775.870000000 -0.0000 0.0000 100.0000
20450.4818 312469.6658 434.6639 299775.880000000 -0.0000 0.0000 100.0000
20450.4033 312469.6520 434.6710 299775.890000000 -0.0000 0.0000 100.0000
20450.3249 312469.6381 434.6781 299775.900000000 -0.0000 0.0000 100.0000
20450.2464 312469.6243 434.6851 299775.910000000 -0.0000 0.0000 100.0000
20450.1679 312469.6105 434.6922 299775.920000000 -0.0000 0.0000 100.0000
20450.0894 312469.5966 434.6992 299775.930000000 -0.0000 0.0000 100.0000
20450.0110 312469.5828 434.7063 299775.940000000 -0.0000 0.0000 100.0000
20449.9325 312469.5689 434.7133 299775.950000000 -0.0000 0.0000 100.0000
20449.8540 312469.5551 434.7204 299775.960000000 -0.0000 0.0000 100.0000
20449.7755 312469.5413 434.7274 299775.970000000 -0.0000 0.0000 100.0000
20449.6970 312469.5274 434.7345 299775.980000000 -0.0000 0.0000 100.0000
20449.6186 312469.5136 434.7416 299775.990000000 -0.0000 0.0000 100.0000
20449.5401 312469.4998 434.7486 299776.000000000 -0.0000 0.0000 100.0000
20449.4616 312469.4859 434.7557 299776.010000000 -0.0000 0.0000 100.0000
20449.3831 312469.4721 434.7627 299776.020000000 -0.0000 0.0000 100.0000
20449.3047 312469.4582 434.7698 299776.030000000 -0.0000 0.0000 100.0000
20449.2262 312469.4444 434.7768 299776.040000000 -0.0000 0.0000 100.0000
20449.1477 312469.4306 434.7839 299776.050000000 -0.0000 0.0000 100.0000
20449.0692 312469.4167 434.7909 299776.060000000 -0.0000 0.0000 100.0000
20448.9907 312469.4029 434.7980 299776.070000000 -0.0000 0.0000 100.0000
20448.9123 312469.3891 434.8050 299776.080000000 -0.0000 0.0000 100.0000
20448.8338 312469.3752 434.8121 299776.090000000 -0.0000 0.0000 100.0000
20448.7553 312469.3614 434.8192 299776.100000000 -0.0000 0.0000 100.0000
20448.6768 312469.3475 434.8262 299776.110000000 -0.0000 0.0000 100.0000
20448.5984 312469.3337 434.8333 299776.120000000 -0.0000 0.0000 100.0000
20448.5199 312469.3199 434.8403 299776.130000000 -0.0000 0.0000 100.0000
20448.4414 312469.3060 434.8474 299776.140000000 -0.0000 0.0000 100.0000
20448.3629 312469.2922 434.8544 299776.150000000 -0.0000 0.0000 100.0000
20448.2844 312469.2784 434.8615 299776.160000000 -0.0000 0.0000 100.0000
20448.2060 312469.2645 434.8685 299776.170000000 -0.0000 0.0000 100.0000
20448.1275 312469.2507 434.8756 299776.180000000 -0.0000 0.0000 100.0000
20448.0490 312469.2368 434.8827 299776.190000000 -0.0000 0.0000 100.0000
20447.9705 312469.2230 434.8897 299776.200000000 -0.0000 0.0000 100.0000
20447.8921 312469.2092 434.8968 299776.210000000 -0.0000 0.0000 100.0000
20447.8136 312469.1953 434.9038 299776.220000000 -0.0000 0.0000 100.0000
20447.7351 312469.1815 434.9109 299776.230000000 -0.0000 0.0000 100.0000
20447.6566 312469.1677 434.9179 299776.240000000 -0.0000 0.0000 100.0000
20447.5782 312469.1538 434.9250 299776.250000000 -0.0000 0.0000 100.0000
20447.4997 312469.1400 434.9320 299776.260000000 -0.0000 0.0000 100.0000
20447.4212 312469.1261 434.9391 299776.270000000 -0.0000 0.0000 100.0000
20447.3427 312469.1123 434.9461 299776.280000000 -0.0000 0.0000 100.0000
20447.2642 312469.0985 434.9532 299776.290000000 -0.0000 0.0000 100.0000
20447.1858 312469.0846 434.9603 299776.300000000 -0.0000 0.0000 100.0000
20447.1073 312469.0708 434.9673 299776.310000000 -0.0000 0.0000 100.0000
20447.0288 312469.0570 434.9744 299776.320000000 -0.0000 0.0000 100.0000
20446.9503 312469.0431 434.9814 299776.330000000 -0.0000 0.0000 100.0000
20446.8719 312469.0293 434.9885 299776.340000000 -0.0000 0.0000 100.0000
20446.7934 312469.0154 434.9955 299776.350000000 -0.0000 0.0000 100.0000
20446.7149 312469.0016 435.0026 299776.360000000 -0.0000 0.0000 100.0000
20446.6364 312468.9878 435.0096 299776.370000000 -0.0000 0.0000 100.0000
20446.5579 312468.9739 435.0167 299776.380000000 -0.0000 0.0000 100.0000
20446.4795 312468.9601 435.0238 299776.390000000 -0.0000 0.0000 100.0000
20446.4010 312468.9463 435.0308 299776.400000000 -0.0000 0.0000 100.0000
20446.3225 312468.9324 435.0379 299776.410000000 -0.0000 0.0000 100.0000
20446.2440 312468.9186 435.0449 299776.420000000 -0.0000 0.0000 100.0000
20446.1656 312468.9047 435.0520 299776.430000000 -0.0000 0.0000 100.0000
20446.0871 312468.8909 435.0590 299776.440000000 -0.0000 0.0000 100.0000
20446.0086 312468.8771 435.0661 299776.450000000 -0.0000 0.0000 100.0000
20445.9301 312468.8632 435.0731 299776.460000000 -0.0000 0.0000 100.0000
20445.8516 312468.8494 435.0802 299776.470000000 -0.0000 0.0000 100.0000
20445.7732 312468.8356 435.0873 299776.480000000 -0.0000 0.0000 100.0000
20445.6947 312468.8217 435.0943 299776.490000000 -0.0000 0.0000 100.0000
20445.6162 312468.8079 435.1014 299776.500000000 -0.0000 0.0000 100.0000
20445.5377 312468.7940 435.1084 299776.510000000 -0.0000 0.0000 100.0000
20445.4593 312468.7802 435.1155 299776.520000000 -0.0000 0.0000 100.0000
20445.3808 312468.7664 435.1225 299776.530000000 -0.0000 0.0000 100.0000
20445.3023 312468.7525 435.1296 299776.540000000 -0.0000 0.0000 100.0000
20445.2238 312468.7387 435.1366 299776.550000000 -0.0000 0.0000 100.0000
20445.1453 312468.7248 435.1437 299776.560000000 -0.0000 0.0000 100.0000
20445.0669 312468.7110 435.1507 299776.570000000 -0.0000 0.0000 100.0000
20444.9884 312468.6972 435.1578 299776.580000000 -0.0000 0.0000 100.0000
20444.9099 312468.6833 435.1649 299776.590000000 -0.0000 0.0000 100.0000
20444.8314 312468.6695 435.1719 299776.600000000 -0.0000 0.0000 100.0000
20444.7530 312468.6557 435.1790 299776.610000000 -0.0000 0.0000 100.0000
20444.6745 312468.6418 435.1860 299776.620000000 -0.0000 0.0000 100.0000
20444.5960 312468.6280 435.1931 299776.630000000 -0.0000 0.0000 100.0000
20444.5175 312468.6141 435.2001 299776.640000000 -0.0000 0.0000 100.0000
20444.4390 312468.6003 435.2072 299776.650000000 -0.0000 0.0000 100.0000
20444.3606 312468.5865 435.2142 299776.660000000 -0.0000 0.0000 100.0000
20444.2821 312468.5726 435.2213 299776.670000000 -0.0000 0.0000 100.0000
20444.2036 312468.5588 435.2284 299776.680000000 -0.0000 0.0000 100.0000
20444.1251 312468.5450 435.2354 299776.690000000 -0.0000 0.0000 100.0000
20444.0467 312468.5311 435.2425 299776.700000000 -0.0000 0.0000 100.0000
20443.9682 312468.5173 435.2495 299776.710000000 -0.0000 0.0000 100.0000
20443.8897 312468.5034 435.2566 299776.720000000 -0.0000 0.0000 100.0000
20443.8112 312468.4896 435.2636 299776.730000000 -0.0000 0.0000 100.0000
20443.7327 312468.4758 435.2707 299776.740000000 -0.0000 0.0000 100.0000
20443.6543 312468.4619 435.2777 299776.750000000 -0.0000 0.0000 100.0000
20443.5758 312468.4481 435.2848 299776.760000000 -0.0000 0.0000 100.0000
20443.4973 312468.4343 435.2918 299776.770000000 -0.0000 0.0000 100.0000
20443.4188 312468.4204 435.2989 299776.780000000 -0.0000 0.0000 100.0000
20443.3404 312468.4066 435.3060 299776.790000000 -0.0000 0.0000 100.0000
20443.2619 312468.3927 435.3130 299776.800000000 -0.0000 0.0000 100.0000
20443.1834 312468.3789 435.3201 299776.810000000 -0.0000 0.0000 100.0000
20443.1049 312468.3651 435.3271 299776.820000000 -0.0000 0.0000 100.0000
20443.0264 312468.3512 435.3342 299776.830000000 -0.0000 0.0000 100.0000
20442.9480 312468.3374 435.3412 299776.840000000 -0.0000 0.0000 100.0000
20442.8695 312468.3236 435.3483 299776.850000000 -0.0000 0.0000 100.0000
20442.7910 312468.3097 435.3553 299776.860000000 -0.0000 0.0000 100.0000
20442.7125 312468.2959 435.3624 299776.870000000 -0.0000 0.0000 100.0000
20442.6341 312468.2820 435.3695 299776.880000000 -0.0000 0.0000 100.0000
20442.5556 312468.2682 435.3765 299776.890000000 -0.0000 0.0000 100.0000
20442.4771 312468.2544 435.3836 299776.900000000 -0.0000 0.0000 100.0000
20442.3986 312468.2405 435.3906 299776.910000000 -0.0000 0.0000 100.0000
20442.3201 312468.2267 435.3977 299776.920000000 -0.0000 0.0000 100.0000
20442.2417 312468.2129 435.4047 299776.930000000 -0.0000 0.0000 100.0000
20442.1632 312468.1990 435.4118 299776.940000000 -0.0000 0.0000 100.0000
20442.0847 312468.1852 435.4188 299776.950000000 -0.0000 0.0000 100.0000
20442.0062 312468.1713 435.4259 299776.960000000 -0.0000 0.0000 100.0000
20441.9278 312468.1575 435.4329 299776.970000000 -0.0000 0.0000 100.0000
20441.8493 312468.1437 435.4400 299776.980000000 -0.0000 0.0000 100.0000
20441.7708 312468.1298 435.4471 299776.990000000 -0.0000 0.0000 100.0000
20441.6923 312468.1160 435.4541 299777.000000000 -0.0000 0.0000 100.0000
20441.6138 312468.1022 435.4612 299777.010000000 -0.0000 0.0000 100.0000
20441.5354 312468.0883 435.4682 299777.020000000 -0.0000 0.0000 100.0000
20441.4569 312468.0745 435.4753 299777.030000000 -0.0000 0.0000 100.0000
20441.3784 312468.0606 435.4823 299777.040000000 -0.0000 0.0000 100.0000
20441.2999 312468.0468 435.4894 299777.050000000 -0.0000 0.0000 100.0000
20441.2215 312468.0330 435.4964 299777.060000000 -0.0000 0.0000 100.0000
20441.1430 312468.0191 435.5035 299777.070000000 -0.0000 0.0000 100.0000
20441.0645 312468.0053 435.5106 299777.080000000 -0.0000 0.0000 100.0000
20440.9860 312467.9914 435.5176 299777.090000000 -0.0000 0.0000 100.0000
20440.9075 312467.9776 435.5247 299777.100000000 -0.0000 0.0000 100.0000
20440.8291 312467.9638 435.5317 299777.110000000 -0.0000 0.0000 100.0000
20440.7506 312467.9499 435.5388 299777.120000000 -0.0000 0.0000 100.0000
20440.6721 312467.9361 435.5458 299777.130000000 -0.0000 0.0000 100.0000
20440.5936 312467.9223 435.5529 299777.140000000 -0.0000 0.0000 100.0000
20440.5152 312467.9084 435.5599 299777.150000000 -0.0000 0.0000 100.0000
20440.4367 312467.8946 435.5670 299777.160000000 -0.0000 0.0000 100.0000
20440.3582 312467.8807 435.5741 299777.170000000 -0.0000 0.0000 100.0000
20440.2797 312467.8669 435.5811 299777.180000000 -0.0000 0.0000 100.0000
20440.2013 312467.8531 435.5882 299777.190000000 -0.0000 0.0000 100.0000
20440.1228 312467.8392 435.5952 299777.200000000 -0.0000 0.0000 100.0000
20440.0443 312467.8254 435.6023 299777.210000000 -0.0000 0.0000 100.0000
20439.9658 312467.8116 435.6093 299777.220000000 -0.0000 0.0000 100.0000
20439.8873 312467.7977 435.6164 299777.230000000 -0.0000 0.0000 100.0000
20439.8089 312467.7839 435.6234 299777.240000000 -0.0000 0.0000 100.0000
20439.7304 312467.7700 435.6305 299777.250000000 -0.0000 0.0000 100.0000
20439.6519 312467.7562 435.6375 299777.260000000 -0.0000 0.0000 100.0000
20439.5734 312467.7424 435.6446 299777.270000000 -0.0000 0.0000 100.0000
20439.4950 312467.7285 435.6517 299777.280000000 -0.0000 0.0000 100.0000
20439.4165 312467.7147 435.6587 299777.290000000 -0.0000 0.0000 100.0000
20439.3380 312467.7009 435.6658 299777.300000000 -0.0000 0.0000 100.0000
20439.2595 312467.6870 435.6728 299777.310000000 -0.0000 0.0000 100.0000
20439.1810 312467.6732 435.6799 299777.320000000 -0.0000 0.0000 100.0000
20439.1026 312467.6593 435.6869 299777.330000000 -0.0000 0.0000 100.0000
20439.0241 312467.6455 435.6940 299777.340000000 -0.0000 0.0000 100.0000
20438.9456 312467.6317 435.7010 299777.350000000 -0.0000 0.0000 100.0000
20438.8671 312467.6178 435.7081 299777.360000000 -0.0000 0.0000 100.0000
20438.7887 312467.6040 435.7152 299777.370000000 -0.0000 0.0000 100.0000
20438.7102 312467.5902 435.7222 299777.380000000 -0.0000 0.0000 100.0000
20438.6317 312467.5763 435.7293 299777.390000000 -0.0000 0.0000 100.0000
20438.5532 312467.5625 435.7363 299777.400000000 -0.0000 0.0000 100.0000
20438.4747 312467.5486 435.7434 299777.410000000 -0.0000 0.0000 100.0000
20438.3963 312467.5348 435.7504 299777.420000000 -0.0000 0.0000 100.0000
20438.3178 312467.5210 435.7575 299777.430000000 -0.0000 0.0000 100.0000
20438.2393 312467.5071 435.7645 299777.440000000 -0.0000 0.0000 100.0000
20438.1608 312467.4933 435.7716 299777.450000000 -0.0000 0.0000 100.0000
20438.0824 312467.4795 435.7786 299777.460000000 -0.0000 0.0000 100.0000
20438.0039 312467.4656 435.7857 299777.470000000 -0.0000 0.0000 100.0000
20437.9254 312467.4518 435.7928 299777.480000000 -0.0000 0.0000 100.0000
20437.8469 312467.4379 435.7998 299777.490000000 -0.0000 0.0000 100.0000
20437.7684 312467.4241 435.8069 299777.500000000 -0.0000 0.0000 100.0000
20437.6900 312467.4103 435.8139 299777.510000000 -0.0000 0.0000 100.0000
20437.6115 312467.3964 435.8210 299777.520000000 -0.0000 0.0000 100.0000
20437.5330 312467.3826 435.8280 299777.530000000 -0.0000 0.0000 100.0000
20437.4545 312467.3688 435.8351 299777.540000000 -0.0000 0.0000 100.0000
20437.3761 312467.3549 435.8421 299777.550000000 -0.0000 0.0000 100.0000
20437.2976 312467.3411 435.8492 299777.560000000 -0.0000 0.0000 100.0000
20437.2191 312467.3272 435.8563 299777.570000000 -0.0000 0.0000 100.0000
20437.1406 312467.3134 435.8633 299777.580000000 -0.0000 0.0000 100.0000
20437.0621 312467.2996 435.8704 299777.590000000 -0.0000 0.0000 100.0000
20436.9837 312467.2857 435.8774 299777.600000000 -0.0000 0.0000 100.0000
20436.9052 312467.2719 435.8845 299777.610000000 -0.0000 0.0000 100.0000
20436.8267 312467.2580 435.8915 299777.620000000 -0.0000 0.0000 100.0000
20436.7482 312467.2442 435.8986 299777.630000000 -0.0000 0.0000 100.0000
20436.6698 312467.2304 435.9056 299777.640000000 -0.0000 0.0000 100.0000
20436.5913 312467.2165 435.9127 299777.650000000 -0.0000 0.0000 100.0000
20436.5128 312467.2027 435.9197 299777.660000000 -0.0000 0.0000 100.0000
20436.4343 312467.1889 435.9268 299777.670000000 -0.0000 0.0000 100.0000
20436.3558 312467.1750 435.9339 299777.680000000 -0.0000 0.0000 100.0000
20436.2774 312467.1612 435.9409 299777.690000000 -0.0000 0.0000 100.0000
20436.1989 312467.1473 435.9480 299777.700000000 -0.0000 0.0000 100.0000
20436.1204 312467.1335 435.9550 299777.710000000 -0.0000 0.0000 100.0000
20436.0419 312467.1197 435.9621 299777.720000000 -0.0000 0.0000 100.0000
20435.9635 312467.1058 435.9691 299777.730000000 -0.0000 0.0000 100.0000
20435.8850 312467.0920 435.9762 299777.740000000 -0.0000 0.0000 100.0000
20435.8065 312467.0782 435.9832 299777.750000000 -0.0000 0.0000 100.0000
20435.7280 312467.0643 435.9903 299777.760000000 -0.0000 0.0000 100.0000
20435.6495 312467.0505 435.9974 299777.770000000 -0.0000 0.0000 100.0000
20435.5711 312467.0366 436.0044 299777.780000000 -0.0000 0.0000 100.0000
20435.4926 312467.0228 436.0115 299777.790000000 -0.0000 0.0000 100.0000
20435.4141 312467.0090 436.0185 299777.800000000 -0.0000 0.0000 100.0000
20435.3356 312466.9951 436.0256 299777.810000000 -0.0000 0.0000 100.0000
20435.2572 312466.9813 436.0326 299777.820000000 -0.0000 0.0000 100.0000
20435.1787 312466.9675 436.0397 299777.830000000 -0.0000 0.0000 100.0000
20435.1002 312466.9536 436.0467 299777.840000000 -0.0000 0.0000 100.0000
20435.0217 312466.9398 436.0538 299777.850000000 -0.0000 0.0000 100.0000
20434.9432 312466.9259 436.0609 299777.860000000 -0.0000 0.0000 100.0000
20434.8648 312466.9121 436.0679 299777.870000000 -0.0000 0.0000 100.0000
20434.7863 312466.8983 436.0750 299777.880000000 -0.0000 0.0000 100.0000
20434.7078 312466.8844 436.0820 299777.890000000 -0.0000 0.0000 100.0000
20434.6293 312466.8706 436.0891 299777.900000000 -0.0000 0.0000 100.0000
20434.5509 312466.8568 436.0961 299777.910000000 -0.0000 0.0000 100.0000
20434.4724 312466.8429 436.1032 299777.920000000 -0.0000 0.0000 100.0000
20434.3939 312466.8291 436.1102 299777.930000000 -0.0000 0.0000 100.0000
20434.3154 312466.8152 436.1173 299777.940000000 -0.0000 0.0000 100.0000
20434.2369 312466.8014 436.1243 299777.950000000 -0.0000 0.0000 100.0000
20434.1585 312466.7876 436.1314 299777.960000000 -0.0000 0.0000 100.0000
20434.0800 312466.7737 436.1385 299777.970000000 -0.0000 0.0000 100.0000
20434.0015 312466.7599 436.1455 299777.980000000 -0.0000 0.0000 100.0000
20433.9230 312466.7461 436.1526 299777.990000000 -0.0000 0.0000 100.0000
20433.8446 312466.7322 436.1596 299778.000000000 -0.0000 0.0000 100.0000
20433.7661 312466.7184 436.1667 299778.010000000 -0.0000 0.0000 100.0000
20433.6876 312466.7045 436.1737 299778.020000000 -0.0000 0.0000 100.0000
20433.6091 312466.6907 436.1808 299778.030000000 -0.0000 0.0000 100.0000
20433.5306 312466.6769 436.1878 299778.040000000 -0.0000 0.0000 100.0000
20433.4522 312466.6630 436.1949 299778.050000000 -0.0000 0.0000 100.0000
20433.3737 312466.6492 436.2020 299778.060000000 -0.0000 0.0000 100.0000
20433.2952 312466.6354 436.2090 299778.070000000 -0.0000 0.0000 100.0000
20433.2167 312466.6215 436.2161 299778.080000000 -0.0000 0.0000 100.0000
20433.1383 312466.6077 436.2231 299778.090000000 -0.0000 0.0000 100.0000
20433.0598 312466.5938 436.2302 299778.100000000 -0.0000 0.0000 100.0000
20432.9813 312466.5800 436.2372 299778.110000000 -0.0000 0.0000 100.0000
20432.9028 312466.5662 436.2443 299778.120000000 -0.0000 0.0000 100.0000
20432.8244 312466.5523 436.2513 299778.130000000 -0.0000 0.0000 100.0000
20432.7459 312466.5385 436.2584 299778.140000000 -0.0000 0.0000 100.0000
20432.6674 312466.5246 436.2654 299778.150000000 -0.0000 0.0000 100.0000
20432.5889 312466.5108 436.2725 299778.160000000 -0.0000 0.0000 100.0000
20432.5104 312466.4970 436.2796 299778.170000000 -0.0000 0.0000 100.0000
20432.4320 312466.4831 436.2866 299778.180000000 -0.0000 0.0000 100.0000
20432.3535 312466.4693 436.2937 299778.190000000 -0.0000 0.0000 100.0000
20432.2750 312466.4555 436.3007 299778.200000000 -0.0000 0.0000 100.0000
20432.1965 312466.4416 436.3078 299778.210000000 -0.0000 0.0000 100.0000
20432.1181 312466.4278 436.3148 299778.220000000 -0.0000 0.0000 100.0000
20432.0396 312466.4139 436.3219 299778.230000000 -0.0000 0.0000 100.0000
20431.9611 312466.4001 436.3289 299778.240000000 -0.0000 0.0000 100.0000
20431.8826 312466.3863 436.3360 299778.250000000 -0.0000 0.0000 100.0000
20431.8041 312466.3724 436.3431 299778.260000000 -0.0000 0.0000 100.0000
20431.7257 312466.3586 436.3501 299778.270000000 -0.0000 0.0000 100.0000
20431.6472 312466.3448 436.3572 299778.280000000 -0.0000 0.0000 100.0000
20431.5687 312466.3309 436.3642 299778.290000000 -0.0000 0.0000 100.0000
20431.4902 312466.3171 436.3713 299778.300000000 -0.0000 0.0000 100.0000
20431.4118 312466.3032 436.3783 299778.310000000 -0.0000 0.0000 100.0000
20431.3333 312466.2894 436.3854 299778.320000000 -0.0000 0.0000 100.0000
20431.2548 312466.2756 436.3924 299778.330000000 -0.0000 0.0000 100.0000
20431.1763 312466.2617 436.3995 299778.340000000 -0.0000 0.0000 100.0000
20431.0978 312466.2479 436.4065 299778.350000000 -0.0000 0.0000 100.0000
20431.0194 312466.2341 436.4136 299778.360000000 -0.0000 0.0000 100.0000
20430.9409 312466.2202 436.4207 299778.370000000 -0.0000 0.0000 100.0000
20430.8624 312466.2064 436.4277 299778.380000000 -0.0000 0.0000 100.0000
20430.7839 312466.1925 436.4348 299778.390000000 -0.0000 0.0000 100.0000
20430.7055 312466.1787 436.4418 299778.400000000 -0.0000 0.0000 100.0000
20430.6270 312466.1649 436.4489 299778.410000000 -0.0000 0.0000 100.0000
20430.5485 312466.1510 436.4559 299778.420000000 -0.0000 0.0000 100.0000
20430.4700 312466.1372 436.4630 299778.430000000 -0.0000 0.0000 100.0000
20430.3915 312466.1234 436.4700 299778.440000000 -0.0000 0.0000 100.0000
20430.3131 312466.1095 436.4771 299778.450000000 -0.0000 0.0000 100.0000
20430.2346 312466.0957 436.4842 299778.460000000 -0.0000 0.0000 100.0000
20430.1561 312466.0818 436.4912 299778.470000000 -0.0000 0.0000 100.0000
20430.0776 312466.0680 436.4983 299778.480000000 -0.0000 0.0000 100.0000
20429.9992 312466.0542 436.5053 299778.490000000 -0.0000 0.0000 100.0000
20429.9207 312466.0403 436.5124 299778.500000000 -0.0000 0.0000 100.0000
20429.8422 312466.0265 436.5194 299778.510000000 -0.0000 0.0000 100.0000
20429.7637 312466.0127 436.5265 299778.520000000 -0.0000 0.0000 100.0000
20429.6852 312465.9988 436.5335 299778.530000000 -0.0000 0.0000 100.0000
20429.6068 312465.9850 436.5406 299778.540000000 -0.0000 0.0000 100.0000
20429.5283 312465.9711 436.5477 299778.550000000 -0.0000 0.0000 100.0000
20429.4498 312465.9573 436.5547 299778.560000000 -0.0000 0.0000 100.0000
20429.3713 312465.9435 436.5618 299778.570000000 -0.0000 0.0000 100.0000
20429.2929 312465.9296 436.5688 299778.580000000 -0.0000 0.0000 100.0000
20429.2144 312465.9158 436.5759 299778.590000000 -0.0000 0.0000 100.0000
20429.1359 312465.9020 436.5829 299778.600000000 -0.0000 0.0000 100.0000
20429.0574 312465.8881 436.5900 299778.610000000 -0.0000 0.0000 100.0000
20428.9789 312465.8743 436.5970 299778.620000000 -0.0000 0.0000 100.0000
20428.9005 312465.8604 436.6041 299778.630000000 -0.0000 0.0000 100.0000
20428.8220 312465.8466 436.6111 299778.640000000 -0.0000 0.0000 100.0000
20428.7435 312465.8328 436.6182 299778.650000000 -0.0000 0.0000 100.0000
20428.6650 312465.8189 436.6253 299778.660000000 -0.0000 0.0000 100.0000
20428.5866 312465.8051 436.6323 299778.670000000 -0.0000 0.0000 100.0000
20428.5081 312465.7912 436.6394 299778.680000000 -0.0000 0.0000 100.0000
20428.4296 312465.7774 436.6464 299778.690000000 -0.0000 0.0000 100.0000
20428.3511 312465.7636 436.6535 299778.700000000 -0.0000 0.0000 100.0000
20428.2726 312465.7497 436.6605 299778.710000000 -0.0000 0.0000 100.0000
20428.1942 312465.7359 436.6676 299778.720000000 -0.0000 0.0000 100.0000
20428.1157 312465.7221 436.6746 299778.730000000 -0.0000 0.0000 100.0000
20428.0372 312465.7082 436.6817 299778.740000000 -0.0000 0.0000 100.0000
20427.9587 312465.6944 436.6888 299778.750000000 -0.0000 0.0000 100.0000
20427.8803 312465.6805 436.6958 299778.760000000 -0.0000 0.0000 100.0000
20427.8018 312465.6667 436.7029 299778.770000000 -0.0000 0.0000 100.0000
20427.7233 312465.6529 436.7099 299778.780000000 -0.0000 0.0000 100.0000
20427.6448 312465.6390 436.7170 299778.790000000 -0.0000 0.0000 100.0000
20427.5663 312465.6252 436.7240 299778.800000000 -0.0000 0.0000 100.0000
20427.4879 312465.6114 436.7311 299778.810000000 -0.0000 0.0000 100.0000
20427.4094 312465.5975 436.7381 299778.820000000 -0.0000 0.0000 100.0000
20427.3309 312465.5837 436.7452 299778.830000000 -0.0000 0.0000 100.0000
20427.2524 312465.5698 436.7522 299778.840000000 -0.0000 0.0000 100.0000
20427.1740 312465.5560 436.7593 299778.850000000 -0.0000 0.0000 100.0000
20427.0955 312465.5422 436.7664 299778.860000000 -0.0000 0.0000 100.0000
20427.0170 312465.5283 436.7734 299778.870000000 -0.0000 0.0000 100.0000
20426.9385 312465.5145 436.7805 299778.880000000 -0.0000 0.0000 100.0000
20426.8600 312465.5007 436.7875 299778.890000000 -0.0000 0.0000 100.0000
20426.7816 312465.4868 436.7946 299778.900000000 -0.0000 0.0000 100.0000
20426.7031 312465.4730 436.8016 299778.910000000 -0.0000 0.0000 100.0000
20426.6246 312465.4591 436.8087 299778.920000000 -0.0000 0.0000 100.0000
20426.5461 312465.4453 436.8157 299778.930000000 -0.0000 0.0000 100.0000
20426.4677 312465.4315 436.8228 299778.940000000 -0.0000 0.0000 100.0000
20426.3892 312465.4176 436.8299 299778.950000000 -0.0000 0.0000 100.0000
20426.3107 312465.4038 436.8369 299778.960000000 -0.0000 0.0000 100.0000
20426.2322 312465.3900 436.8440 299778.970000000 -0.0000 0.0000 100.0000
20426.1537 312465.3761 436.8510 299778.980000000 -0.0000 0.0000 100.0000
20426.0753 312465.3623 436.8581 299778.990000000 -0.0000 0.0000 100.0000
20425.9968 312465.3484 436.8651 299779.000000000 -0.0000 0.0000 100.0000
20425.9183 312465.3346 436.8722 299779.010000000 -0.0000 0.0000 100.0000
20425.8398 312465.3208 436.8792 299779.020000000 -0.0000 0.0000 100.0000
20425.7614 312465.3069 436.8863 299779.030000000 -0.0000 0.0000 100.0000
20425.6829 312465.2931 436.8933 299779.040000000 -0.0000 0.0000 100.0000
20425.6044 312465.2793 436.9004 299779.050000000 -0.0000 0.0000 100.0000
20425.5259 312465.2654 436.9075 299779.060000000 -0.0000 0.0000 100.0000
20425.4475 312465.2516 436.9145 299779.070000000 -0.0000 0.0000 100.0000
20425.3690 312465.2377 436.9216 299779.080000000 -0.0000 0.0000 100.0000
20425.2905 312465.2239 436.9286 299779.090000000 -0.0000 0.0000 100.0000
20425.2120 312465.2101 436.9357 299779.100000000 -0.0000 0.0000 100.0000
20425.1335 312465.1962 436.9427 299779.110000000 -0.0000 0.0000 100.0000
20425.0551 312465.1824 436.9498 299779.120000000 -0.0000 0.0000 100.0000
20424.9766 312465.1686 436.9568 299779.130000000 -0.0000 0.0000 100.0000
20424.8981 312465.1547 436.9639 299779.140000000 -0.0000 0.0000 100.0000
20424.8196 312465.1409 436.9710 299779.150000000 -0.0000 0.0000 100.0000
20424.7412 312465.1270 436.9780 299779.160000000 -0.0000 0.0000 100.0000
20424.6627 312465.1132 436.9851 299779.170000000 -0.0000 0.0000 100.0000
20424.5842 312465.0994 436.9921 299779.180000000 -0.0000 0.0000 100.0000
20424.5057 312465.0855 436.9992 299779.190000000 -0.0000 0.0000 100.0000
20424.4272 312465.0717 437.0062 299779.200000000 -0.0000 0.0000 100.0000
20424.3488 312465.0578 437.0133 299779.210000000 -0.0000 0.0000 100.0000
20424.2703 312465.0440 437.0203 299779.220000000 -0.0000 0.0000 100.0000
20424.1918 312465.0302 437.0274 299779.230000000 -0.0000 0.0000 100.0000
20424.1133 312465.0163 437.0345 299779.240000000 -0.0000 0.0000 100.0000
20424.0349 312465.0025 437.0415 299779.250000000 -0.0000 0.0000 100.0000
20423.9564 312464.9887 437.0486 299779.260000000 -0.0000 0.0000 100.0000
20423.8779 312464.9748 437.0556 299779.270000000 -0.0000 0.0000 100.0000
20423.7994 312464.9610 437.0627 299779.280000000 -0.0000 0.0000 100.0000
20423.7209 312464.9471 437.0697 299779.290000000 -0.0000 0.0000 100.0000
20423.6425 312464.9333 437.0768 299779.300000000 -0.0000 0.0000 100.0000
20423.5640 312464.9195 437.0838 299779.310000000 -0.0000 0.0000 100.0000
20423.4855 312464.9056 437.0909 299779.320000000 -0.0000 0.0000 100.0000
20423.4070 312464.8918 437.0979 299779.330000000 -0.0000 0.0000 100.0000
20423.3286 312464.8780 437.1050 299779.340000000 -0.0000 0.0000 100.0000
20423.2501 312464.8641 437.1121 299779.350000000 -0.0000 0.0000 100.0000
20423.1716 312464.8503 437.1191 299779.360000000 -0.0000 0.0000 100.0000
20423.0931 312464.8364 437.1262 299779.370000000 -0.0000 0.0000 100.0000
20423.0146 312464.8226 437.1332 299779.380000000 -0.0000 0.0000 100.0000
20422.9362 312464.8088 437.1403 299779.390000000 -0.0000 0.0000 100.0000
20422.8577 312464.7949 437.1473 299779.400000000 -0.0000 0.0000 100.0000
20422.7792 312464.7811 437.1544 299779.410000000 -0.0000 0.0000 100.0000
20422.7007 312464.7673 437.1614 299779.420000000 -0.0000 0.0000 100.0000
20422.6223 312464.7534 437.1685 299779.430000000 -0.0000 0.0000 100.0000
20422.5438 312464.7396 437.1756 299779.440000000 -0.0000 0.0000 100.0000
20422.4653 312464.7257 437.1826 299779.450000000 -0.0000 0.0000 100.0000
20422.3868 312464.7119 437.1897 299779.460000000 -0.0000 0.0000 100.0000
20422.3083 312464.6981 437.1967 299779.470000000 -0.0000 0.0000 100.0000
20422.2299 312464.6842 437.2038 299779.480000000 -0.0000 0.0000 100.0000
20422.1514 312464.6704 437.2108 299779.490000000 -0.0000 0.0000 100.0000
20422.0729 312464.6566 437.2179 299779.500000000 -0.0000 0.0000 100.0000
20421.9944 312464.6427 437.2249 299779.510000000 -0.0000 0.0000 100.0000
20421.9160 312464.6289 437.2320 299779.520000000 -0.0000 0.0000 100.0000
20421.8375 312464.6150 437.2390 299779.530000000 -0.0000 0.0000 100.0000
20421.7590 312464.6012 437.2461 299779.540000000 -0.0000 0.0000 100.0000
20421.6805 312464.5874 437.2532 299779.550000000 -0.0000 0.0000 100.0000
20421.6020 312464.5735 437.2602 299779.560000000 -0.0000 0.0000 100.0000
20421.5236 312464.5597 437.2673 299779.570000000 -0.0000 0.0000 100.0000
20421.4451 312464.5459 437.2743 299779.580000000 -0.0000 0.0000 100.0000
20421.3666 312464.5320 437.2814 299779.590000000 -0.0000 0.0000 100.0000
20421.2881 312464.5182 437.2884 299779.600000000 -0.0000 0.0000 100.0000
20421.2097 312464.5043 437.2955 299779.610000000 -0.0000 0.0000 100.0000
20421.1312 312464.4905 437.3025 299779.620000000 -0.0000 0.0000 100.0000
20421.0527 312464.4767 437.3096 299779.630000000 -0.0000 0.0000 100.0000
20420.9742 312464.4628 437.3167 299779.640000000 -0.0000 0.0000 100.0000
20420.8957 312464.4490 437.3237 299779.650000000 -0.0000 0.0000 100.0000
20420.8173 312464.4352 437.3308 299779.660000000 -0.0000 0.0000 100.0000
20420.7388 312464.4213 437.3378 299779.670000000 -0.0000 0.0000 100.0000
20420.6603 312464.4075 437.3449 299779.680000000 -0.0000 0.0000 100.0000
20420.5818 312464.3936 437.3519 299779.690000000 -0.0000 0.0000 100.0000
20420.5034 312464.3798 437.3590 299779.700000000 -0.0000 0.0000 100.0000
20420.4249 312464.3660 437.3660 299779.710000000 -0.0000 0.0000 100.0000
20420.3464 312464.3521 437.3731 299779.720000000 -0.0000 0.0000 100.0000
20420.2679 312464.3383 437.3801 299779.730000000 -0.0000 0.0000 100.0000
20420.1894 312464.3245 437.3872 299779.740000000 -0.0000 0.0000 100.0000
20420.1110 312464.3106 437.3943 299779.750000000 -0.0000 0.0000 100.0000
20420.0325 312464.2968 437.4013 299779.760000000 -0.0000 0.0000 100.0000
20419.9540 312464.2829 437.4084 299779.770000000 -0.0000 0.0000 100.0000
20419.8755 312464.2691 437.4154 299779.780000000 -0.0000 0.0000 100.0000
20419.7971 312464.2553 437.4225 299779.790000000 -0.0000 0.0000 100.0000
20419.7186 312464.2414 437.4295 299779.800000000 -0.0000 0.0000 100.0000
20419.6401 312464.2276 437.4366 299779.810000000 -0.0000 0.0000 100.0000
20419.5616 312464.2137 437.4436 299779.820000000 -0.0000 0.0000 100.0000
