20419.5354 312464.2091 437.4460 299779.823340000 -0.0000 0.0000 100.0000
20419.4581 312464.1955 437.4307 299779.833340000 -0.0000 0.0000 100.0000
20419.3808 312464.1819 437.4154 299779.843340000 -0.0000 0.0000 100.0000
20419.3034 312464.1682 437.4000 299779.853340000 -0.0000 0.0000 100.0000
20419.2261 312464.1546 437.3847 299779.863340000 -0.0000 0.0000 100.0000
20419.1488 312464.1410 437.3694 299779.873340000 -0.0000 0.0000 100.0000
20419.0715 312464.1273 437.3541 299779.883340000 -0.0000 0.0000 100.0000
20418.9941 312464.1137 437.3387 299779.893340000 -0.0000 0.0000 100.0000
20418.9168 312464.1000 437.3234 299779.903340000 -0.0000 0.0000 100.0000
20418.8395 312464.0864 437.3081 299779.913340000 -0.0000 0.0000 100.0000
20418.7622 312464.0728 437.2928 299779.923340000 -0.0000 0.0000 100.0000
20418.6848 312464.0591 437.2775 299779.933340000 -0.0000 0.0000 100.0000
20418.6075 312464.0455 437.2621 299779.943340000 -0.0000 0.0000 100.0000
20418.5302 312464.0319 437.2468 299779.953340000 -0.0000 0.0000 100.0000
20418.4528 312464.0182 437.2315 299779.963340000 -0.0000 0.0000 100.0000
20418.3755 312464.0046 437.2162 299779.973340000 -0.0000 0.0000 100.0000
20418.2982 312463.9910 437.2009 299779.983340000 -0.0000 0.0000 100.0000
20418.2209 312463.9773 437.1855 299779.993340000 -0.0000 0.0000 100.0000
20418.1435 312463.9637 437.1702 299780.003340000 -0.0000 0.0000 100.0000
20418.0662 312463.9501 437.1549 299780.013340000 -0.0000 0.0000 100.0000
20417.9889 312463.9364 437.1396 299780.023340000 -0.0000 0.0000 100.0000
20417.9116 312463.9228 437.1242 299780.033340000 -0.0000 0.0000 100.0000
20417.8342 312463.9092 437.1089 299780.043340000 -0.0000 0.0000 100.0000
20417.7569 312463.8955 437.0936 299780.053340000 -0.0000 0.0000 100.0000
20417.6796 312463.8819 437.0783 299780.063340000 -0.0000 0.0000 100.0000
20417.6023 312463.8683 437.0630 299780.073340000 -0.0000 0.0000 100.0000
20417.5249 312463.8546 437.0476 299780.083340000 -0.0000 0.0000 100.0000
20417.4476 312463.8410 437.0323 299780.093340000 -0.0000 0.0000 100.0000
20417.3703 312463.8274 437.0170 299780.103340000 -0.0000 0.0000 100.0000
20417.2930 312463.8137 437.0017 299780.113340000 -0.0000 0.0000 100.0000
20417.2156 312463.8001 436.9863 299780.123340000 -0.0000 0.0000 100.0000
20417.1383 312463.7865 436.9710 299780.133340000 -0.0000 0.0000 100.0000
20417.0610 312463.7728 436.9557 299780.143340000 -0.0000 0.0000 100.0000
20416.9836 312463.7592 436.9404 299780.153340000 -0.0000 0.0000 100.0000
20416.9063 312463.7455 436.9251 299780.163340000 -0.0000 0.0000 100.0000
20416.8290 312463.7319 436.9097 299780.173340000 -0.0000 0.0000 100.0000
20416.7517 312463.7183 436.8944 299780.183340000 -0.0000 0.0000 100.0000
20416.6743 312463.7046 436.8791 299780.193340000 -0.0000 0.0000 100.0000
20416.5970 312463.6910 436.8638 299780.203340000 -0.0000 0.0000 100.0000
20416.5197 312463.6774 436.8485 299780.213340000 -0.0000 0.0000 100.0000
20416.4424 312463.6637 436.8331 299780.223340000 -0.0000 0.0000 100.0000
20416.3650 312463.6501 436.8178 299780.233340000 -0.0000 0.0000 100.0000
20416.2877 312463.6365 436.8025 299780.243340000 -0.0000 0.0000 100.0000
20416.2104 312463.6228 436.7872 299780.253340000 -0.0000 0.0000 100.0000
20416.1331 312463.6092 436.7718 299780.263340000 -0.0000 0.0000 100.0000
20416.0557 312463.5956 436.7565 299780.273340000 -0.0000 0.0000 100.0000
20415.9784 312463.5819 436.7412 299780.283340000 -0.0000 0.0000 100.0000
20415.9011 312463.5683 436.7259 299780.293340000 -0.0000 0.0000 100.0000
20415.8238 312463.5547 436.7106 299780.303340000 -0.0000 0.0000 100.0000
20415.7464 312463.5410 436.6952 299780.313340000 -0.0000 0.0000 100.0000
20415.6691 312463.5274 436.6799 299780.323340000 -0.0000 0.0000 100.0000
20415.5918 312463.5138 436.6646 299780.333340000 -0.0000 0.0000 100.0000
20415.5145 312463.5001 436.6493 299780.343340000 -0.0000 0.0000 100.0000
20415.4371 312463.4865 436.6340 299780.353340000 -0.0000 0.0000 100.0000
20415.3598 312463.4729 436.6186 299780.363340000 -0.0000 0.0000 100.0000
20415.2825 312463.4592 436.6033 299780.373340000 -0.0000 0.0000 100.0000
20415.2051 312463.4456 436.5880 299780.383340000 -0.0000 0.0000 100.0000
20415.1278 312463.4319 436.5727 299780.393340000 -0.0000 0.0000 100.0000
20415.0505 312463.4183 436.5573 299780.403340000 -0.0000 0.0000 100.0000
20414.9732 312463.4047 436.5420 299780.413340000 -0.0000 0.0000 100.0000
20414.8958 312463.3910 436.5267 299780.423340000 -0.0000 0.0000 100.0000
20414.8185 312463.3774 436.5114 299780.433340000 -0.0000 0.0000 100.0000
20414.7412 312463.3638 436.4961 299780.443340000 -0.0000 0.0000 100.0000
20414.6639 312463.3501 436.4807 299780.453340000 -0.0000 0.0000 100.0000
20414.5865 312463.3365 436.4654 299780.463340000 -0.0000 0.0000 100.0000
20414.5092 312463.3229 436.4501 299780.473340000 -0.0000 0.0000 100.0000
20414.4319 312463.3092 436.4348 299780.483340000 -0.0000 0.0000 100.0000
20414.3546 312463.2956 436.4194 299780.493340000 -0.0000 0.0000 100.0000
20414.2772 312463.2820 436.4041 299780.503340000 -0.0000 0.0000 100.0000
20414.1999 312463.2683 436.3888 299780.513340000 -0.0000 0.0000 100.0000
20414.1226 312463.2547 436.3735 299780.523340000 -0.0000 0.0000 100.0000
20414.0453 312463.2411 436.3582 299780.533340000 -0.0000 0.0000 100.0000
20413.9679 312463.2274 436.3428 299780.543340000 -0.0000 0.0000 100.0000
20413.8906 312463.2138 436.3275 299780.553340000 -0.0000 0.0000 100.0000
20413.8133 312463.2002 436.3122 299780.563340000 -0.0000 0.0000 100.0000
20413.7359 312463.1865 436.2969 299780.573340000 -0.0000 0.0000 100.0000
20413.6586 312463.1729 436.2816 299780.583340000 -0.0000 0.0000 100.0000
20413.5813 312463.1593 436.2662 299780.593340000 -0.0000 0.0000 100.0000
20413.5040 312463.1456 436.2509 299780.603340000 -0.0000 0.0000 100.0000
20413.4266 312463.1320 436.2356 299780.613340000 -0.0000 0.0000 100.0000
20413.3493 312463.1184 436.2203 299780.623340000 -0.0000 0.0000 100.0000
20413.2720 312463.1047 436.2049 299780.633340000 -0.0000 0.0000 100.0000
20413.1947 312463.0911 436.1896 299780.643340000 -0.0000 0.0000 100.0000
20413.1173 312463.0774 436.1743 299780.653340000 -0.0000 0.0000 100.0000
20413.0400 312463.0638 436.1590 299780.663340000 -0.0000 0.0000 100.0000
20412.9627 312463.0502 436.1437 299780.673340000 -0.0000 0.0000 100.0000
20412.8854 312463.0365 436.1283 299780.683340000 -0.0000 0.0000 100.0000
20412.8080 312463.0229 436.1130 299780.693340000 -0.0000 0.0000 100.0000
20412.7307 312463.0093 436.0977 299780.703340000 -0.0000 0.0000 100.0000
20412.6534 312462.9956 436.0824 299780.713340000 -0.0000 0.0000 100.0000
20412.5761 312462.9820 436.0670 299780.723340000 -0.0000 0.0000 100.0000
20412.4987 312462.9684 436.0517 299780.733340000 -0.0000 0.0000 100.0000
20412.4214 312462.9547 436.0364 299780.743340000 -0.0000 0.0000 100.0000
20412.3441 312462.9411 436.0211 299780.753340000 -0.0000 0.0000 100.0000
20412.2668 312462.9275 436.0058 299780.763340000 -0.0000 0.0000 100.0000
20412.1894 312462.9138 435.9904 299780.773340000 -0.0000 0.0000 100.0000
20412.1121 312462.9002 435.9751 299780.783340000 -0.0000 0.0000 100.0000
20412.0348 312462.8866 435.9598 299780.793340000 -0.0000 0.0000 100.0000
20411.9574 312462.8729 435.9445 299780.803340000 -0.0000 0.0000 100.0000
20411.8801 312462.8593 435.9292 299780.813340000 -0.0000 0.0000 100.0000
20411.8028 312462.8457 435.9138 299780.823340000 -0.0000 0.0000 100.0000
20411.7255 312462.8320 435.8985 299780.833340000 -0.0000 0.0000 100.0000
20411.6481 312462.8184 435.8832 299780.843340000 -0.0000 0.0000 100.0000
20411.5708 312462.8048 435.8679 299780.853340000 -0.0000 0.0000 100.0000
20411.4935 312462.7911 435.8525 299780.863340000 -0.0000 0.0000 100.0000
20411.4162 312462.7775 435.8372 299780.873340000 -0.0000 0.0000 100.0000
20411.3388 312462.7638 435.8219 299780.883340000 -0.0000 0.0000 100.0000
20411.2615 312462.7502 435.8066 299780.893340000 -0.0000 0.0000 100.0000
20411.1842 312462.7366 435.7913 299780.903340000 -0.0000 0.0000 100.0000
20411.1069 312462.7229 435.7759 299780.913340000 -0.0000 0.0000 100.0000
20411.0295 312462.7093 435.7606 299780.923340000 -0.0000 0.0000 100.0000
20410.9522 312462.6957 435.7453 299780.933340000 -0.0000 0.0000 100.0000
20410.8749 312462.6820 435.7300 299780.943340000 -0.0000 0.0000 100.0000
20410.7976 312462.6684 435.7146 299780.953340000 -0.0000 0.0000 100.0000
20410.7202 312462.6548 435.6993 299780.963340000 -0.0000 0.0000 100.0000
20410.6429 312462.6411 435.6840 299780.973340000 -0.0000 0.0000 100.0000
20410.5656 312462.6275 435.6687 299780.983340000 -0.0000 0.0000 100.0000
20410.4882 312462.6139 435.6534 299780.993340000 -0.0000 0.0000 100.0000
20410.4109 312462.6002 435.6380 299781.003340000 -0.0000 0.0000 100.0000
20410.3336 312462.5866 435.6227 299781.013340000 -0.0000 0.0000 100.0000
20410.2563 312462.5730 435.6074 299781.023340000 -0.0000 0.0000 100.0000
20410.1789 312462.5593 435.5921 299781.033340000 -0.0000 0.0000 100.0000
20410.1016 312462.5457 435.5768 299781.043340000 -0.0000 0.0000 100.0000
20410.0243 312462.5321 435.5614 299781.053340000 -0.0000 0.0000 100.0000
20409.9470 312462.5184 435.5461 299781.063340000 -0.0000 0.0000 100.0000
20409.8696 312462.5048 435.5308 299781.073340000 -0.0000 0.0000 100.0000
20409.7923 312462.4912 435.5155 299781.083340000 -0.0000 0.0000 100.0000
20409.7150 312462.4775 435.5001 299781.093340000 -0.0000 0.0000 100.0000
20409.6377 312462.4639 435.4848 299781.103340000 -0.0000 0.0000 100.0000
20409.5603 312462.4503 435.4695 299781.113340000 -0.0000 0.0000 100.0000
20409.4830 312462.4366 435.4542 299781.123340000 -0.0000 0.0000 100.0000
20409.4057 312462.4230 435.4389 299781.133340000 -0.0000 0.0000 100.0000
20409.3284 312462.4093 435.4235 299781.143340000 -0.0000 0.0000 100.0000
20409.2510 312462.3957 435.4082 299781.153340000 -0.0000 0.0000 100.0000
20409.1737 312462.3821 435.3929 299781.163340000 -0.0000 0.0000 100.0000
20409.0964 312462.3684 435.3776 299781.173340000 -0.0000 0.0000 100.0000
20409.0191 312462.3548 435.3623 299781.183340000 -0.0000 0.0000 100.0000
20408.9417 312462.3412 435.3469 299781.193340000 -0.0000 0.0000 100.0000
20408.8644 312462.3275 435.3316 299781.203340000 -0.0000 0.0000 100.0000
20408.7871 312462.3139 435.3163 299781.213340000 -0.0000 0.0000 100.0000
20408.7097 312462.3003 435.3010 299781.223340000 -0.0000 0.0000 100.0000
20408.6324 312462.2866 435.2856 299781.233340000 -0.0000 0.0000 100.0000
20408.5551 312462.2730 435.2703 299781.243340000 -0.0000 0.0000 100.0000
20408.4778 312462.2594 435.2550 299781.253340000 -0.0000 0.0000 100.0000
20408.4004 312462.2457 435.2397 299781.263340000 -0.0000 0.0000 100.0000
20408.3231 312462.2321 435.2244 299781.273340000 -0.0000 0.0000 100.0000
20408.2458 312462.2185 435.2090 299781.283340000 -0.0000 0.0000 100.0000
20408.1685 312462.2048 435.1937 299781.293340000 -0.0000 0.0000 100.0000
20408.0911 312462.1912 435.1784 299781.303340000 -0.0000 0.0000 100.0000
20408.0138 312462.1776 435.1631 299781.313340000 -0.0000 0.0000 100.0000
20407.9365 312462.1639 435.1477 299781.323340000 -0.0000 0.0000 100.0000
20407.8592 312462.1503 435.1324 299781.333340000 -0.0000 0.0000 100.0000
20407.7818 312462.1367 435.1171 299781.343340000 -0.0000 0.0000 100.0000
20407.7045 312462.1230 435.1018 299781.353340000 -0.0000 0.0000 100.0000
20407.6272 312462.1094 435.0865 299781.363340000 -0.0000 0.0000 100.0000
20407.5499 312462.0957 435.0711 299781.373340000 -0.0000 0.0000 100.0000
20407.4725 312462.0821 435.0558 299781.383340000 -0.0000 0.0000 100.0000
20407.3952 312462.0685 435.0405 299781.393340000 -0.0000 0.0000 100.0000
20407.3179 312462.0548 435.0252 299781.403340000 -0.0000 0.0000 100.0000
20407.2405 312462.0412 435.0099 299781.413340000 -0.0000 0.0000 100.0000
20407.1632 312462.0276 434.9945 299781.423340000 -0.0000 0.0000 100.0000
20407.0859 312462.0139 434.9792 299781.433340000 -0.0000 0.0000 100.0000
20407.0086 312462.0003 434.9639 299781.443340000 -0.0000 0.0000 100.0000
20406.9312 312461.9867 434.9486 299781.453340000 -0.0000 0.0000 100.0000
20406.8539 312461.9730 434.9332 299781.463340000 -0.0000 0.0000 100.0000
20406.7766 312461.9594 434.9179 299781.473340000 -0.0000 0.0000 100.0000
20406.6993 312461.9458 434.9026 299781.483340000 -0.0000 0.0000 100.0000
20406.6219 312461.9321 434.8873 299781.493340000 -0.0000 0.0000 100.0000
20406.5446 312461.9185 434.8720 299781.503340000 -0.0000 0.0000 100.0000
20406.4673 312461.9049 434.8566 299781.513340000 -0.0000 0.0000 100.0000
20406.3900 312461.8912 434.8413 299781.523340000 -0.0000 0.0000 100.0000
20406.3126 312461.8776 434.8260 299781.533340000 -0.0000 0.0000 100.0000
20406.2353 312461.8640 434.8107 299781.543340000 -0.0000 0.0000 100.0000
20406.1580 312461.8503 434.7953 299781.553340000 -0.0000 0.0000 100.0000
20406.0807 312461.8367 434.7800 299781.563340000 -0.0000 0.0000 100.0000
20406.0033 312461.8231 434.7647 299781.573340000 -0.0000 0.0000 100.0000
20405.9260 312461.8094 434.7494 299781.583340000 -0.0000 0.0000 100.0000
20405.8487 312461.7958 434.7341 299781.593340000 -0.0000 0.0000 100.0000
20405.7714 312461.7822 434.7187 299781.603340000 -0.0000 0.0000 100.0000
20405.6940 312461.7685 434.7034 299781.613340000 -0.0000 0.0000 100.0000
20405.6167 312461.7549 434.6881 299781.623340000 -0.0000 0.0000 100.0000
20405.5394 312461.7412 434.6728 299781.633340000 -0.0000 0.0000 100.0000
20405.4620 312461.7276 434.6575 299781.643340000 -0.0000 0.0000 100.0000
20405.3847 312461.7140 434.6421 299781.653340000 -0.0000 0.0000 100.0000
20405.3074 312461.7003 434.6268 299781.663340000 -0.0000 0.0000 100.0000
20405.2301 312461.6867 434.6115 299781.673340000 -0.0000 0.0000 100.0000
20405.1527 312461.6731 434.5962 299781.683340000 -0.0000 0.0000 100.0000
20405.0754 312461.6594 434.5808 299781.693340000 -0.0000 0.0000 100.0000
20404.9981 312461.6458 434.5655 299781.703340000 -0.0000 0.0000 100.0000
20404.9208 312461.6322 434.5502 299781.713340000 -0.0000 0.0000 100.0000
20404.8434 312461.6185 434.5349 299781.723340000 -0.0000 0.0000 100.0000
20404.7661 312461.6049 434.5196 299781.733340000 -0.0000 0.0000 100.0000
20404.6888 312461.5913 434.5042 299781.743340000 -0.0000 0.0000 100.0000
20404.6115 312461.5776 434.4889 299781.753340000 -0.0000 0.0000 100.0000
20404.5341 312461.5640 434.4736 299781.763340000 -0.0000 0.0000 100.0000
20404.4568 312461.5504 434.4583 299781.773340000 -0.0000 0.0000 100.0000
20404.3795 312461.5367 434.4429 299781.783340000 -0.0000 0.0000 100.0000
20404.3022 312461.5231 434.4276 299781.793340000 -0.0000 0.0000 100.0000
20404.2248 312461.5095 434.4123 299781.803340000 -0.0000 0.0000 100.0000
20404.1475 312461.4958 434.3970 299781.813340000 -0.0000 0.0000 100.0000
20404.0702 312461.4822 434.3817 299781.823340000 -0.0000 0.0000 100.0000
20403.9928 312461.4686 434.3663 299781.833340000 -0.0000 0.0000 100.0000
20403.9155 312461.4549 434.3510 299781.843340000 -0.0000 0.0000 100.0000
20403.8382 312461.4413 434.3357 299781.853340000 -0.0000 0.0000 100.0000
20403.7609 312461.4276 434.3204 299781.863340000 -0.0000 0.0000 100.0000
20403.6835 312461.4140 434.3051 299781.873340000 -0.0000 0.0000 100.0000
20403.6062 312461.4004 434.2897 299781.883340000 -0.0000 0.0000 100.0000
20403.5289 312461.3867 434.2744 299781.893340000 -0.0000 0.0000 100.0000
20403.4516 312461.3731 434.2591 299781.903340000 -0.0000 0.0000 100.0000
20403.3742 312461.3595 434.2438 299781.913340000 -0.0000 0.0000 100.0000
20403.2969 312461.3458 434.2284 299781.923340000 -0.0000 0.0000 100.0000
20403.2196 312461.3322 434.2131 299781.933340000 -0.0000 0.0000 100.0000
20403.1423 312461.3186 434.1978 299781.943340000 -0.0000 0.0000 100.0000
20403.0649 312461.3049 434.1825 299781.953340000 -0.0000 0.0000 100.0000
20402.9876 312461.2913 434.1672 299781.963340000 -0.0000 0.0000 100.0000
20402.9103 312461.2777 434.1518 299781.973340000 -0.0000 0.0000 100.0000
20402.8330 312461.2640 434.1365 299781.983340000 -0.0000 0.0000 100.0000
20402.7556 312461.2504 434.1212 299781.993340000 -0.0000 0.0000 100.0000
20402.6783 312461.2368 434.1059 299782.003340000 -0.0000 0.0000 100.0000
20402.6010 312461.2231 434.0906 299782.013340000 -0.0000 0.0000 100.0000
20402.5237 312461.2095 434.0752 299782.023340000 -0.0000 0.0000 100.0000
20402.4463 312461.1959 434.0599 299782.033340000 -0.0000 0.0000 100.0000
20402.3690 312461.1822 434.0446 299782.043340000 -0.0000 0.0000 100.0000
20402.2917 312461.1686 434.0293 299782.053340000 -0.0000 0.0000 100.0000
20402.2143 312461.1550 434.0139 299782.063340000 -0.0000 0.0000 100.0000
20402.1370 312461.1413 433.9986 299782.073340000 -0.0000 0.0000 100.0000
20402.0597 312461.1277 433.9833 299782.083340000 -0.0000 0.0000 100.0000
20401.9824 312461.1141 433.9680 299782.093340000 -0.0000 0.0000 100.0000
20401.9050 312461.1004 433.9527 299782.103340000 -0.0000 0.0000 100.0000
20401.8277 312461.0868 433.9373 299782.113340000 -0.0000 0.0000 100.0000
20401.7504 312461.0731 433.9220 299782.123340000 -0.0000 0.0000 100.0000
20401.6731 312461.0595 433.9067 299782.133340000 -0.0000 0.0000 100.0000
20401.5957 312461.0459 433.8914 299782.143340000 -0.0000 0.0000 100.0000
20401.5184 312461.0322 433.8760 299782.153340000 -0.0000 0.0000 100.0000
20401.4411 312461.0186 433.8607 299782.163340000 -0.0000 0.0000 100.0000
20401.3638 312461.0050 433.8454 299782.173340000 -0.0000 0.0000 100.0000
20401.2864 312460.9913 433.8301 299782.183340000 -0.0000 0.0000 100.0000
20401.2091 312460.9777 433.8148 299782.193340000 -0.0000 0.0000 100.0000
20401.1318 312460.9641 433.7994 299782.203340000 -0.0000 0.0000 100.0000
20401.0545 312460.9504 433.7841 299782.213340000 -0.0000 0.0000 100.0000
20400.9771 312460.9368 433.7688 299782.223340000 -0.0000 0.0000 100.0000
20400.8998 312460.9232 433.7535 299782.233340000 -0.0000 0.0000 100.0000
20400.8225 312460.9095 433.7382 299782.243340000 -0.0000 0.0000 100.0000
20400.7451 312460.8959 433.7228 299782.253340000 -0.0000 0.0000 100.0000
20400.6678 312460.8823 433.7075 299782.263340000 -0.0000 0.0000 100.0000
20400.5905 312460.8686 433.6922 299782.273340000 -0.0000 0.0000 100.0000
20400.5132 312460.8550 433.6769 299782.283340000 -0.0000 0.0000 100.0000
20400.4358 312460.8414 433.6615 299782.293340000 -0.0000 0.0000 100.0000
20400.3585 312460.8277 433.6462 299782.303340000 -0.0000 0.0000 100.0000
20400.2812 312460.8141 433.6309 299782.313340000 -0.0000 0.0000 100.0000
20400.2039 312460.8005 433.6156 299782.323340000 -0.0000 0.0000 100.0000
20400.1265 312460.7868 433.6003 299782.333340000 -0.0000 0.0000 100.0000
20400.0492 312460.7732 433.5849 299782.343340000 -0.0000 0.0000 100.0000
20399.9719 312460.7595 433.5696 299782.353340000 -0.0000 0.0000 100.0000
20399.8946 312460.7459 433.5543 299782.363340000 -0.0000 0.0000 100.0000
20399.8172 312460.7323 433.5390 299782.373340000 -0.0000 0.0000 100.0000
20399.7399 312460.7186 433.5236 299782.383340000 -0.0000 0.0000 100.0000
20399.6626 312460.7050 433.5083 299782.393340000 -0.0000 0.0000 100.0000
20399.5853 312460.6914 433.4930 299782.403340000 -0.0000 0.0000 100.0000
20399.5079 312460.6777 433.4777 299782.413340000 -0.0000 0.0000 100.0000
20399.4306 312460.6641 433.4624 299782.423340000 -0.0000 0.0000 100.0000
20399.3533 312460.6505 433.4470 299782.433340000 -0.0000 0.0000 100.0000
20399.2760 312460.6368 433.4317 299782.443340000 -0.0000 0.0000 100.0000
20399.1986 312460.6232 433.4164 299782.453340000 -0.0000 0.0000 100.0000
20399.1213 312460.6096 433.4011 299782.463340000 -0.0000 0.0000 100.0000
20399.0440 312460.5959 433.3858 299782.473340000 -0.0000 0.0000 100.0000
20398.9666 312460.5823 433.3704 299782.483340000 -0.0000 0.0000 100.0000
20398.8893 312460.5687 433.3551 299782.493340000 -0.0000 0.0000 100.0000
20398.8120 312460.5550 433.3398 299782.503340000 -0.0000 0.0000 100.0000
20398.7347 312460.5414 433.3245 299782.513340000 -0.0000 0.0000 100.0000
20398.6573 312460.5278 433.3091 299782.523340000 -0.0000 0.0000 100.0000
20398.5800 312460.5141 433.2938 299782.533340000 -0.0000 0.0000 100.0000
20398.5027 312460.5005 433.2785 299782.543340000 -0.0000 0.0000 100.0000
20398.4254 312460.4869 433.2632 299782.553340000 -0.0000 0.0000 100.0000
20398.3480 312460.4732 433.2479 299782.563340000 -0.0000 0.0000 100.0000
20398.2707 312460.4596 433.2325 299782.573340000 -0.0000 0.0000 100.0000
20398.1934 312460.4460 433.2172 299782.583340000 -0.0000 0.0000 100.0000
20398.1161 312460.4323 433.2019 299782.593340000 -0.0000 0.0000 100.0000
20398.0387 312460.4187 433.1866 299782.603340000 -0.0000 0.0000 100.0000
20397.9614 312460.4050 433.1712 299782.613340000 -0.0000 0.0000 100.0000
20397.8841 312460.3914 433.1559 299782.623340000 -0.0000 0.0000 100.0000
20397.8068 312460.3778 433.1406 299782.633340000 -0.0000 0.0000 100.0000
20397.7294 312460.3641 433.1253 299782.643340000 -0.0000 0.0000 100.0000
20397.6521 312460.3505 433.1100 299782.653340000 -0.0000 0.0000 100.0000
20397.5748 312460.3369 433.0946 299782.663340000 -0.0000 0.0000 100.0000
20397.4974 312460.3232 433.0793 299782.673340000 -0.0000 0.0000 100.0000
20397.4201 312460.3096 433.0640 299782.683340000 -0.0000 0.0000 100.0000
20397.3428 312460.2960 433.0487 299782.693340000 -0.0000 0.0000 100.0000
20397.2655 312460.2823 433.0334 299782.703340000 -0.0000 0.0000 100.0000
20397.1881 312460.2687 433.0180 299782.713340000 -0.0000 0.0000 100.0000
20397.1108 312460.2551 433.0027 299782.723340000 -0.0000 0.0000 100.0000
20397.0335 312460.2414 432.9874 299782.733340000 -0.0000 0.0000 100.0000
20396.9562 312460.2278 432.9721 299782.743340000 -0.0000 0.0000 100.0000
20396.8788 312460.2142 432.9567 299782.753340000 -0.0000 0.0000 100.0000
20396.8015 312460.2005 432.9414 299782.763340000 -0.0000 0.0000 100.0000
20396.7242 312460.1869 432.9261 299782.773340000 -0.0000 0.0000 100.0000
20396.6469 312460.1733 432.9108 299782.783340000 -0.0000 0.0000 100.0000
20396.5695 312460.1596 432.8955 299782.793340000 -0.0000 0.0000 100.0000
20396.4922 312460.1460 432.8801 299782.803340000 -0.0000 0.0000 100.0000
20396.4149 312460.1324 432.8648 299782.813340000 -0.0000 0.0000 100.0000
20396.3376 312460.1187 432.8495 299782.823340000 -0.0000 0.0000 100.0000
20396.2602 312460.1051 432.8342 299782.833340000 -0.0000 0.0000 100.0000
20396.1829 312460.0914 432.8188 299782.843340000 -0.0000 0.0000 100.0000
20396.1056 312460.0778 432.8035 299782.853340000 -0.0000 0.0000 100.0000
20396.0282 312460.0642 432.7882 299782.863340000 -0.0000 0.0000 100.0000
20395.9509 312460.0505 432.7729 299782.873340000 -0.0000 0.0000 100.0000
20395.8736 312460.0369 432.7576 299782.883340000 -0.0000 0.0000 100.0000
20395.7963 312460.0233 432.7422 299782.893340000 -0.0000 0.0000 100.0000
20395.7189 312460.0096 432.7269 299782.903340000 -0.0000 0.0000 100.0000
20395.6416 312459.9960 432.7116 299782.913340000 -0.0000 0.0000 100.0000
20395.5643 312459.9824 432.6963 299782.923340000 -0.0000 0.0000 100.0000
20395.4870 312459.9687 432.6810 299782.933340000 -0.0000 0.0000 100.0000
20395.4096 312459.9551 432.6656 299782.943340000 -0.0000 0.0000 100.0000
20395.3323 312459.9415 432.6503 299782.953340000 -0.0000 0.0000 100.0000
20395.2550 312459.9278 432.6350 299782.963340000 -0.0000 0.0000 100.0000
20395.1777 312459.9142 432.6197 299782.973340000 -0.0000 0.0000 100.0000
20395.1003 312459.9006 432.6043 299782.983340000 -0.0000 0.0000 100.0000
20395.0230 312459.8869 432.5890 299782.993340000 -0.0000 0.0000 100.0000
20394.9457 312459.8733 432.5737 299783.003340000 -0.0000 0.0000 100.0000
20394.8684 312459.8597 432.5584 299783.013340000 -0.0000 0.0000 100.0000
20394.7910 312459.8460 432.5431 299783.023340000 -0.0000 0.0000 100.0000
20394.7137 312459.8324 432.5277 299783.033340000 -0.0000 0.0000 100.0000
20394.6364 312459.8188 432.5124 299783.043340000 -0.0000 0.0000 100.0000
20394.5591 312459.8051 432.4971 299783.053340000 -0.0000 0.0000 100.0000
20394.4817 312459.7915 432.4818 299783.063340000 -0.0000 0.0000 100.0000
20394.4044 312459.7779 432.4665 299783.073340000 -0.0000 0.0000 100.0000
20394.3271 312459.7642 432.4511 299783.083340000 -0.0000 0.0000 100.0000
20394.2497 312459.7506 432.4358 299783.093340000 -0.0000 0.0000 100.0000
20394.1724 312459.7369 432.4205 299783.103340000 -0.0000 0.0000 100.0000
20394.0951 312459.7233 432.4052 299783.113340000 -0.0000 0.0000 100.0000
20394.0178 312459.7097 432.3898 299783.123340000 -0.0000 0.0000 100.0000
20393.9404 312459.6960 432.3745 299783.133340000 -0.0000 0.0000 100.0000
20393.8631 312459.6824 432.3592 299783.143340000 -0.0000 0.0000 100.0000
20393.7858 312459.6688 432.3439 299783.153340000 -0.0000 0.0000 100.0000
20393.7085 312459.6551 432.3286 299783.163340000 -0.0000 0.0000 100.0000
20393.6311 312459.6415 432.3132 299783.173340000 -0.0000 0.0000 100.0000
20393.5538 312459.6279 432.2979 299783.183340000 -0.0000 0.0000 100.0000
20393.4765 312459.6142 432.2826 299783.193340000 -0.0000 0.0000 100.0000
20393.3992 312459.6006 432.2673 299783.203340000 -0.0000 0.0000 100.0000
20393.3218 312459.5870 432.2519 299783.213340000 -0.0000 0.0000 100.0000
20393.2445 312459.5733 432.2366 299783.223340000 -0.0000 0.0000 100.0000
20393.1672 312459.5597 432.2213 299783.233340000 -0.0000 0.0000 100.0000
20393.0899 312459.5461 432.2060 299783.243340000 -0.0000 0.0000 100.0000
20393.0125 312459.5324 432.1907 299783.253340000 -0.0000 0.0000 100.0000
20392.9352 312459.5188 432.1753 299783.263340000 -0.0000 0.0000 100.0000
20392.8579 312459.5052 432.1600 299783.273340000 -0.0000 0.0000 100.0000
20392.7805 312459.4915 432.1447 299783.283340000 -0.0000 0.0000 100.0000
20392.7032 312459.4779 432.1294 299783.293340000 -0.0000 0.0000 100.0000
20392.6259 312459.4643 432.1141 299783.303340000 -0.0000 0.0000 100.0000
20392.5486 312459.4506 432.0987 299783.313340000 -0.0000 0.0000 100.0000
20392.4712 312459.4370 432.0834 299783.323340000 -0.0000 0.0000 100.0000
20392.3939 312459.4233 432.0681 299783.333340000 -0.0000 0.0000 100.0000
20392.3166 312459.4097 432.0528 299783.343340000 -0.0000 0.0000 100.0000
20392.2393 312459.3961 432.0374 299783.353340000 -0.0000 0.0000 100.0000
20392.1619 312459.3824 432.0221 299783.363340000 -0.0000 0.0000 100.0000
20392.0846 312459.3688 432.0068 299783.373340000 -0.0000 0.0000 100.0000
20392.0073 312459.3552 431.9915 299783.383340000 -0.0000 0.0000 100.0000
20391.9300 312459.3415 431.9762 299783.393340000 -0.0000 0.0000 100.0000
20391.8526 312459.3279 431.9608 299783.403340000 -0.0000 0.0000 100.0000
20391.7753 312459.3143 431.9455 299783.413340000 -0.0000 0.0000 100.0000
20391.6980 312459.3006 431.9302 299783.423340000 -0.0000 0.0000 100.0000
20391.6207 312459.2870 431.9149 299783.433340000 -0.0000 0.0000 100.0000
20391.5433 312459.2734 431.8995 299783.443340000 -0.0000 0.0000 100.0000
20391.4660 312459.2597 431.8842 299783.453340000 -0.0000 0.0000 100.0000
20391.3887 312459.2461 431.8689 299783.463340000 -0.0000 0.0000 100.0000
20391.3114 312459.2325 431.8536 299783.473340000 -0.0000 0.0000 100.0000
20391.2340 312459.2188 431.8383 299783.483340000 -0.0000 0.0000 100.0000
20391.1567 312459.2052 431.8229 299783.493340000 -0.0000 0.0000 100.0000
20391.0794 312459.1916 431.8076 299783.503340000 -0.0000 0.0000 100.0000
20391.0020 312459.1779 431.7923 299783.513340000 -0.0000 0.0000 100.0000
20390.9247 312459.1643 431.7770 299783.523340000 -0.0000 0.0000 100.0000
20390.8474 312459.1507 431.7617 299783.533340000 -0.0000 0.0000 100.0000
20390.7701 312459.1370 431.7463 299783.543340000 -0.0000 0.0000 100.0000
20390.6927 312459.1234 431.7310 299783.553340000 -0.0000 0.0000 100.0000
20390.6154 312459.1098 431.7157 299783.563340000 -0.0000 0.0000 100.0000
20390.5381 312459.0961 431.7004 299783.573340000 -0.0000 0.0000 100.0000
20390.4608 312459.0825 431.6850 299783.583340000 -0.0000 0.0000 100.0000
20390.3834 312459.0688 431.6697 299783.593340000 -0.0000 0.0000 100.0000
20390.3061 312459.0552 431.6544 299783.603340000 -0.0000 0.0000 100.0000
20390.2288 312459.0416 431.6391 299783.613340000 -0.0000 0.0000 100.0000
20390.1515 312459.0279 431.6238 299783.623340000 -0.0000 0.0000 100.0000
20390.0741 312459.0143 431.6084 299783.633340000 -0.0000 0.0000 100.0000
20389.9968 312459.0007 431.5931 299783.643340000 -0.0000 0.0000 100.0000
20389.9195 312458.9870 431.5778 299783.653340000 -0.0000 0.0000 100.0000
20389.8422 312458.9734 431.5625 299783.663340000 -0.0000 0.0000 100.0000
20389.7648 312458.9598 431.5471 299783.673340000 -0.0000 0.0000 100.0000
20389.6875 312458.9461 431.5318 299783.683340000 -0.0000 0.0000 100.0000
20389.6102 312458.9325 431.5165 299783.693340000 -0.0000 0.0000 100.0000
20389.5328 312458.9189 431.5012 299783.703340000 -0.0000 0.0000 100.0000
20389.4555 312458.9052 431.4859 299783.713340000 -0.0000 0.0000 100.0000
20389.3782 312458.8916 431.4705 299783.723340000 -0.0000 0.0000 100.0000
20389.3009 312458.8780 431.4552 299783.733340000 -0.0000 0.0000 100.0000
20389.2235 312458.8643 431.4399 299783.743340000 -0.0000 0.0000 100.0000
20389.1462 312458.8507 431.4246 299783.753340000 -0.0000 0.0000 100.0000
20389.0689 312458.8371 431.4093 299783.763340000 -0.0000 0.0000 100.0000
20388.9916 312458.8234 431.3939 299783.773340000 -0.0000 0.0000 100.0000
20388.9142 312458.8098 431.3786 299783.783340000 -0.0000 0.0000 100.0000
20388.8369 312458.7962 431.3633 299783.793340000 -0.0000 0.0000 100.0000
20388.7596 312458.7825 431.3480 299783.803340000 -0.0000 0.0000 100.0000
20388.6823 312458.7689 431.3326 299783.813340000 -0.0000 0.0000 100.0000
20388.6049 312458.7552 431.3173 299783.823340000 -0.0000 0.0000 100.0000
20388.5276 312458.7416 431.3020 299783.833340000 -0.0000 0.0000 100.0000
20388.4503 312458.7280 431.2867 299783.843340000 -0.0000 0.0000 100.0000
20388.3730 312458.7143 431.2714 299783.853340000 -0.0000 0.0000 100.0000
20388.2956 312458.7007 431.2560 299783.863340000 -0.0000 0.0000 100.0000
20388.2183 312458.6871 431.2407 299783.873340000 -0.0000 0.0000 100.0000
20388.1410 312458.6734 431.2254 299783.883340000 -0.0000 0.0000 100.0000
20388.0637 312458.6598 431.2101 299783.893340000 -0.0000 0.0000 100.0000
20387.9863 312458.6462 431.1948 299783.903340000 -0.0000 0.0000 100.0000
20387.9090 312458.6325 431.1794 299783.913340000 -0.0000 0.0000 100.0000
20387.8317 312458.6189 431.1641 299783.923340000 -0.0000 0.0000 100.0000
20387.7543 312458.6053 431.1488 299783.933340000 -0.0000 0.0000 100.0000
20387.6770 312458.5916 431.1335 299783.943340000 -0.0000 0.0000 100.0000
20387.5997 312458.5780 431.1181 299783.953340000 -0.0000 0.0000 100.0000
20387.5224 312458.5644 431.1028 299783.963340000 -0.0000 0.0000 100.0000
20387.4450 312458.5507 431.0875 299783.973340000 -0.0000 0.0000 100.0000
20387.3677 312458.5371 431.0722 299783.983340000 -0.0000 0.0000 100.0000
20387.2904 312458.5235 431.0569 299783.993340000 -0.0000 0.0000 100.0000
20387.2131 312458.5098 431.0415 299784.003340000 -0.0000 0.0000 100.0000
20387.1357 312458.4962 431.0262 299784.013340000 -0.0000 0.0000 100.0000
20387.0584 312458.4826 431.0109 299784.023340000 -0.0000 0.0000 100.0000
20386.9811 312458.4689 430.9956 299784.033340000 -0.0000 0.0000 100.0000
20386.9038 312458.4553 430.9802 299784.043340000 -0.0000 0.0000 100.0000
20386.8264 312458.4417 430.9649 299784.053340000 -0.0000 0.0000 100.0000
20386.7491 312458.4280 430.9496 299784.063340000 -0.0000 0.0000 100.0000
20386.6718 312458.4144 430.9343 299784.073340000 -0.0000 0.0000 100.0000
20386.5945 312458.4007 430.9190 299784.083340000 -0.0000 0.0000 100.0000
20386.5171 312458.3871 430.9036 299784.093340000 -0.0000 0.0000 100.0000
20386.4398 312458.3735 430.8883 299784.103340000 -0.0000 0.0000 100.0000
20386.3625 312458.3598 430.8730 299784.113340000 -0.0000 0.0000 100.0000
20386.2851 312458.3462 430.8577 299784.123340000 -0.0000 0.0000 100.0000
20386.2078 312458.3326 430.8424 299784.133340000 -0.0000 0.0000 100.0000
20386.1305 312458.3189 430.8270 299784.143340000 -0.0000 0.0000 100.0000
20386.0532 312458.3053 430.8117 299784.153340000 -0.0000 0.0000 100.0000
20385.9758 312458.2917 430.7964 299784.163340000 -0.0000 0.0000 100.0000
20385.8985 312458.2780 430.7811 299784.173340000 -0.0000 0.0000 100.0000
20385.8212 312458.2644 430.7657 299784.183340000 -0.0000 0.0000 100.0000
20385.7439 312458.2508 430.7504 299784.193340000 -0.0000 0.0000 100.0000
20385.6665 312458.2371 430.7351 299784.203340000 -0.0000 0.0000 100.0000
20385.5892 312458.2235 430.7198 299784.213340000 -0.0000 0.0000 100.0000
20385.5119 312458.2099 430.7045 299784.223340000 -0.0000 0.0000 100.0000
20385.4346 312458.1962 430.6891 299784.233340000 -0.0000 0.0000 100.0000
20385.3572 312458.1826 430.6738 299784.243340000 -0.0000 0.0000 100.0000
20385.2799 312458.1690 430.6585 299784.253340000 -0.0000 0.0000 100.0000
20385.2026 312458.1553 430.6432 299784.263340000 -0.0000 0.0000 100.0000
20385.1253 312458.1417 430.6278 299784.273340000 -0.0000 0.0000 100.0000
20385.0479 312458.1281 430.6125 299784.283340000 -0.0000 0.0000 100.0000
20384.9706 312458.1144 430.5972 299784.293340000 -0.0000 0.0000 100.0000
20384.8933 312458.1008 430.5819 299784.303340000 -0.0000 0.0000 100.0000
20384.8160 312458.0871 430.5666 299784.313340000 -0.0000 0.0000 100.0000
20384.7386 312458.0735 430.5512 299784.323340000 -0.0000 0.0000 100.0000
20384.6613 312458.0599 430.5359 299784.333340000 -0.0000 0.0000 100.0000
20384.5840 312458.0462 430.5206 299784.343340000 -0.0000 0.0000 100.0000
20384.5066 312458.0326 430.5053 299784.353340000 -0.0000 0.0000 100.0000
20384.4293 312458.0190 430.4900 299784.363340000 -0.0000 0.0000 100.0000
20384.3520 312458.0053 430.4746 299784.373340000 -0.0000 0.0000 100.0000
20384.2747 312457.9917 430.4593 299784.383340000 -0.0000 0.0000 100.0000
20384.1973 312457.9781 430.4440 299784.393340000 -0.0000 0.0000 100.0000
20384.1200 312457.9644 430.4287 299784.403340000 -0.0000 0.0000 100.0000
20384.0427 312457.9508 430.4133 299784.413340000 -0.0000 0.0000 100.0000
20383.9654 312457.9372 430.3980 299784.423340000 -0.0000 0.0000 100.0000
20383.8880 312457.9235 430.3827 299784.433340000 -0.0000 0.0000 100.0000
20383.8107 312457.9099 430.3674 299784.443340000 -0.0000 0.0000 100.0000
20383.7334 312457.8963 430.3521 299784.453340000 -0.0000 0.0000 100.0000
20383.6561 312457.8826 430.3367 299784.463340000 -0.0000 0.0000 100.0000
20383.5787 312457.8690 430.3214 299784.473340000 -0.0000 0.0000 100.0000
20383.5014 312457.8554 430.3061 299784.483340000 -0.0000 0.0000 100.0000
20383.4241 312457.8417 430.2908 299784.493340000 -0.0000 0.0000 100.0000
20383.3468 312457.8281 430.2754 299784.503340000 -0.0000 0.0000 100.0000
20383.2694 312457.8145 430.2601 299784.513340000 -0.0000 0.0000 100.0000
20383.1921 312457.8008 430.2448 299784.523340000 -0.0000 0.0000 100.0000
20383.1148 312457.7872 430.2295 299784.533340000 -0.0000 0.0000 100.0000
20383.0374 312457.7736 430.2142 299784.543340000 -0.0000 0.0000 100.0000
20382.9601 312457.7599 430.1988 299784.553340000 -0.0000 0.0000 100.0000
20382.8828 312457.7463 430.1835 299784.563340000 -0.0000 0.0000 100.0000
20382.8055 312457.7326 430.1682 299784.573340000 -0.0000 0.0000 100.0000
20382.7281 312457.7190 430.1529 299784.583340000 -0.0000 0.0000 100.0000
20382.6508 312457.7054 430.1376 299784.593340000 -0.0000 0.0000 100.0000
20382.5735 312457.6917 430.1222 299784.603340000 -0.0000 0.0000 100.0000
20382.4962 312457.6781 430.1069 299784.613340000 -0.0000 0.0000 100.0000
20382.4188 312457.6645 430.0916 299784.623340000 -0.0000 0.0000 100.0000
20382.3415 312457.6508 430.0763 299784.633340000 -0.0000 0.0000 100.0000
20382.2642 312457.6372 430.0609 299784.643340000 -0.0000 0.0000 100.0000
20382.1869 312457.6236 430.0456 299784.653340000 -0.0000 0.0000 100.0000
20382.1095 312457.6099 430.0303 299784.663340000 -0.0000 0.0000 100.0000
20382.0322 312457.5963 430.0150 299784.673340000 -0.0000 0.0000 100.0000
20381.9549 312457.5827 429.9997 299784.683340000 -0.0000 0.0000 100.0000
20381.8776 312457.5690 429.9843 299784.693340000 -0.0000 0.0000 100.0000
20381.8002 312457.5554 429.9690 299784.703340000 -0.0000 0.0000 100.0000
20381.7229 312457.5418 429.9537 299784.713340000 -0.0000 0.0000 100.0000
20381.6456 312457.5281 429.9384 299784.723340000 -0.0000 0.0000 100.0000
20381.5683 312457.5145 429.9231 299784.733340000 -0.0000 0.0000 100.0000
20381.4909 312457.5009 429.9077 299784.743340000 -0.0000 0.0000 100.0000
20381.4136 312457.4872 429.8924 299784.753340000 -0.0000 0.0000 100.0000
20381.3363 312457.4736 429.8771 299784.763340000 -0.0000 0.0000 100.0000
20381.2589 312457.4600 429.8618 299784.773340000 -0.0000 0.0000 100.0000
20381.1816 312457.4463 429.8464 299784.783340000 -0.0000 0.0000 100.0000
20381.1043 312457.4327 429.8311 299784.793340000 -0.0000 0.0000 100.0000
20381.0270 312457.4190 429.8158 299784.803340000 -0.0000 0.0000 100.0000
20380.9496 312457.4054 429.8005 299784.813340000 -0.0000 0.0000 100.0000
20380.8723 312457.3918 429.7852 299784.823340000 -0.0000 0.0000 100.0000
20380.7950 312457.3781 429.7698 299784.833340000 -0.0000 0.0000 100.0000
20380.7177 312457.3645 429.7545 299784.843340000 -0.0000 0.0000 100.0000
20380.6403 312457.3509 429.7392 299784.853340000 -0.0000 0.0000 100.0000
20380.5630 312457.3372 429.7239 299784.863340000 -0.0000 0.0000 100.0000
20380.4857 312457.3236 429.7085 299784.873340000 -0.0000 0.0000 100.0000
20380.4084 312457.3100 429.6932 299784.883340000 -0.0000 0.0000 100.0000
20380.3310 312457.2963 429.6779 299784.893340000 -0.0000 0.0000 100.0000
20380.2537 312457.2827 429.6626 299784.903340000 -0.0000 0.0000 100.0000
20380.1764 312457.2691 429.6473 299784.913340000 -0.0000 0.0000 100.0000
20380.0991 312457.2554 429.6319 299784.923340000 -0.0000 0.0000 100.0000
20380.0217 312457.2418 429.6166 299784.933340000 -0.0000 0.0000 100.0000
20379.9444 312457.2282 429.6013 299784.943340000 -0.0000 0.0000 100.0000
20379.8671 312457.2145 429.5860 299784.953340000 -0.0000 0.0000 100.0000
20379.7897 312457.2009 429.5707 299784.963340000 -0.0000 0.0000 100.0000
20379.7124 312457.1873 429.5553 299784.973340000 -0.0000 0.0000 100.0000
20379.6351 312457.1736 429.5400 299784.983340000 -0.0000 0.0000 100.0000
20379.5578 312457.1600 429.5247 299784.993340000 -0.0000 0.0000 100.0000
20379.4804 312457.1464 429.5094 299785.003340000 -0.0000 0.0000 100.0000
20379.4031 312457.1327 429.4940 299785.013340000 -0.0000 0.0000 100.0000
20379.3258 312457.1191 429.4787 299785.023340000 -0.0000 0.0000 100.0000
20379.2485 312457.1055 429.4634 299785.033340000 -0.0000 0.0000 100.0000
20379.1711 312457.0918 429.4481 299785.043340000 -0.0000 0.0000 100.0000
20379.0938 312457.0782 429.4328 299785.053340000 -0.0000 0.0000 100.0000
20379.0165 312457.0645 429.4174 299785.063340000 -0.0000 0.0000 100.0000
20378.9392 312457.0509 429.4021 299785.073340000 -0.0000 0.0000 100.0000
20378.8618 312457.0373 429.3868 299785.083340000 -0.0000 0.0000 100.0000
20378.7845 312457.0236 429.3715 299785.093340000 -0.0000 0.0000 100.0000
20378.7072 312457.0100 429.3561 299785.103340000 -0.0000 0.0000 100.0000
20378.6299 312456.9964 429.3408 299785.113340000 -0.0000 0.0000 100.0000
20378.5525 312456.9827 429.3255 299785.123340000 -0.0000 0.0000 100.0000
20378.4752 312456.9691 429.3102 299785.133340000 -0.0000 0.0000 100.0000
20378.3979 312456.9555 429.2949 299785.143340000 -0.0000 0.0000 100.0000
20378.3206 312456.9418 429.2795 299785.153340000 -0.0000 0.0000 100.0000
20378.2432 312456.9282 429.2642 299785.163340000 -0.0000 0.0000 100.0000
20378.1659 312456.9146 429.2489 299785.173340000 -0.0000 0.0000 100.0000
20378.0886 312456.9009 429.2336 299785.183340000 -0.0000 0.0000 100.0000
20378.0112 312456.8873 429.2183 299785.193340000 -0.0000 0.0000 100.0000
20377.9339 312456.8737 429.2029 299785.203340000 -0.0000 0.0000 100.0000
20377.8566 312456.8600 429.1876 299785.213340000 -0.0000 0.0000 100.0000
20377.7793 312456.8464 429.1723 299785.223340000 -0.0000 0.0000 100.0000
20377.7019 312456.8328 429.1570 299785.233340000 -0.0000 0.0000 100.0000
20377.6246 312456.8191 429.1416 299785.243340000 -0.0000 0.0000 100.0000
20377.5473 312456.8055 429.1263 299785.253340000 -0.0000 0.0000 100.0000
20377.4700 312456.7919 429.1110 299785.263340000 -0.0000 0.0000 100.0000
20377.3926 312456.7782 429.0957 299785.273340000 -0.0000 0.0000 100.0000
20377.3153 312456.7646 429.0804 299785.283340000 -0.0000 0.0000 100.0000
20377.2380 312456.7509 429.0650 299785.293340000 -0.0000 0.0000 100.0000
20377.1607 312456.7373 429.0497 299785.303340000 -0.0000 0.0000 100.0000
20377.0833 312456.7237 429.0344 299785.313340000 -0.0000 0.0000 100.0000
20377.0060 312456.7100 429.0191 299785.323340000 -0.0000 0.0000 100.0000
20376.9287 312456.6964 429.0037 299785.333340000 -0.0000 0.0000 100.0000
20376.8514 312456.6828 428.9884 299785.343340000 -0.0000 0.0000 100.0000
20376.7740 312456.6691 428.9731 299785.353340000 -0.0000 0.0000 100.0000
20376.6967 312456.6555 428.9578 299785.363340000 -0.0000 0.0000 100.0000
20376.6194 312456.6419 428.9425 299785.373340000 -0.0000 0.0000 100.0000
20376.5420 312456.6282 428.9271 299785.383340000 -0.0000 0.0000 100.0000
20376.4647 312456.6146 428.9118 299785.393340000 -0.0000 0.0000 100.0000
20376.3874 312456.6010 428.8965 299785.403340000 -0.0000 0.0000 100.0000
20376.3101 312456.5873 428.8812 299785.413340000 -0.0000 0.0000 100.0000
20376.2327 312456.5737 428.8659 299785.423340000 -0.0000 0.0000 100.0000
20376.1554 312456.5601 428.8505 299785.433340000 -0.0000 0.0000 100.0000
20376.0781 312456.5464 428.8352 299785.443340000 -0.0000 0.0000 100.0000
20376.0008 312456.5328 428.8199 299785.453340000 -0.0000 0.0000 100.0000
20375.9234 312456.5192 428.8046 299785.463340000 -0.0000 0.0000 100.0000
20375.8461 312456.5055 428.7892 299785.473340000 -0.0000 0.0000 100.0000
20375.7688 312456.4919 428.7739 299785.483340000 -0.0000 0.0000 100.0000
20375.6915 312456.4783 428.7586 299785.493340000 -0.0000 0.0000 100.0000
20375.6141 312456.4646 428.7433 299785.503340000 -0.0000 0.0000 100.0000
20375.5368 312456.4510 428.7280 299785.513340000 -0.0000 0.0000 100.0000
20375.4595 312456.4374 428.7126 299785.523340000 -0.0000 0.0000 100.0000
20375.3822 312456.4237 428.6973 299785.533340000 -0.0000 0.0000 100.0000
20375.3048 312456.4101 428.6820 299785.543340000 -0.0000 0.0000 100.0000
20375.2275 312456.3964 428.6667 299785.553340000 -0.0000 0.0000 100.0000
20375.1502 312456.3828 428.6514 299785.563340000 -0.0000 0.0000 100.0000
20375.0729 312456.3692 428.6360 299785.573340000 -0.0000 0.0000 100.0000
20374.9955 312456.3555 428.6207 299785.583340000 -0.0000 0.0000 100.0000
20374.9182 312456.3419 428.6054 299785.593340000 -0.0000 0.0000 100.0000
20374.8409 312456.3283 428.5901 299785.603340000 -0.0000 0.0000 100.0000
20374.7635 312456.3146 428.5747 299785.613340000 -0.0000 0.0000 100.0000
20374.6862 312456.3010 428.5594 299785.623340000 -0.0000 0.0000 100.0000
20374.6089 312456.2874 428.5441 299785.633340000 -0.0000 0.0000 100.0000
20374.5316 312456.2737 428.5288 299785.643340000 -0.0000 0.0000 100.0000
20374.4542 312456.2601 428.5135 299785.653340000 -0.0000 0.0000 100.0000
20374.3769 312456.2465 428.4981 299785.663340000 -0.0000 0.0000 100.0000
20374.2996 312456.2328 428.4828 299785.673340000 -0.0000 0.0000 100.0000
20374.2223 312456.2192 428.4675 299785.683340000 -0.0000 0.0000 100.0000
20374.1449 312456.2056 428.4522 299785.693340000 -0.0000 0.0000 100.0000
20374.0676 312456.1919 428.4368 299785.703340000 -0.0000 0.0000 100.0000
20373.9903 312456.1783 428.4215 299785.713340000 -0.0000 0.0000 100.0000
20373.9130 312456.1647 428.4062 299785.723340000 -0.0000 0.0000 100.0000
20373.8356 312456.1510 428.3909 299785.733340000 -0.0000 0.0000 100.0000
20373.7583 312456.1374 428.3756 299785.743340000 -0.0000 0.0000 100.0000
20373.6810 312456.1238 428.3602 299785.753340000 -0.0000 0.0000 100.0000
20373.6037 312456.1101 428.3449 299785.763340000 -0.0000 0.0000 100.0000
20373.5263 312456.0965 428.3296 299785.773340000 -0.0000 0.0000 100.0000
20373.4490 312456.0828 428.3143 299785.783340000 -0.0000 0.0000 100.0000
20373.3717 312456.0692 428.2990 299785.793340000 -0.0000 0.0000 100.0000
20373.2943 312456.0556 428.2836 299785.803340000 -0.0000 0.0000 100.0000
20373.2170 312456.0419 428.2683 299785.813340000 -0.0000 0.0000 100.0000
20373.1397 312456.0283 428.2530 299785.823340000 -0.0000 0.0000 100.0000
20373.0624 312456.0147 428.2377 299785.833340000 -0.0000 0.0000 100.0000
20372.9850 312456.0010 428.2223 299785.843340000 -0.0000 0.0000 100.0000
20372.9077 312455.9874 428.2070 299785.853340000 -0.0000 0.0000 100.0000
20372.8304 312455.9738 428.1917 299785.863340000 -0.0000 0.0000 100.0000
20372.7531 312455.9601 428.1764 299785.873340000 -0.0000 0.0000 100.0000
20372.6757 312455.9465 428.1611 299785.883340000 -0.0000 0.0000 100.0000
20372.5984 312455.9329 428.1457 299785.893340000 -0.0000 0.0000 100.0000
20372.5211 312455.9192 428.1304 299785.903340000 -0.0000 0.0000 100.0000
20372.4438 312455.9056 428.1151 299785.913340000 -0.0000 0.0000 100.0000
20372.3664 312455.8920 428.0998 299785.923340000 -0.0000 0.0000 100.0000
20372.2891 312455.8783 428.0844 299785.933340000 -0.0000 0.0000 100.0000
20372.2118 312455.8647 428.0691 299785.943340000 -0.0000 0.0000 100.0000
20372.1345 312455.8511 428.0538 299785.953340000 -0.0000 0.0000 100.0000
20372.0571 312455.8374 428.0385 299785.963340000 -0.0000 0.0000 100.0000
20371.9798 312455.8238 428.0232 299785.973340000 -0.0000 0.0000 100.0000
20371.9025 312455.8102 428.0078 299785.983340000 -0.0000 0.0000 100.0000
20371.8251 312455.7965 427.9925 299785.993340000 -0.0000 0.0000 100.0000
20371.7478 312455.7829 427.9772 299786.003340000 -0.0000 0.0000 100.0000
20371.6705 312455.7693 427.9619 299786.013340000 -0.0000 0.0000 100.0000
20371.5932 312455.7556 427.9466 299786.023340000 -0.0000 0.0000 100.0000
20371.5158 312455.7420 427.9312 299786.033340000 -0.0000 0.0000 100.0000
20371.4385 312455.7283 427.9159 299786.043340000 -0.0000 0.0000 100.0000
20371.3612 312455.7147 427.9006 299786.053340000 -0.0000 0.0000 100.0000
20371.2839 312455.7011 427.8853 299786.063340000 -0.0000 0.0000 100.0000
20371.2065 312455.6874 427.8699 299786.073340000 -0.0000 0.0000 100.0000
20371.1292 312455.6738 427.8546 299786.083340000 -0.0000 0.0000 100.0000
20371.0519 312455.6602 427.8393 299786.093340000 -0.0000 0.0000 100.0000
20370.9746 312455.6465 427.8240 299786.103340000 -0.0000 0.0000 100.0000
20370.8972 312455.6329 427.8087 299786.113340000 -0.0000 0.0000 100.0000
20370.8199 312455.6193 427.7933 299786.123340000 -0.0000 0.0000 100.0000
20370.7426 312455.6056 427.7780 299786.133340000 -0.0000 0.0000 100.0000
20370.6653 312455.5920 427.7627 299786.143340000 -0.0000 0.0000 100.0000
20370.5879 312455.5784 427.7474 299786.153340000 -0.0000 0.0000 100.0000
20370.5106 312455.5647 427.7320 299786.163340000 -0.0000 0.0000 100.0000
20370.4333 312455.5511 427.7167 299786.173340000 -0.0000 0.0000 100.0000
20370.3560 312455.5375 427.7014 299786.183340000 -0.0000 0.0000 100.0000
20370.2786 312455.5238 427.6861 299786.193340000 -0.0000 0.0000 100.0000
20370.2013 312455.5102 427.6708 299786.203340000 -0.0000 0.0000 100.0000
20370.1240 312455.4966 427.6554 299786.213340000 -0.0000 0.0000 100.0000
20370.0466 312455.4829 427.6401 299786.223340000 -0.0000 0.0000 100.0000
20369.9693 312455.4693 427.6248 299786.233340000 -0.0000 0.0000 100.0000
20369.8920 312455.4557 427.6095 299786.243340000 -0.0000 0.0000 100.0000
20369.8147 312455.4420 427.5942 299786.253340000 -0.0000 0.0000 100.0000
20369.7373 312455.4284 427.5788 299786.263340000 -0.0000 0.0000 100.0000
20369.6600 312455.4147 427.5635 299786.273340000 -0.0000 0.0000 100.0000
20369.5827 312455.4011 427.5482 299786.283340000 -0.0000 0.0000 100.0000
20369.5054 312455.3875 427.5329 299786.293340000 -0.0000 0.0000 100.0000
20369.4280 312455.3738 427.5175 299786.303340000 -0.0000 0.0000 100.0000
20369.3507 312455.3602 427.5022 299786.313340000 -0.0000 0.0000 100.0000
20369.2734 312455.3466 427.4869 299786.323340000 -0.0000 0.0000 100.0000
20369.1961 312455.3329 427.4716 299786.333340000 -0.0000 0.0000 100.0000
20369.1187 312455.3193 427.4563 299786.343340000 -0.0000 0.0000 100.0000
20369.0414 312455.3057 427.4409 299786.353340000 -0.0000 0.0000 100.0000
20368.9641 312455.2920 427.4256 299786.363340000 -0.0000 0.0000 100.0000
20368.8868 312455.2784 427.4103 299786.373340000 -0.0000 0.0000 100.0000
20368.8094 312455.2648 427.3950 299786.383340000 -0.0000 0.0000 100.0000
20368.7321 312455.2511 427.3796 299786.393340000 -0.0000 0.0000 100.0000
20368.6548 312455.2375 427.3643 299786.403340000 -0.0000 0.0000 100.0000
20368.5774 312455.2239 427.3490 299786.413340000 -0.0000 0.0000 100.0000
20368.5001 312455.2102 427.3337 299786.423340000 -0.0000 0.0000 100.0000
20368.4228 312455.1966 427.3184 299786.433340000 -0.0000 0.0000 100.0000
20368.3455 312455.1830 427.3030 299786.443340000 -0.0000 0.0000 100.0000
20368.2681 312455.1693 427.2877 299786.453340000 -0.0000 0.0000 100.0000
20368.1908 312455.1557 427.2724 299786.463340000 -0.0000 0.0000 100.0000
20368.1135 312455.1421 427.2571 299786.473340000 -0.0000 0.0000 100.0000
20368.0362 312455.1284 427.2418 299786.483340000 -0.0000 0.0000 100.0000
20367.9588 312455.1148 427.2264 299786.493340000 -0.0000 0.0000 100.0000
20367.8815 312455.1012 427.2111 299786.503340000 -0.0000 0.0000 100.0000
20367.8042 312455.0875 427.1958 299786.513340000 -0.0000 0.0000 100.0000
20367.7269 312455.0739 427.1805 299786.523340000 -0.0000 0.0000 100.0000
20367.6495 312455.0602 427.1651 299786.533340000 -0.0000 0.0000 100.0000
20367.5722 312455.0466 427.1498 299786.543340000 -0.0000 0.0000 100.0000
20367.4949 312455.0330 427.1345 299786.553340000 -0.0000 0.0000 100.0000
20367.4176 312455.0193 427.1192 299786.563340000 -0.0000 0.0000 100.0000
20367.3402 312455.0057 427.1039 299786.573340000 -0.0000 0.0000 100.0000
20367.2629 312454.9921 427.0885 299786.583340000 -0.0000 0.0000 100.0000
20367.1856 312454.9784 427.0732 299786.593340000 -0.0000 0.0000 100.0000
20367.1083 312454.9648 427.0579 299786.603340000 -0.0000 0.0000 100.0000
20367.0309 312454.9512 427.0426 299786.613340000 -0.0000 0.0000 100.0000
20366.9536 312454.9375 427.0273 299786.623340000 -0.0000 0.0000 100.0000
20366.8763 312454.9239 427.0119 299786.633340000 -0.0000 0.0000 100.0000
20366.7989 312454.9103 426.9966 299786.643340000 -0.0000 0.0000 100.0000
20366.7216 312454.8966 426.9813 299786.653340000 -0.0000 0.0000 100.0000
20366.6443 312454.8830 426.9660 299786.663340000 -0.0000 0.0000 100.0000
20366.5670 312454.8694 426.9506 299786.673340000 -0.0000 0.0000 100.0000
20366.4896 312454.8557 426.9353 299786.683340000 -0.0000 0.0000 100.0000
20366.4123 312454.8421 426.9200 299786.693340000 -0.0000 0.0000 100.0000
20366.3350 312454.8285 426.9047 299786.703340000 -0.0000 0.0000 100.0000
20366.2577 312454.8148 426.8894 299786.713340000 -0.0000 0.0000 100.0000
20366.1803 312454.8012 426.8740 299786.723340000 -0.0000 0.0000 100.0000
20366.1030 312454.7876 426.8587 299786.733340000 -0.0000 0.0000 100.0000
20366.0257 312454.7739 426.8434 299786.743340000 -0.0000 0.0000 100.0000
20365.9484 312454.7603 426.8281 299786.753340000 -0.0000 0.0000 100.0000
20365.8710 312454.7466 426.8127 299786.763340000 -0.0000 0.0000 100.0000
20365.7937 312454.7330 426.7974 299786.773340000 -0.0000 0.0000 100.0000
20365.7164 312454.7194 426.7821 299786.783340000 -0.0000 0.0000 100.0000
20365.6391 312454.7057 426.7668 299786.793340000 -0.0000 0.0000 100.0000
20365.5617 312454.6921 426.7515 299786.803340000 -0.0000 0.0000 100.0000
20365.4844 312454.6785 426.7361 299786.813340000 -0.0000 0.0000 100.0000
20365.4071 312454.6648 426.7208 299786.823340000 -0.0000 0.0000 100.0000
20365.3297 312454.6512 426.7055 299786.833340000 -0.0000 0.0000 100.0000
20365.2524 312454.6376 426.6902 299786.843340000 -0.0000 0.0000 100.0000
20365.1751 312454.6239 426.6749 299786.853340000 -0.0000 0.0000 100.0000
20365.0978 312454.6103 426.6595 299786.863340000 -0.0000 0.0000 100.0000
20365.0204 312454.5967 426.6442 299786.873340000 -0.0000 0.0000 100.0000
20364.9431 312454.5830 426.6289 299786.883340000 -0.0000 0.0000 100.0000
20364.8658 312454.5694 426.6136 299786.893340000 -0.0000 0.0000 100.0000
20364.7885 312454.5558 426.5982 299786.903340000 -0.0000 0.0000 100.0000
20364.7111 312454.5421 426.5829 299786.913340000 -0.0000 0.0000 100.0000
20364.6338 312454.5285 426.5676 299786.923340000 -0.0000 0.0000 100.0000
20364.5565 312454.5149 426.5523 299786.933340000 -0.0000 0.0000 100.0000
20364.4792 312454.5012 426.5370 299786.943340000 -0.0000 0.0000 100.0000
20364.4018 312454.4876 426.5216 299786.953340000 -0.0000 0.0000 100.0000
20364.3245 312454.4740 426.5063 299786.963340000 -0.0000 0.0000 100.0000
20364.2472 312454.4603 426.4910 299786.973340000 -0.0000 0.0000 100.0000
20364.1699 312454.4467 426.4757 299786.983340000 -0.0000 0.0000 100.0000
20364.0925 312454.4331 426.4603 299786.993340000 -0.0000 0.0000 100.0000
20364.0152 312454.4194 426.4450 299787.003340000 -0.0000 0.0000 100.0000
20363.9379 312454.4058 426.4297 299787.013340000 -0.0000 0.0000 100.0000
20363.8606 312454.3921 426.4144 299787.023340000 -0.0000 0.0000 100.0000
20363.7832 312454.3785 426.3991 299787.033340000 -0.0000 0.0000 100.0000
20363.7059 312454.3649 426.3837 299787.043340000 -0.0000 0.0000 100.0000
20363.6286 312454.3512 426.3684 299787.053340000 -0.0000 0.0000 100.0000
20363.5512 312454.3376 426.3531 299787.063340000 -0.0000 0.0000 100.0000
20363.4739 312454.3240 426.3378 299787.073340000 -0.0000 0.0000 100.0000
20363.3966 312454.3103 426.3225 299787.083340000 -0.0000 0.0000 100.0000
20363.3193 312454.2967 426.3071 299787.093340000 -0.0000 0.0000 100.0000
20363.2419 312454.2831 426.2918 299787.103340000 -0.0000 0.0000 100.0000
20363.1646 312454.2694 426.2765 299787.113340000 -0.0000 0.0000 100.0000
20363.0873 312454.2558 426.2612 299787.123340000 -0.0000 0.0000 100.0000
20363.0100 312454.2422 426.2458 299787.133340000 -0.0000 0.0000 100.0000
20362.9326 312454.2285 426.2305 299787.143340000 -0.0000 0.0000 100.0000
20362.8553 312454.2149 426.2152 299787.153340000 -0.0000 0.0000 100.0000
20362.7780 312454.2013 426.1999 299787.163340000 -0.0000 0.0000 100.0000
20362.7007 312454.1876 426.1846 299787.173340000 -0.0000 0.0000 100.0000
20362.6233 312454.1740 426.1692 299787.183340000 -0.0000 0.0000 100.0000
20362.5460 312454.1604 426.1539 299787.193340000 -0.0000 0.0000 100.0000
20362.4687 312454.1467 426.1386 299787.203340000 -0.0000 0.0000 100.0000
20362.3914 312454.1331 426.1233 299787.213340000 -0.0000 0.0000 100.0000
20362.3140 312454.1195 426.1079 299787.223340000 -0.0000 0.0000 100.0000
20362.2367 312454.1058 426.0926 299787.233340000 -0.0000 0.0000 100.0000
20362.1594 312454.0922 426.0773 299787.243340000 -0.0000 0.0000 100.0000
20362.0820 312454.0785 426.0620 299787.253340000 -0.0000 0.0000 100.0000
20362.0047 312454.0649 426.0467 299787.263340000 -0.0000 0.0000 100.0000
20361.9274 312454.0513 426.0313 299787.273340000 -0.0000 0.0000 100.0000
20361.8501 312454.0376 426.0160 299787.283340000 -0.0000 0.0000 100.0000
20361.7727 312454.0240 426.0007 299787.293340000 -0.0000 0.0000 100.0000
20361.6954 312454.0104 425.9854 299787.303340000 -0.0000 0.0000 100.0000
20361.6181 312453.9967 425.9701 299787.313340000 -0.0000 0.0000 100.0000
20361.5408 312453.9831 425.9547 299787.323340000 -0.0000 0.0000 100.0000
20361.4634 312453.9695 425.9394 299787.333340000 -0.0000 0.0000 100.0000
20361.3861 312453.9558 425.9241 299787.343340000 -0.0000 0.0000 100.0000
20361.3088 312453.9422 425.9088 299787.353340000 -0.0000 0.0000 100.0000
20361.2315 312453.9286 425.8934 299787.363340000 -0.0000 0.0000 100.0000
20361.1541 312453.9149 425.8781 299787.373340000 -0.0000 0.0000 100.0000
20361.0768 312453.9013 425.8628 299787.383340000 -0.0000 0.0000 100.0000
20360.9995 312453.8877 425.8475 299787.393340000 -0.0000 0.0000 100.0000
20360.9222 312453.8740 425.8322 299787.403340000 -0.0000 0.0000 100.0000
20360.8448 312453.8604 425.8168 299787.413340000 -0.0000 0.0000 100.0000
20360.7675 312453.8468 425.8015 299787.423340000 -0.0000 0.0000 100.0000
20360.6902 312453.8331 425.7862 299787.433340000 -0.0000 0.0000 100.0000
20360.6129 312453.8195 425.7709 299787.443340000 -0.0000 0.0000 100.0000
20360.5355 312453.8059 425.7556 299787.453340000 -0.0000 0.0000 100.0000
20360.4582 312453.7922 425.7402 299787.463340000 -0.0000 0.0000 100.0000
20360.3809 312453.7786 425.7249 299787.473340000 -0.0000 0.0000 100.0000
20360.3035 312453.7650 425.7096 299787.483340000 -0.0000 0.0000 100.0000
20360.2262 312453.7513 425.6943 299787.493340000 -0.0000 0.0000 100.0000
20360.1489 312453.7377 425.6789 299787.503340000 -0.0000 0.0000 100.0000
20360.0716 312453.7240 425.6636 299787.513340000 -0.0000 0.0000 100.0000
20359.9942 312453.7104 425.6483 299787.523340000 -0.0000 0.0000 100.0000
20359.9169 312453.6968 425.6330 299787.533340000 -0.0000 0.0000 100.0000
20359.8396 312453.6831 425.6177 299787.543340000 -0.0000 0.0000 100.0000
20359.7623 312453.6695 425.6023 299787.553340000 -0.0000 0.0000 100.0000
20359.6849 312453.6559 425.5870 299787.563340000 -0.0000 0.0000 100.0000
20359.6076 312453.6422 425.5717 299787.573340000 -0.0000 0.0000 100.0000
20359.5303 312453.6286 425.5564 299787.583340000 -0.0000 0.0000 100.0000
20359.4530 312453.6150 425.5410 299787.593340000 -0.0000 0.0000 100.0000
20359.3756 312453.6013 425.5257 299787.603340000 -0.0000 0.0000 100.0000
20359.2983 312453.5877 425.5104 299787.613340000 -0.0000 0.0000 100.0000
20359.2210 312453.5741 425.4951 299787.623340000 -0.0000 0.0000 100.0000
20359.1437 312453.5604 425.4798 299787.633340000 -0.0000 0.0000 100.0000
20359.0663 312453.5468 425.4644 299787.643340000 -0.0000 0.0000 100.0000
20358.9890 312453.5332 425.4491 299787.653340000 -0.0000 0.0000 100.0000
20358.9117 312453.5195 425.4338 299787.663340000 -0.0000 0.0000 100.0000
20358.8343 312453.5059 425.4185 299787.673340000 -0.0000 0.0000 100.0000
20358.7570 312453.4923 425.4032 299787.683340000 -0.0000 0.0000 100.0000
20358.6797 312453.4786 425.3878 299787.693340000 -0.0000 0.0000 100.0000
20358.6024 312453.4650 425.3725 299787.703340000 -0.0000 0.0000 100.0000
20358.5250 312453.4514 425.3572 299787.713340000 -0.0000 0.0000 100.0000
20358.4477 312453.4377 425.3419 299787.723340000 -0.0000 0.0000 100.0000
20358.3704 312453.4241 425.3265 299787.733340000 -0.0000 0.0000 100.0000
20358.2931 312453.4104 425.3112 299787.743340000 -0.0000 0.0000 100.0000
20358.2157 312453.3968 425.2959 299787.753340000 -0.0000 0.0000 100.0000
20358.1384 312453.3832 425.2806 299787.763340000 -0.0000 0.0000 100.0000
20358.0611 312453.3695 425.2653 299787.773340000 -0.0000 0.0000 100.0000
20357.9838 312453.3559 425.2499 299787.783340000 -0.0000 0.0000 100.0000
20357.9064 312453.3423 425.2346 299787.793340000 -0.0000 0.0000 100.0000
20357.8291 312453.3286 425.2193 299787.803340000 -0.0000 0.0000 100.0000
20357.7518 312453.3150 425.2040 299787.813340000 -0.0000 0.0000 100.0000
20357.6745 312453.3014 425.1886 299787.823340000 -0.0000 0.0000 100.0000
20357.5971 312453.2877 425.1733 299787.833340000 -0.0000 0.0000 100.0000
20357.5198 312453.2741 425.1580 299787.843340000 -0.0000 0.0000 100.0000
20357.4425 312453.2605 425.1427 299787.853340000 -0.0000 0.0000 100.0000
20357.3652 312453.2468 425.1274 299787.863340000 -0.0000 0.0000 100.0000
20357.2878 312453.2332 425.1120 299787.873340000 -0.0000 0.0000 100.0000
20357.2105 312453.2196 425.0967 299787.883340000 -0.0000 0.0000 100.0000
20357.1332 312453.2059 425.0814 299787.893340000 -0.0000 0.0000 100.0000
20357.0558 312453.1923 425.0661 299787.903340000 -0.0000 0.0000 100.0000
20356.9785 312453.1787 425.0508 299787.913340000 -0.0000 0.0000 100.0000
20356.9012 312453.1650 425.0354 299787.923340000 -0.0000 0.0000 100.0000
20356.8239 312453.1514 425.0201 299787.933340000 -0.0000 0.0000 100.0000
20356.7465 312453.1378 425.0048 299787.943340000 -0.0000 0.0000 100.0000
20356.6692 312453.1241 424.9895 299787.953340000 -0.0000 0.0000 100.0000
20356.5919 312453.1105 424.9741 299787.963340000 -0.0000 0.0000 100.0000
20356.5146 312453.0969 424.9588 299787.973340000 -0.0000 0.0000 100.0000
20356.4372 312453.0832 424.9435 299787.983340000 -0.0000 0.0000 100.0000
20356.3599 312453.0696 424.9282 299787.993340000 -0.0000 0.0000 100.0000
20356.2826 312453.0559 424.9129 299788.003340000 -0.0000 0.0000 100.0000
20356.2053 312453.0423 424.8975 299788.013340000 -0.0000 0.0000 100.0000
20356.1279 312453.0287 424.8822 299788.023340000 -0.0000 0.0000 100.0000
20356.0506 312453.0150 424.8669 299788.033340000 -0.0000 0.0000 100.0000
20355.9733 312453.0014 424.8516 299788.043340000 -0.0000 0.0000 100.0000
20355.8960 312452.9878 424.8362 299788.053340000 -0.0000 0.0000 100.0000
20355.8186 312452.9741 424.8209 299788.063340000 -0.0000 0.0000 100.0000
20355.7413 312452.9605 424.8056 299788.073340000 -0.0000 0.0000 100.0000
20355.6640 312452.9469 424.7903 299788.083340000 -0.0000 0.0000 100.0000
20355.5866 312452.9332 424.7750 299788.093340000 -0.0000 0.0000 100.0000
20355.5093 312452.9196 424.7596 299788.103340000 -0.0000 0.0000 100.0000
20355.4320 312452.9060 424.7443 299788.113340000 -0.0000 0.0000 100.0000
20355.3547 312452.8923 424.7290 299788.123340000 -0.0000 0.0000 100.0000
20355.2773 312452.8787 424.7137 299788.133340000 -0.0000 0.0000 100.0000
20355.2000 312452.8651 424.6984 299788.143340000 -0.0000 0.0000 100.0000
20355.1227 312452.8514 424.6830 299788.153340000 -0.0000 0.0000 100.0000
20355.0454 312452.8378 424.6677 299788.163340000 -0.0000 0.0000 100.0000
20354.9680 312452.8242 424.6524 299788.173340000 -0.0000 0.0000 100.0000
20354.8907 312452.8105 424.6371 299788.183340000 -0.0000 0.0000 100.0000
20354.8134 312452.7969 424.6217 299788.193340000 -0.0000 0.0000 100.0000
20354.7361 312452.7833 424.6064 299788.203340000 -0.0000 0.0000 100.0000
20354.6587 312452.7696 424.5911 299788.213340000 -0.0000 0.0000 100.0000
20354.5814 312452.7560 424.5758 299788.223340000 -0.0000 0.0000 100.0000
20354.5041 312452.7423 424.5605 299788.233340000 -0.0000 0.0000 100.0000
20354.4268 312452.7287 424.5451 299788.243340000 -0.0000 0.0000 100.0000
20354.3494 312452.7151 424.5298 299788.253340000 -0.0000 0.0000 100.0000
20354.2721 312452.7014 424.5145 299788.263340000 -0.0000 0.0000 100.0000
20354.1948 312452.6878 424.4992 299788.273340000 -0.0000 0.0000 100.0000
20354.1175 312452.6742 424.4839 299788.283340000 -0.0000 0.0000 100.0000
20354.0401 312452.6605 424.4685 299788.293340000 -0.0000 0.0000 100.0000
20353.9628 312452.6469 424.4532 299788.303340000 -0.0000 0.0000 100.0000
20353.8855 312452.6333 424.4379 299788.313340000 -0.0000 0.0000 100.0000
20353.8081 312452.6196 424.4226 299788.323340000 -0.0000 0.0000 100.0000
20353.7308 312452.6060 424.4072 299788.333340000 -0.0000 0.0000 100.0000
20353.6535 312452.5924 424.3919 299788.343340000 -0.0000 0.0000 100.0000
20353.5762 312452.5787 424.3766 299788.353340000 -0.0000 0.0000 100.0000
20353.4988 312452.5651 424.3613 299788.363340000 -0.0000 0.0000 100.0000
20353.4215 312452.5515 424.3460 299788.373340000 -0.0000 0.0000 100.0000
20353.3442 312452.5378 424.3306 299788.383340000 -0.0000 0.0000 100.0000
20353.2669 312452.5242 424.3153 299788.393340000 -0.0000 0.0000 100.0000
20353.1895 312452.5106 424.3000 299788.403340000 -0.0000 0.0000 100.0000
20353.1122 312452.4969 424.2847 299788.413340000 -0.0000 0.0000 100.0000
20353.0349 312452.4833 424.2693 299788.423340000 -0.0000 0.0000 100.0000
20352.9576 312452.4697 424.2540 299788.433340000 -0.0000 0.0000 100.0000
20352.8802 312452.4560 424.2387 299788.443340000 -0.0000 0.0000 100.0000
20352.8029 312452.4424 424.2234 299788.453340000 -0.0000 0.0000 100.0000
20352.7256 312452.4288 424.2081 299788.463340000 -0.0000 0.0000 100.0000
20352.6483 312452.4151 424.1927 299788.473340000 -0.0000 0.0000 100.0000
20352.5709 312452.4015 424.1774 299788.483340000 -0.0000 0.0000 100.0000
20352.4936 312452.3878 424.1621 299788.493340000 -0.0000 0.0000 100.0000
20352.4163 312452.3742 424.1468 299788.503340000 -0.0000 0.0000 100.0000
20352.3389 312452.3606 424.1315 299788.513340000 -0.0000 0.0000 100.0000
20352.2616 312452.3469 424.1161 299788.523340000 -0.0000 0.0000 100.0000
20352.1843 312452.3333 424.1008 299788.533340000 -0.0000 0.0000 100.0000
20352.1070 312452.3197 424.0855 299788.543340000 -0.0000 0.0000 100.0000
20352.0296 312452.3060 424.0702 299788.553340000 -0.0000 0.0000 100.0000
20351.9523 312452.2924 424.0548 299788.563340000 -0.0000 0.0000 100.0000
20351.8750 312452.2788 424.0395 299788.573340000 -0.0000 0.0000 100.0000
20351.7977 312452.2651 424.0242 299788.583340000 -0.0000 0.0000 100.0000
20351.7203 312452.2515 424.0089 299788.593340000 -0.0000 0.0000 100.0000
20351.6430 312452.2379 423.9936 299788.603340000 -0.0000 0.0000 100.0000
20351.5657 312452.2242 423.9782 299788.613340000 -0.0000 0.0000 100.0000
20351.4884 312452.2106 423.9629 299788.623340000 -0.0000 0.0000 100.0000
20351.4110 312452.1970 423.9476 299788.633340000 -0.0000 0.0000 100.0000
20351.3337 312452.1833 423.9323 299788.643340000 -0.0000 0.0000 100.0000
20351.2564 312452.1697 423.9169 299788.653340000 -0.0000 0.0000 100.0000
20351.1791 312452.1561 423.9016 299788.663340000 -0.0000 0.0000 100.0000
20351.1017 312452.1424 423.8863 299788.673340000 -0.0000 0.0000 100.0000
20351.0244 312452.1288 423.8710 299788.683340000 -0.0000 0.0000 100.0000
20350.9471 312452.1152 423.8557 299788.693340000 -0.0000 0.0000 100.0000
20350.8698 312452.1015 423.8403 299788.703340000 -0.0000 0.0000 100.0000
20350.7924 312452.0879 423.8250 299788.713340000 -0.0000 0.0000 100.0000
20350.7151 312452.0742 423.8097 299788.723340000 -0.0000 0.0000 100.0000
20350.6378 312452.0606 423.7944 299788.733340000 -0.0000 0.0000 100.0000
20350.5604 312452.0470 423.7791 299788.743340000 -0.0000 0.0000 100.0000
20350.4831 312452.0333 423.7637 299788.753340000 -0.0000 0.0000 100.0000
20350.4058 312452.0197 423.7484 299788.763340000 -0.0000 0.0000 100.0000
20350.3285 312452.0061 423.7331 299788.773340000 -0.0000 0.0000 100.0000
20350.2511 312451.9924 423.7178 299788.783340000 -0.0000 0.0000 100.0000
20350.1738 312451.9788 423.7024 299788.793340000 -0.0000 0.0000 100.0000
20350.0965 312451.9652 423.6871 299788.803340000 -0.0000 0.0000 100.0000
20350.0192 312451.9515 423.6718 299788.813340000 -0.0000 0.0000 100.0000
20349.9418 312451.9379 423.6565 299788.823340000 -0.0000 0.0000 100.0000
20349.8645 312451.9243 423.6412 299788.833340000 -0.0000 0.0000 100.0000
20349.7872 312451.9106 423.6258 299788.843340000 -0.0000 0.0000 100.0000
20349.7099 312451.8970 423.6105 299788.853340000 -0.0000 0.0000 100.0000
20349.6325 312451.8834 423.5952 299788.863340000 -0.0000 0.0000 100.0000
20349.5552 312451.8697 423.5799 299788.873340000 -0.0000 0.0000 100.0000
20349.4779 312451.8561 423.5645 299788.883340000 -0.0000 0.0000 100.0000
20349.4006 312451.8425 423.5492 299788.893340000 -0.0000 0.0000 100.0000
20349.3232 312451.8288 423.5339 299788.903340000 -0.0000 0.0000 100.0000
20349.2459 312451.8152 423.5186 299788.913340000 -0.0000 0.0000 100.0000
20349.1686 312451.8016 423.5033 299788.923340000 -0.0000 0.0000 100.0000
20349.0912 312451.7879 423.4879 299788.933340000 -0.0000 0.0000 100.0000
20349.0139 312451.7743 423.4726 299788.943340000 -0.0000 0.0000 100.0000
20348.9366 312451.7607 423.4573 299788.953340000 -0.0000 0.0000 100.0000
20348.8593 312451.7470 423.4420 299788.963340000 -0.0000 0.0000 100.0000
20348.7819 312451.7334 423.4267 299788.973340000 -0.0000 0.0000 100.0000
20348.7046 312451.7197 423.4113 299788.983340000 -0.0000 0.0000 100.0000
20348.6273 312451.7061 423.3960 299788.993340000 -0.0000 0.0000 100.0000
20348.5500 312451.6925 423.3807 299789.003340000 -0.0000 0.0000 100.0000
20348.4726 312451.6788 423.3654 299789.013340000 -0.0000 0.0000 100.0000
20348.3953 312451.6652 423.3500 299789.023340000 -0.0000 0.0000 100.0000
20348.3180 312451.6516 423.3347 299789.033340000 -0.0000 0.0000 100.0000
20348.2407 312451.6379 423.3194 299789.043340000 -0.0000 0.0000 100.0000
20348.1633 312451.6243 423.3041 299789.053340000 -0.0000 0.0000 100.0000
20348.0860 312451.6107 423.2888 299789.063340000 -0.0000 0.0000 100.0000
20348.0087 312451.5970 423.2734 299789.073340000 -0.0000 0.0000 100.0000
20347.9314 312451.5834 423.2581 299789.083340000 -0.0000 0.0000 100.0000
20347.8540 312451.5698 423.2428 299789.093340000 -0.0000 0.0000 100.0000
20347.7767 312451.5561 423.2275 299789.103340000 -0.0000 0.0000 100.0000
20347.6994 312451.5425 423.2122 299789.113340000 -0.0000 0.0000 100.0000
20347.6220 312451.5289 423.1968 299789.123340000 -0.0000 0.0000 100.0000
20347.5447 312451.5152 423.1815 299789.133340000 -0.0000 0.0000 100.0000
20347.4674 312451.5016 423.1662 299789.143340000 -0.0000 0.0000 100.0000
20347.3901 312451.4880 423.1509 299789.153340000 -0.0000 0.0000 100.0000
20347.3127 312451.4743 423.1355 299789.163340000 -0.0000 0.0000 100.0000
20347.2354 312451.4607 423.1202 299789.173340000 -0.0000 0.0000 100.0000
20347.1581 312451.4471 423.1049 299789.183340000 -0.0000 0.0000 100.0000
20347.0808 312451.4334 423.0896 299789.193340000 -0.0000 0.0000 100.0000
20347.0034 312451.4198 423.0743 299789.203340000 -0.0000 0.0000 100.0000
20346.9261 312451.4061 423.0589 299789.213340000 -0.0000 0.0000 100.0000
20346.8488 312451.3925 423.0436 299789.223340000 -0.0000 0.0000 100.0000
20346.7715 312451.3789 423.0283 299789.233340000 -0.0000 0.0000 100.0000
20346.6941 312451.3652 423.0130 299789.243340000 -0.0000 0.0000 100.0000
20346.6168 312451.3516 422.9976 299789.253340000 -0.0000 0.0000 100.0000
20346.5395 312451.3380 422.9823 299789.263340000 -0.0000 0.0000 100.0000
20346.4622 312451.3243 422.9670 299789.273340000 -0.0000 0.0000 100.0000
20346.3848 312451.3107 422.9517 299789.283340000 -0.0000 0.0000 100.0000
20346.3075 312451.2971 422.9364 299789.293340000 -0.0000 0.0000 100.0000
20346.2302 312451.2834 422.9210 299789.303340000 -0.0000 0.0000 100.0000
20346.1529 312451.2698 422.9057 299789.313340000 -0.0000 0.0000 100.0000
20346.0755 312451.2562 422.8904 299789.323340000 -0.0000 0.0000 100.0000
20345.9982 312451.2425 422.8751 299789.333340000 -0.0000 0.0000 100.0000
20345.9209 312451.2289 422.8598 299789.343340000 -0.0000 0.0000 100.0000
20345.8435 312451.2153 422.8444 299789.353340000 -0.0000 0.0000 100.0000
20345.7662 312451.2016 422.8291 299789.363340000 -0.0000 0.0000 100.0000
20345.6889 312451.1880 422.8138 299789.373340000 -0.0000 0.0000 100.0000
20345.6116 312451.1744 422.7985 299789.383340000 -0.0000 0.0000 100.0000
20345.5342 312451.1607 422.7831 299789.393340000 -0.0000 0.0000 100.0000
20345.4569 312451.1471 422.7678 299789.403340000 -0.0000 0.0000 100.0000
20345.3796 312451.1335 422.7525 299789.413340000 -0.0000 0.0000 100.0000
20345.3023 312451.1198 422.7372 299789.423340000 -0.0000 0.0000 100.0000
20345.2249 312451.1062 422.7219 299789.433340000 -0.0000 0.0000 100.0000
20345.1476 312451.0926 422.7065 299789.443340000 -0.0000 0.0000 100.0000
20345.0703 312451.0789 422.6912 299789.453340000 -0.0000 0.0000 100.0000
20344.9930 312451.0653 422.6759 299789.463340000 -0.0000 0.0000 100.0000
20344.9156 312451.0516 422.6606 299789.473340000 -0.0000 0.0000 100.0000
20344.8383 312451.0380 422.6452 299789.483340000 -0.0000 0.0000 100.0000
20344.7610 312451.0244 422.6299 299789.493340000 -0.0000 0.0000 100.0000
20344.6837 312451.0107 422.6146 299789.503340000 -0.0000 0.0000 100.0000
20344.6063 312450.9971 422.5993 299789.513340000 -0.0000 0.0000 100.0000
20344.5290 312450.9835 422.5840 299789.523340000 -0.0000 0.0000 100.0000
20344.4517 312450.9698 422.5686 299789.533340000 -0.0000 0.0000 100.0000
20344.3743 312450.9562 422.5533 299789.543340000 -0.0000 0.0000 100.0000
20344.2970 312450.9426 422.5380 299789.553340000 -0.0000 0.0000 100.0000
20344.2197 312450.9289 422.5227 299789.563340000 -0.0000 0.0000 100.0000
20344.1424 312450.9153 422.5074 299789.573340000 -0.0000 0.0000 100.0000
20344.0650 312450.9017 422.4920 299789.583340000 -0.0000 0.0000 100.0000
20343.9877 312450.8880 422.4767 299789.593340000 -0.0000 0.0000 100.0000
20343.9104 312450.8744 422.4614 299789.603340000 -0.0000 0.0000 100.0000
20343.8331 312450.8608 422.4461 299789.613340000 -0.0000 0.0000 100.0000
20343.7557 312450.8471 422.4307 299789.623340000 -0.0000 0.0000 100.0000
20343.6784 312450.8335 422.4154 299789.633340000 -0.0000 0.0000 100.0000
20343.6011 312450.8199 422.4001 299789.643340000 -0.0000 0.0000 100.0000
20343.5238 312450.8062 422.3848 299789.653340000 -0.0000 0.0000 100.0000
20343.4464 312450.7926 422.3695 299789.663340000 -0.0000 0.0000 100.0000
20343.3691 312450.7790 422.3541 299789.673340000 -0.0000 0.0000 100.0000
20343.2918 312450.7653 422.3388 299789.683340000 -0.0000 0.0000 100.0000
20343.2145 312450.7517 422.3235 299789.693340000 -0.0000 0.0000 100.0000
20343.1371 312450.7380 422.3082 299789.703340000 -0.0000 0.0000 100.0000
20343.0598 312450.7244 422.2928 299789.713340000 -0.0000 0.0000 100.0000
20342.9825 312450.7108 422.2775 299789.723340000 -0.0000 0.0000 100.0000
20342.9052 312450.6971 422.2622 299789.733340000 -0.0000 0.0000 100.0000
20342.8278 312450.6835 422.2469 299789.743340000 -0.0000 0.0000 100.0000
20342.7505 312450.6699 422.2316 299789.753340000 -0.0000 0.0000 100.0000
20342.6732 312450.6562 422.2162 299789.763340000 -0.0000 0.0000 100.0000
20342.5958 312450.6426 422.2009 299789.773340000 -0.0000 0.0000 100.0000
20342.5185 312450.6290 422.1856 299789.783340000 -0.0000 0.0000 100.0000
20342.4412 312450.6153 422.1703 299789.793340000 -0.0000 0.0000 100.0000
20342.3639 312450.6017 422.1550 299789.803340000 -0.0000 0.0000 100.0000
20342.2865 312450.5881 422.1396 299789.813340000 -0.0000 0.0000 100.0000
20342.2092 312450.5744 422.1243 299789.823340000 -0.0000 0.0000 100.0000
20342.1319 312450.5608 422.1090 299789.833340000 -0.0000 0.0000 100.0000
20342.0546 312450.5472 422.0937 299789.843340000 -0.0000 0.0000 100.0000
20341.9772 312450.5335 422.0783 299789.853340000 -0.0000 0.0000 100.0000
20341.8999 312450.5199 422.0630 299789.863340000 -0.0000 0.0000 100.0000
20341.8226 312450.5063 422.0477 299789.873340000 -0.0000 0.0000 100.0000
20341.7453 312450.4926 422.0324 299789.883340000 -0.0000 0.0000 100.0000
20341.6679 312450.4790 422.0171 299789.893340000 -0.0000 0.0000 100.0000
20341.5906 312450.4654 422.0017 299789.903340000 -0.0000 0.0000 100.0000
20341.5133 312450.4517 421.9864 299789.913340000 -0.0000 0.0000 100.0000
20341.4360 312450.4381 421.9711 299789.923340000 -0.0000 0.0000 100.0000
20341.3586 312450.4245 421.9558 299789.933340000 -0.0000 0.0000 100.0000
20341.2813 312450.4108 421.9404 299789.943340000 -0.0000 0.0000 100.0000
20341.2040 312450.3972 421.9251 299789.953340000 -0.0000 0.0000 100.0000
20341.1266 312450.3835 421.9098 299789.963340000 -0.0000 0.0000 100.0000
20341.0493 312450.3699 421.8945 299789.973340000 -0.0000 0.0000 100.0000
20340.9720 312450.3563 421.8792 299789.983340000 -0.0000 0.0000 100.0000
20340.8947 312450.3426 421.8638 299789.993340000 -0.0000 0.0000 100.0000
20340.8173 312450.3290 421.8485 299790.003340000 -0.0000 0.0000 100.0000
20340.7400 312450.3154 421.8332 299790.013340000 -0.0000 0.0000 100.0000
20340.6627 312450.3017 421.8179 299790.023340000 -0.0000 0.0000 100.0000
20340.5854 312450.2881 421.8026 299790.033340000 -0.0000 0.0000 100.0000
20340.5080 312450.2745 421.7872 299790.043340000 -0.0000 0.0000 100.0000
20340.4307 312450.2608 421.7719 299790.053340000 -0.0000 0.0000 100.0000
20340.3534 312450.2472 421.7566 299790.063340000 -0.0000 0.0000 100.0000
20340.2761 312450.2336 421.7413 299790.073340000 -0.0000 0.0000 100.0000
20340.1987 312450.2199 421.7259 299790.083340000 -0.0000 0.0000 100.0000
20340.1214 312450.2063 421.7106 299790.093340000 -0.0000 0.0000 100.0000
20340.0441 312450.1927 421.6953 299790.103340000 -0.0000 0.0000 100.0000
20339.9668 312450.1790 421.6800 299790.113340000 -0.0000 0.0000 100.0000
20339.8894 312450.1654 421.6647 299790.123340000 -0.0000 0.0000 100.0000
20339.8121 312450.1518 421.6493 299790.133340000 -0.0000 0.0000 100.0000
20339.7348 312450.1381 421.6340 299790.143340000 -0.0000 0.0000 100.0000
20339.6575 312450.1245 421.6187 299790.153340000 -0.0000 0.0000 100.0000
20339.5801 312450.1109 421.6034 299790.163340000 -0.0000 0.0000 100.0000
20339.5028 312450.0972 421.5881 299790.173340000 -0.0000 0.0000 100.0000
20339.4255 312450.0836 421.5727 299790.183340000 -0.0000 0.0000 100.0000
20339.3481 312450.0699 421.5574 299790.193340000 -0.0000 0.0000 100.0000
20339.2708 312450.0563 421.5421 299790.203340000 -0.0000 0.0000 100.0000
20339.1935 312450.0427 421.5268 299790.213340000 -0.0000 0.0000 100.0000
20339.1162 312450.0290 421.5114 299790.223340000 -0.0000 0.0000 100.0000
20339.0388 312450.0154 421.4961 299790.233340000 -0.0000 0.0000 100.0000
20338.9615 312450.0018 421.4808 299790.243340000 -0.0000 0.0000 100.0000
20338.8842 312449.9881 421.4655 299790.253340000 -0.0000 0.0000 100.0000
20338.8069 312449.9745 421.4502 299790.263340000 -0.0000 0.0000 100.0000
20338.7295 312449.9609 421.4348 299790.273340000 -0.0000 0.0000 100.0000
20338.6522 312449.9472 421.4195 299790.283340000 -0.0000 0.0000 100.0000
20338.5749 312449.9336 421.4042 299790.293340000 -0.0000 0.0000 100.0000
20338.4976 312449.9200 421.3889 299790.303340000 -0.0000 0.0000 100.0000
20338.4202 312449.9063 421.3735 299790.313340000 -0.0000 0.0000 100.0000
20338.3429 312449.8927 421.3582 299790.323340000 -0.0000 0.0000 100.0000
20338.2656 312449.8791 421.3429 299790.333340000 -0.0000 0.0000 100.0000
20338.1883 312449.8654 421.3276 299790.343340000 -0.0000 0.0000 100.0000
20338.1109 312449.8518 421.3123 299790.353340000 -0.0000 0.0000 100.0000
20338.0336 312449.8382 421.2969 299790.363340000 -0.0000 0.0000 100.0000
20337.9563 312449.8245 421.2816 299790.373340000 -0.0000 0.0000 100.0000
20337.8789 312449.8109 421.2663 299790.383340000 -0.0000 0.0000 100.0000
20337.8016 312449.7973 421.2510 299790.393340000 -0.0000 0.0000 100.0000
20337.7243 312449.7836 421.2357 299790.403340000 -0.0000 0.0000 100.0000
20337.6470 312449.7700 421.2203 299790.413340000 -0.0000 0.0000 100.0000
20337.5696 312449.7564 421.2050 299790.423340000 -0.0000 0.0000 100.0000
20337.4923 312449.7427 421.1897 299790.433340000 -0.0000 0.0000 100.0000
20337.4150 312449.7291 421.1744 299790.443340000 -0.0000 0.0000 100.0000
20337.3377 312449.7154 421.1590 299790.453340000 -0.0000 0.0000 100.0000
20337.2603 312449.7018 421.1437 299790.463340000 -0.0000 0.0000 100.0000
20337.1830 312449.6882 421.1284 299790.473340000 -0.0000 0.0000 100.0000
20337.1057 312449.6745 421.1131 299790.483340000 -0.0000 0.0000 100.0000
20337.0284 312449.6609 421.0978 299790.493340000 -0.0000 0.0000 100.0000
20336.9510 312449.6473 421.0824 299790.503340000 -0.0000 0.0000 100.0000
20336.8737 312449.6336 421.0671 299790.513340000 -0.0000 0.0000 100.0000
20336.7964 312449.6200 421.0518 299790.523340000 -0.0000 0.0000 100.0000
20336.7191 312449.6064 421.0365 299790.533340000 -0.0000 0.0000 100.0000
20336.6417 312449.5927 421.0211 299790.543340000 -0.0000 0.0000 100.0000
20336.5644 312449.5791 421.0058 299790.553340000 -0.0000 0.0000 100.0000
20336.4871 312449.5655 420.9905 299790.563340000 -0.0000 0.0000 100.0000
20336.4098 312449.5518 420.9752 299790.573340000 -0.0000 0.0000 100.0000
20336.3324 312449.5382 420.9599 299790.583340000 -0.0000 0.0000 100.0000
20336.2551 312449.5246 420.9445 299790.593340000 -0.0000 0.0000 100.0000
20336.1778 312449.5109 420.9292 299790.603340000 -0.0000 0.0000 100.0000
20336.1004 312449.4973 420.9139 299790.613340000 -0.0000 0.0000 100.0000
20336.0231 312449.4837 420.8986 299790.623340000 -0.0000 0.0000 100.0000
20335.9458 312449.4700 420.8833 299790.633340000 -0.0000 0.0000 100.0000
20335.8685 312449.4564 420.8679 299790.643340000 -0.0000 0.0000 100.0000
20335.7911 312449.4428 420.8526 299790.653340000 -0.0000 0.0000 100.0000
20335.7138 312449.4291 420.8373 299790.663340000 -0.0000 0.0000 100.0000
20335.6365 312449.4155 420.8220 299790.673340000 -0.0000 0.0000 100.0000
20335.5592 312449.4018 420.8066 299790.683340000 -0.0000 0.0000 100.0000
20335.4818 312449.3882 420.7913 299790.693340000 -0.0000 0.0000 100.0000
20335.4045 312449.3746 420.7760 299790.703340000 -0.0000 0.0000 100.0000
20335.3272 312449.3609 420.7607 299790.713340000 -0.0000 0.0000 100.0000
20335.2499 312449.3473 420.7454 299790.723340000 -0.0000 0.0000 100.0000
20335.1725 312449.3337 420.7300 299790.733340000 -0.0000 0.0000 100.0000
20335.0952 312449.3200 420.7147 299790.743340000 -0.0000 0.0000 100.0000
20335.0179 312449.3064 420.6994 299790.753340000 -0.0000 0.0000 100.0000
20334.9406 312449.2928 420.6841 299790.763340000 -0.0000 0.0000 100.0000
20334.8632 312449.2791 420.6687 299790.773340000 -0.0000 0.0000 100.0000
20334.7859 312449.2655 420.6534 299790.783340000 -0.0000 0.0000 100.0000
20334.7086 312449.2519 420.6381 299790.793340000 -0.0000 0.0000 100.0000
20334.6312 312449.2382 420.6228 299790.803340000 -0.0000 0.0000 100.0000
20334.5539 312449.2246 420.6075 299790.813340000 -0.0000 0.0000 100.0000
20334.4766 312449.2110 420.5921 299790.823340000 -0.0000 0.0000 100.0000
20334.3993 312449.1973 420.5768 299790.833340000 -0.0000 0.0000 100.0000
20334.3219 312449.1837 420.5615 299790.843340000 -0.0000 0.0000 100.0000
20334.2446 312449.1701 420.5462 299790.853340000 -0.0000 0.0000 100.0000
20334.1673 312449.1564 420.5309 299790.863340000 -0.0000 0.0000 100.0000
20334.0900 312449.1428 420.5155 299790.873340000 -0.0000 0.0000 100.0000
20334.0126 312449.1292 420.5002 299790.883340000 -0.0000 0.0000 100.0000
20333.9353 312449.1155 420.4849 299790.893340000 -0.0000 0.0000 100.0000
20333.8580 312449.1019 420.4696 299790.903340000 -0.0000 0.0000 100.0000
20333.7807 312449.0882 420.4542 299790.913340000 -0.0000 0.0000 100.0000
20333.7033 312449.0746 420.4389 299790.923340000 -0.0000 0.0000 100.0000
20333.6260 312449.0610 420.4236 299790.933340000 -0.0000 0.0000 100.0000
20333.5487 312449.0473 420.4083 299790.943340000 -0.0000 0.0000 100.0000
20333.4714 312449.0337 420.3930 299790.953340000 -0.0000 0.0000 100.0000
20333.3940 312449.0201 420.3776 299790.963340000 -0.0000 0.0000 100.0000
20333.3167 312449.0064 420.3623 299790.973340000 -0.0000 0.0000 100.0000
20333.2394 312448.9928 420.3470 299790.983340000 -0.0000 0.0000 100.0000
20333.1621 312448.9792 420.3317 299790.993340000 -0.0000 0.0000 100.0000
20333.0847 312448.9655 420.3164 299791.003340000 -0.0000 0.0000 100.0000
20333.0074 312448.9519 420.3010 299791.013340000 -0.0000 0.0000 100.0000
20332.9301 312448.9383 420.2857 299791.023340000 -0.0000 0.0000 100.0000
20332.8527 312448.9246 420.2704 299791.033340000 -0.0000 0.0000 100.0000
20332.7754 312448.9110 420.2551 299791.043340000 -0.0000 0.0000 100.0000
20332.6981 312448.8974 420.2397 299791.053340000 -0.0000 0.0000 100.0000
20332.6208 312448.8837 420.2244 299791.063340000 -0.0000 0.0000 100.0000
20332.5434 312448.8701 420.2091 299791.073340000 -0.0000 0.0000 100.0000
20332.4661 312448.8565 420.1938 299791.083340000 -0.0000 0.0000 100.0000
20332.3888 312448.8428 420.1785 299791.093340000 -0.0000 0.0000 100.0000
20332.3115 312448.8292 420.1631 299791.103340000 -0.0000 0.0000 100.0000
20332.2341 312448.8156 420.1478 299791.113340000 -0.0000 0.0000 100.0000
20332.1568 312448.8019 420.1325 299791.123340000 -0.0000 0.0000 100.0000
20332.0795 312448.7883 420.1172 299791.133340000 -0.0000 0.0000 100.0000
20332.0022 312448.7747 420.1018 299791.143340000 -0.0000 0.0000 100.0000
20331.9248 312448.7610 420.0865 299791.153340000 -0.0000 0.0000 100.0000
20331.8475 312448.7474 420.0712 299791.163340000 -0.0000 0.0000 100.0000
20331.7702 312448.7337 420.0559 299791.173340000 -0.0000 0.0000 100.0000
20331.6929 312448.7201 420.0406 299791.183340000 -0.0000 0.0000 100.0000
20331.6155 312448.7065 420.0252 299791.193340000 -0.0000 0.0000 100.0000
20331.5382 312448.6928 420.0099 299791.203340000 -0.0000 0.0000 100.0000
20331.4609 312448.6792 419.9946 299791.213340000 -0.0000 0.0000 100.0000
20331.3835 312448.6656 419.9793 299791.223340000 -0.0000 0.0000 100.0000
20331.3062 312448.6519 419.9640 299791.233340000 -0.0000 0.0000 100.0000
20331.2289 312448.6383 419.9486 299791.243340000 -0.0000 0.0000 100.0000
20331.1516 312448.6247 419.9333 299791.253340000 -0.0000 0.0000 100.0000
20331.0742 312448.6110 419.9180 299791.263340000 -0.0000 0.0000 100.0000
20330.9969 312448.5974 419.9027 299791.273340000 -0.0000 0.0000 100.0000
20330.9196 312448.5838 419.8873 299791.283340000 -0.0000 0.0000 100.0000
20330.8423 312448.5701 419.8720 299791.293340000 -0.0000 0.0000 100.0000
20330.7649 312448.5565 419.8567 299791.303340000 -0.0000 0.0000 100.0000
20330.6876 312448.5429 419.8414 299791.313340000 -0.0000 0.0000 100.0000
20330.6103 312448.5292 419.8261 299791.323340000 -0.0000 0.0000 100.0000
20330.5330 312448.5156 419.8107 299791.333340000 -0.0000 0.0000 100.0000
20330.4556 312448.5020 419.7954 299791.343340000 -0.0000 0.0000 100.0000
20330.3783 312448.4883 419.7801 299791.353340000 -0.0000 0.0000 100.0000
20330.3010 312448.4747 419.7648 299791.363340000 -0.0000 0.0000 100.0000
20330.2237 312448.4611 419.7494 299791.373340000 -0.0000 0.0000 100.0000
20330.1463 312448.4474 419.7341 299791.383340000 -0.0000 0.0000 100.0000
20330.0690 312448.4338 419.7188 299791.393340000 -0.0000 0.0000 100.0000
20329.9917 312448.4201 419.7035 299791.403340000 -0.0000 0.0000 100.0000
20329.9144 312448.4065 419.6882 299791.413340000 -0.0000 0.0000 100.0000
20329.8370 312448.3929 419.6728 299791.423340000 -0.0000 0.0000 100.0000
20329.7597 312448.3792 419.6575 299791.433340000 -0.0000 0.0000 100.0000
20329.6824 312448.3656 419.6422 299791.443340000 -0.0000 0.0000 100.0000
20329.6050 312448.3520 419.6269 299791.453340000 -0.0000 0.0000 100.0000
20329.5277 312448.3383 419.6116 299791.463340000 -0.0000 0.0000 100.0000
20329.4504 312448.3247 419.5962 299791.473340000 -0.0000 0.0000 100.0000
20329.3731 312448.3111 419.5809 299791.483340000 -0.0000 0.0000 100.0000
20329.2957 312448.2974 419.5656 299791.493340000 -0.0000 0.0000 100.0000
20329.2184 312448.2838 419.5503 299791.503340000 -0.0000 0.0000 100.0000
20329.1411 312448.2702 419.5349 299791.513340000 -0.0000 0.0000 100.0000
20329.0638 312448.2565 419.5196 299791.523340000 -0.0000 0.0000 100.0000
20328.9864 312448.2429 419.5043 299791.533340000 -0.0000 0.0000 100.0000
20328.9091 312448.2293 419.4890 299791.543340000 -0.0000 0.0000 100.0000
20328.8318 312448.2156 419.4737 299791.553340000 -0.0000 0.0000 100.0000
20328.7545 312448.2020 419.4583 299791.563340000 -0.0000 0.0000 100.0000
20328.6771 312448.1884 419.4430 299791.573340000 -0.0000 0.0000 100.0000
20328.5998 312448.1747 419.4277 299791.583340000 -0.0000 0.0000 100.0000
20328.5225 312448.1611 419.4124 299791.593340000 -0.0000 0.0000 100.0000
20328.4452 312448.1475 419.3970 299791.603340000 -0.0000 0.0000 100.0000
20328.3678 312448.1338 419.3817 299791.613340000 -0.0000 0.0000 100.0000
20328.2905 312448.1202 419.3664 299791.623340000 -0.0000 0.0000 100.0000
20328.2132 312448.1066 419.3511 299791.633340000 -0.0000 0.0000 100.0000
20328.1358 312448.0929 419.3358 299791.643340000 -0.0000 0.0000 100.0000
20328.0585 312448.0793 419.3204 299791.653340000 -0.0000 0.0000 100.0000
20327.9812 312448.0656 419.3051 299791.663340000 -0.0000 0.0000 100.0000
20327.9039 312448.0520 419.2898 299791.673340000 -0.0000 0.0000 100.0000
20327.8265 312448.0384 419.2745 299791.683340000 -0.0000 0.0000 100.0000
20327.7492 312448.0247 419.2592 299791.693340000 -0.0000 0.0000 100.0000
20327.6719 312448.0111 419.2438 299791.703340000 -0.0000 0.0000 100.0000
20327.5946 312447.9975 419.2285 299791.713340000 -0.0000 0.0000 100.0000
20327.5172 312447.9838 419.2132 299791.723340000 -0.0000 0.0000 100.0000
20327.4399 312447.9702 419.1979 299791.733340000 -0.0000 0.0000 100.0000
20327.3626 312447.9566 419.1825 299791.743340000 -0.0000 0.0000 100.0000
20327.2853 312447.9429 419.1672 299791.753340000 -0.0000 0.0000 100.0000
20327.2079 312447.9293 419.1519 299791.763340000 -0.0000 0.0000 100.0000
20327.1306 312447.9157 419.1366 299791.773340000 -0.0000 0.0000 100.0000
20327.0533 312447.9020 419.1213 299791.783340000 -0.0000 0.0000 100.0000
20326.9760 312447.8884 419.1059 299791.793340000 -0.0000 0.0000 100.0000
20326.8986 312447.8748 419.0906 299791.803340000 -0.0000 0.0000 100.0000
20326.8213 312447.8611 419.0753 299791.813340000 -0.0000 0.0000 100.0000
20326.7440 312447.8475 419.0600 299791.823340000 -0.0000 0.0000 100.0000
20326.6667 312447.8339 419.0447 299791.833340000 -0.0000 0.0000 100.0000
20326.5893 312447.8202 419.0293 299791.843340000 -0.0000 0.0000 100.0000
20326.5120 312447.8066 419.0140 299791.853340000 -0.0000 0.0000 100.0000
20326.4347 312447.7930 418.9987 299791.863340000 -0.0000 0.0000 100.0000
20326.3573 312447.7793 418.9834 299791.873340000 -0.0000 0.0000 100.0000
20326.2800 312447.7657 418.9680 299791.883340000 -0.0000 0.0000 100.0000
20326.2027 312447.7520 418.9527 299791.893340000 -0.0000 0.0000 100.0000
20326.1254 312447.7384 418.9374 299791.903340000 -0.0000 0.0000 100.0000
20326.0480 312447.7248 418.9221 299791.913340000 -0.0000 0.0000 100.0000
20325.9707 312447.7111 418.9068 299791.923340000 -0.0000 0.0000 100.0000
20325.8934 312447.6975 418.8914 299791.933340000 -0.0000 0.0000 100.0000
20325.8161 312447.6839 418.8761 299791.943340000 -0.0000 0.0000 100.0000
20325.7387 312447.6702 418.8608 299791.953340000 -0.0000 0.0000 100.0000
20325.6614 312447.6566 418.8455 299791.963340000 -0.0000 0.0000 100.0000
20325.5841 312447.6430 418.8301 299791.973340000 -0.0000 0.0000 100.0000
20325.5068 312447.6293 418.8148 299791.983340000 -0.0000 0.0000 100.0000
20325.4294 312447.6157 418.7995 299791.993340000 -0.0000 0.0000 100.0000
20325.3521 312447.6021 418.7842 299792.003340000 -0.0000 0.0000 100.0000
20325.2748 312447.5884 418.7689 299792.013340000 -0.0000 0.0000 100.0000
20325.1975 312447.5748 418.7535 299792.023340000 -0.0000 0.0000 100.0000
20325.1201 312447.5612 418.7382 299792.033340000 -0.0000 0.0000 100.0000
20325.0428 312447.5475 418.7229 299792.043340000 -0.0000 0.0000 100.0000
20324.9655 312447.5339 418.7076 299792.053340000 -0.0000 0.0000 100.0000
20324.8881 312447.5203 418.6923 299792.063340000 -0.0000 0.0000 100.0000
20324.8108 312447.5066 418.6769 299792.073340000 -0.0000 0.0000 100.0000
20324.7335 312447.4930 418.6616 299792.083340000 -0.0000 0.0000 100.0000
20324.6562 312447.4794 418.6463 299792.093340000 -0.0000 0.0000 100.0000
20324.5788 312447.4657 418.6310 299792.103340000 -0.0000 0.0000 100.0000
20324.5015 312447.4521 418.6156 299792.113340000 -0.0000 0.0000 100.0000
20324.4242 312447.4385 418.6003 299792.123340000 -0.0000 0.0000 100.0000
20324.3469 312447.4248 418.5850 299792.133340000 -0.0000 0.0000 100.0000
20324.2695 312447.4112 418.5697 299792.143340000 -0.0000 0.0000 100.0000
20324.1922 312447.3975 418.5544 299792.153340000 -0.0000 0.0000 100.0000
20324.1149 312447.3839 418.5390 299792.163340000 -0.0000 0.0000 100.0000
20324.0376 312447.3703 418.5237 299792.173340000 -0.0000 0.0000 100.0000
20323.9602 312447.3566 418.5084 299792.183340000 -0.0000 0.0000 100.0000
20323.8829 312447.3430 418.4931 299792.193340000 -0.0000 0.0000 100.0000
20323.8056 312447.3294 418.4777 299792.203340000 -0.0000 0.0000 100.0000
20323.7283 312447.3157 418.4624 299792.213340000 -0.0000 0.0000 100.0000
20323.6509 312447.3021 418.4471 299792.223340000 -0.0000 0.0000 100.0000
20323.5736 312447.2885 418.4318 299792.233340000 -0.0000 0.0000 100.0000
20323.4963 312447.2748 418.4165 299792.243340000 -0.0000 0.0000 100.0000
20323.4189 312447.2612 418.4011 299792.253340000 -0.0000 0.0000 100.0000
20323.3416 312447.2476 418.3858 299792.263340000 -0.0000 0.0000 100.0000
20323.2643 312447.2339 418.3705 299792.273340000 -0.0000 0.0000 100.0000
20323.1870 312447.2203 418.3552 299792.283340000 -0.0000 0.0000 100.0000
20323.1096 312447.2067 418.3399 299792.293340000 -0.0000 0.0000 100.0000
20323.0323 312447.1930 418.3245 299792.303340000 -0.0000 0.0000 100.0000
20322.9550 312447.1794 418.3092 299792.313340000 -0.0000 0.0000 100.0000
20322.8777 312447.1658 418.2939 299792.323340000 -0.0000 0.0000 100.0000
20322.8003 312447.1521 418.2786 299792.333340000 -0.0000 0.0000 100.0000
20322.7230 312447.1385 418.2632 299792.343340000 -0.0000 0.0000 100.0000
20322.6457 312447.1249 418.2479 299792.353340000 -0.0000 0.0000 100.0000
20322.5684 312447.1112 418.2326 299792.363340000 -0.0000 0.0000 100.0000
20322.4910 312447.0976 418.2173 299792.373340000 -0.0000 0.0000 100.0000
20322.4137 312447.0839 418.2020 299792.383340000 -0.0000 0.0000 100.0000
20322.3364 312447.0703 418.1866 299792.393340000 -0.0000 0.0000 100.0000
20322.2591 312447.0567 418.1713 299792.403340000 -0.0000 0.0000 100.0000
20322.1817 312447.0430 418.1560 299792.413340000 -0.0000 0.0000 100.0000
20322.1044 312447.0294 418.1407 299792.423340000 -0.0000 0.0000 100.0000
20322.0271 312447.0158 418.1253 299792.433340000 -0.0000 0.0000 100.0000
20321.9498 312447.0021 418.1100 299792.443340000 -0.0000 0.0000 100.0000
20321.8724 312446.9885 418.0947 299792.453340000 -0.0000 0.0000 100.0000
20321.7951 312446.9749 418.0794 299792.463340000 -0.0000 0.0000 100.0000
20321.7178 312446.9612 418.0641 299792.473340000 -0.0000 0.0000 100.0000
20321.6404 312446.9476 418.0487 299792.483340000 -0.0000 0.0000 100.0000
20321.5631 312446.9340 418.0334 299792.493340000 -0.0000 0.0000 100.0000
20321.4858 312446.9203 418.0181 299792.503340000 -0.0000 0.0000 100.0000
20321.4085 312446.9067 418.0028 299792.513340000 -0.0000 0.0000 100.0000
20321.3311 312446.8931 417.9875 299792.523340000 -0.0000 0.0000 100.0000
20321.2538 312446.8794 417.9721 299792.533340000 -0.0000 0.0000 100.0000
20321.1765 312446.8658 417.9568 299792.543340000 -0.0000 0.0000 100.0000
20321.0992 312446.8522 417.9415 299792.553340000 -0.0000 0.0000 100.0000
20321.0218 312446.8385 417.9262 299792.563340000 -0.0000 0.0000 100.0000
20320.9445 312446.8249 417.9108 299792.573340000 -0.0000 0.0000 100.0000
20320.8672 312446.8113 417.8955 299792.583340000 -0.0000 0.0000 100.0000
20320.7899 312446.7976 417.8802 299792.593340000 -0.0000 0.0000 100.0000
20320.7125 312446.7840 417.8649 299792.603340000 -0.0000 0.0000 100.0000
20320.6352 312446.7704 417.8496 299792.613340000 -0.0000 0.0000 100.0000
20320.5579 312446.7567 417.8342 299792.623340000 -0.0000 0.0000 100.0000
20320.4806 312446.7431 417.8189 299792.633340000 -0.0000 0.0000 100.0000
20320.4032 312446.7294 417.8036 299792.643340000 -0.0000 0.0000 100.0000
20320.3259 312446.7158 417.7883 299792.653340000 -0.0000 0.0000 100.0000
20320.2486 312446.7022 417.7729 299792.663340000 -0.0000 0.0000 100.0000
20320.1712 312446.6885 417.7576 299792.673340000 -0.0000 0.0000 100.0000
20320.0939 312446.6749 417.7423 299792.683340000 -0.0000 0.0000 100.0000
20320.0166 312446.6613 417.7270 299792.693340000 -0.0000 0.0000 100.0000
20319.9393 312446.6476 417.7117 299792.703340000 -0.0000 0.0000 100.0000
20319.8619 312446.6340 417.6963 299792.713340000 -0.0000 0.0000 100.0000
20319.7846 312446.6204 417.6810 299792.723340000 -0.0000 0.0000 100.0000
20319.7073 312446.6067 417.6657 299792.733340000 -0.0000 0.0000 100.0000
20319.6300 312446.5931 417.6504 299792.743340000 -0.0000 0.0000 100.0000
20319.5526 312446.5795 417.6351 299792.753340000 -0.0000 0.0000 100.0000
20319.4753 312446.5658 417.6197 299792.763340000 -0.0000 0.0000 100.0000
20319.3980 312446.5522 417.6044 299792.773340000 -0.0000 0.0000 100.0000
20319.3207 312446.5386 417.5891 299792.783340000 -0.0000 0.0000 100.0000
20319.2433 312446.5249 417.5738 299792.793340000 -0.0000 0.0000 100.0000
20319.1660 312446.5113 417.5584 299792.803340000 -0.0000 0.0000 100.0000
20319.0887 312446.4977 417.5431 299792.813340000 -0.0000 0.0000 100.0000
20319.0114 312446.4840 417.5278 299792.823340000 -0.0000 0.0000 100.0000
20318.9340 312446.4704 417.5125 299792.833340000 -0.0000 0.0000 100.0000
20318.8567 312446.4568 417.4972 299792.843340000 -0.0000 0.0000 100.0000
20318.7794 312446.4431 417.4818 299792.853340000 -0.0000 0.0000 100.0000
20318.7021 312446.4295 417.4665 299792.863340000 -0.0000 0.0000 100.0000
20318.6247 312446.4158 417.4512 299792.873340000 -0.0000 0.0000 100.0000
20318.5474 312446.4022 417.4359 299792.883340000 -0.0000 0.0000 100.0000
20318.4701 312446.3886 417.4206 299792.893340000 -0.0000 0.0000 100.0000
20318.3927 312446.3749 417.4052 299792.903340000 -0.0000 0.0000 100.0000
20318.3154 312446.3613 417.3899 299792.913340000 -0.0000 0.0000 100.0000
20318.2381 312446.3477 417.3746 299792.923340000 -0.0000 0.0000 100.0000
20318.1608 312446.3340 417.3593 299792.933340000 -0.0000 0.0000 100.0000
20318.0834 312446.3204 417.3439 299792.943340000 -0.0000 0.0000 100.0000
20318.0061 312446.3068 417.3286 299792.953340000 -0.0000 0.0000 100.0000
20317.9288 312446.2931 417.3133 299792.963340000 -0.0000 0.0000 100.0000
20317.8515 312446.2795 417.2980 299792.973340000 -0.0000 0.0000 100.0000
20317.7741 312446.2659 417.2827 299792.983340000 -0.0000 0.0000 100.0000
20317.6968 312446.2522 417.2673 299792.993340000 -0.0000 0.0000 100.0000
20317.6195 312446.2386 417.2520 299793.003340000 -0.0000 0.0000 100.0000
20317.5422 312446.2250 417.2367 299793.013340000 -0.0000 0.0000 100.0000
20317.4648 312446.2113 417.2214 299793.023340000 -0.0000 0.0000 100.0000
20317.3875 312446.1977 417.2060 299793.033340000 -0.0000 0.0000 100.0000
20317.3102 312446.1841 417.1907 299793.043340000 -0.0000 0.0000 100.0000
20317.2329 312446.1704 417.1754 299793.053340000 -0.0000 0.0000 100.0000
20317.1555 312446.1568 417.1601 299793.063340000 -0.0000 0.0000 100.0000
20317.0782 312446.1432 417.1448 299793.073340000 -0.0000 0.0000 100.0000
20317.0009 312446.1295 417.1294 299793.083340000 -0.0000 0.0000 100.0000
20316.9235 312446.1159 417.1141 299793.093340000 -0.0000 0.0000 100.0000
20316.8462 312446.1023 417.0988 299793.103340000 -0.0000 0.0000 100.0000
20316.7689 312446.0886 417.0835 299793.113340000 -0.0000 0.0000 100.0000
20316.6916 312446.0750 417.0682 299793.123340000 -0.0000 0.0000 100.0000
20316.6142 312446.0613 417.0528 299793.133340000 -0.0000 0.0000 100.0000
20316.5369 312446.0477 417.0375 299793.143340000 -0.0000 0.0000 100.0000
20316.4596 312446.0341 417.0222 299793.153340000 -0.0000 0.0000 100.0000
20316.3823 312446.0204 417.0069 299793.163340000 -0.0000 0.0000 100.0000
20316.3049 312446.0068 416.9915 299793.173340000 -0.0000 0.0000 100.0000
20316.2276 312445.9932 416.9762 299793.183340000 -0.0000 0.0000 100.0000
20316.1503 312445.9795 416.9609 299793.193340000 -0.0000 0.0000 100.0000
20316.0730 312445.9659 416.9456 299793.203340000 -0.0000 0.0000 100.0000
20315.9956 312445.9523 416.9303 299793.213340000 -0.0000 0.0000 100.0000
20315.9183 312445.9386 416.9149 299793.223340000 -0.0000 0.0000 100.0000
20315.8410 312445.9250 416.8996 299793.233340000 -0.0000 0.0000 100.0000
20315.7637 312445.9114 416.8843 299793.243340000 -0.0000 0.0000 100.0000
20315.6863 312445.8977 416.8690 299793.253340000 -0.0000 0.0000 100.0000
20315.6090 312445.8841 416.8536 299793.263340000 -0.0000 0.0000 100.0000
20315.5317 312445.8705 416.8383 299793.273340000 -0.0000 0.0000 100.0000
20315.4544 312445.8568 416.8230 299793.283340000 -0.0000 0.0000 100.0000
20315.3770 312445.8432 416.8077 299793.293340000 -0.0000 0.0000 100.0000
20315.2997 312445.8296 416.7924 299793.303340000 -0.0000 0.0000 100.0000
20315.2224 312445.8159 416.7770 299793.313340000 -0.0000 0.0000 100.0000
20315.1450 312445.8023 416.7617 299793.323340000 -0.0000 0.0000 100.0000
20315.0677 312445.7887 416.7464 299793.333340000 -0.0000 0.0000 100.0000
20314.9904 312445.7750 416.7311 299793.343340000 -0.0000 0.0000 100.0000
20314.9131 312445.7614 416.7158 299793.353340000 -0.0000 0.0000 100.0000
20314.8357 312445.7477 416.7004 299793.363340000 -0.0000 0.0000 100.0000
20314.7584 312445.7341 416.6851 299793.373340000 -0.0000 0.0000 100.0000
20314.6811 312445.7205 416.6698 299793.383340000 -0.0000 0.0000 100.0000
20314.6038 312445.7068 416.6545 299793.393340000 -0.0000 0.0000 100.0000
20314.5264 312445.6932 416.6391 299793.403340000 -0.0000 0.0000 100.0000
20314.4491 312445.6796 416.6238 299793.413340000 -0.0000 0.0000 100.0000
20314.3718 312445.6659 416.6085 299793.423340000 -0.0000 0.0000 100.0000
20314.2945 312445.6523 416.5932 299793.433340000 -0.0000 0.0000 100.0000
20314.2171 312445.6387 416.5779 299793.443340000 -0.0000 0.0000 100.0000
20314.1398 312445.6250 416.5625 299793.453340000 -0.0000 0.0000 100.0000
20314.0625 312445.6114 416.5472 299793.463340000 -0.0000 0.0000 100.0000
20313.9852 312445.5978 416.5319 299793.473340000 -0.0000 0.0000 100.0000
20313.9078 312445.5841 416.5166 299793.483340000 -0.0000 0.0000 100.0000
20313.8305 312445.5705 416.5012 299793.493340000 -0.0000 0.0000 100.0000
20313.7532 312445.5569 416.4859 299793.503340000 -0.0000 0.0000 100.0000
20313.6758 312445.5432 416.4706 299793.513340000 -0.0000 0.0000 100.0000
20313.5985 312445.5296 416.4553 299793.523340000 -0.0000 0.0000 100.0000
20313.5212 312445.5160 416.4400 299793.533340000 -0.0000 0.0000 100.0000
20313.4439 312445.5023 416.4246 299793.543340000 -0.0000 0.0000 100.0000
20313.3665 312445.4887 416.4093 299793.553340000 -0.0000 0.0000 100.0000
20313.2892 312445.4751 416.3940 299793.563340000 -0.0000 0.0000 100.0000
20313.2119 312445.4614 416.3787 299793.573340000 -0.0000 0.0000 100.0000
20313.1346 312445.4478 416.3634 299793.583340000 -0.0000 0.0000 100.0000
20313.0572 312445.4342 416.3480 299793.593340000 -0.0000 0.0000 100.0000
20312.9799 312445.4205 416.3327 299793.603340000 -0.0000 0.0000 100.0000
20312.9026 312445.4069 416.3174 299793.613340000 -0.0000 0.0000 100.0000
20312.8253 312445.3932 416.3021 299793.623340000 -0.0000 0.0000 100.0000
20312.7479 312445.3796 416.2867 299793.633340000 -0.0000 0.0000 100.0000
20312.6706 312445.3660 416.2714 299793.643340000 -0.0000 0.0000 100.0000
20312.5933 312445.3523 416.2561 299793.653340000 -0.0000 0.0000 100.0000
20312.5160 312445.3387 416.2408 299793.663340000 -0.0000 0.0000 100.0000
20312.4386 312445.3251 416.2255 299793.673340000 -0.0000 0.0000 100.0000
20312.3613 312445.3114 416.2101 299793.683340000 -0.0000 0.0000 100.0000
20312.2840 312445.2978 416.1948 299793.693340000 -0.0000 0.0000 100.0000
20312.2067 312445.2842 416.1795 299793.703340000 -0.0000 0.0000 100.0000
20312.1293 312445.2705 416.1642 299793.713340000 -0.0000 0.0000 100.0000
20312.0520 312445.2569 416.1489 299793.723340000 -0.0000 0.0000 100.0000
20311.9747 312445.2433 416.1335 299793.733340000 -0.0000 0.0000 100.0000
20311.8973 312445.2296 416.1182 299793.743340000 -0.0000 0.0000 100.0000
20311.8200 312445.2160 416.1029 299793.753340000 -0.0000 0.0000 100.0000
20311.7427 312445.2024 416.0876 299793.763340000 -0.0000 0.0000 100.0000
20311.6654 312445.1887 416.0722 299793.773340000 -0.0000 0.0000 100.0000
20311.5880 312445.1751 416.0569 299793.783340000 -0.0000 0.0000 100.0000
20311.5107 312445.1615 416.0416 299793.793340000 -0.0000 0.0000 100.0000
20311.4334 312445.1478 416.0263 299793.803340000 -0.0000 0.0000 100.0000
20311.3561 312445.1342 416.0110 299793.813340000 -0.0000 0.0000 100.0000
20311.2787 312445.1206 415.9956 299793.823340000 -0.0000 0.0000 100.0000
20311.2014 312445.1069 415.9803 299793.833340000 -0.0000 0.0000 100.0000
20311.1241 312445.0933 415.9650 299793.843340000 -0.0000 0.0000 100.0000
20311.0468 312445.0796 415.9497 299793.853340000 -0.0000 0.0000 100.0000
20310.9694 312445.0660 415.9343 299793.863340000 -0.0000 0.0000 100.0000
20310.8921 312445.0524 415.9190 299793.873340000 -0.0000 0.0000 100.0000
20310.8148 312445.0387 415.9037 299793.883340000 -0.0000 0.0000 100.0000
20310.7375 312445.0251 415.8884 299793.893340000 -0.0000 0.0000 100.0000
20310.6601 312445.0115 415.8731 299793.903340000 -0.0000 0.0000 100.0000
20310.5828 312444.9978 415.8577 299793.913340000 -0.0000 0.0000 100.0000
20310.5055 312444.9842 415.8424 299793.923340000 -0.0000 0.0000 100.0000
20310.4281 312444.9706 415.8271 299793.933340000 -0.0000 0.0000 100.0000
20310.3508 312444.9569 415.8118 299793.943340000 -0.0000 0.0000 100.0000
20310.2735 312444.9433 415.7965 299793.953340000 -0.0000 0.0000 100.0000
20310.1962 312444.9297 415.7811 299793.963340000 -0.0000 0.0000 100.0000
20310.1188 312444.9160 415.7658 299793.973340000 -0.0000 0.0000 100.0000
20310.0415 312444.9024 415.7505 299793.983340000 -0.0000 0.0000 100.0000
20309.9642 312444.8888 415.7352 299793.993340000 -0.0000 0.0000 100.0000
20309.8869 312444.8751 415.7198 299794.003340000 -0.0000 0.0000 100.0000
20309.8095 312444.8615 415.7045 299794.013340000 -0.0000 0.0000 100.0000
20309.7322 312444.8479 415.6892 299794.023340000 -0.0000 0.0000 100.0000
20309.6549 312444.8342 415.6739 299794.033340000 -0.0000 0.0000 100.0000
20309.5776 312444.8206 415.6586 299794.043340000 -0.0000 0.0000 100.0000
20309.5002 312444.8070 415.6432 299794.053340000 -0.0000 0.0000 100.0000
20309.4229 312444.7933 415.6279 299794.063340000 -0.0000 0.0000 100.0000
20309.3456 312444.7797 415.6126 299794.073340000 -0.0000 0.0000 100.0000
20309.2683 312444.7661 415.5973 299794.083340000 -0.0000 0.0000 100.0000
20309.1909 312444.7524 415.5819 299794.093340000 -0.0000 0.0000 100.0000
20309.1136 312444.7388 415.5666 299794.103340000 -0.0000 0.0000 100.0000
20309.0363 312444.7251 415.5513 299794.113340000 -0.0000 0.0000 100.0000
20308.9590 312444.7115 415.5360 299794.123340000 -0.0000 0.0000 100.0000
20308.8816 312444.6979 415.5207 299794.133340000 -0.0000 0.0000 100.0000
20308.8043 312444.6842 415.5053 299794.143340000 -0.0000 0.0000 100.0000
20308.7270 312444.6706 415.4900 299794.153340000 -0.0000 0.0000 100.0000
20308.6496 312444.6570 415.4747 299794.163340000 -0.0000 0.0000 100.0000
20308.5723 312444.6433 415.4594 299794.173340000 -0.0000 0.0000 100.0000
20308.4950 312444.6297 415.4441 299794.183340000 -0.0000 0.0000 100.0000
20308.4177 312444.6161 415.4287 299794.193340000 -0.0000 0.0000 100.0000
20308.3403 312444.6024 415.4134 299794.203340000 -0.0000 0.0000 100.0000
20308.2630 312444.5888 415.3981 299794.213340000 -0.0000 0.0000 100.0000
20308.1857 312444.5752 415.3828 299794.223340000 -0.0000 0.0000 100.0000
20308.1084 312444.5615 415.3674 299794.233340000 -0.0000 0.0000 100.0000
20308.0310 312444.5479 415.3521 299794.243340000 -0.0000 0.0000 100.0000
20307.9537 312444.5343 415.3368 299794.253340000 -0.0000 0.0000 100.0000
20307.8764 312444.5206 415.3215 299794.263340000 -0.0000 0.0000 100.0000
20307.7991 312444.5070 415.3062 299794.273340000 -0.0000 0.0000 100.0000
20307.7217 312444.4934 415.2908 299794.283340000 -0.0000 0.0000 100.0000
20307.6444 312444.4797 415.2755 299794.293340000 -0.0000 0.0000 100.0000
20307.5671 312444.4661 415.2602 299794.303340000 -0.0000 0.0000 100.0000
20307.4898 312444.4525 415.2449 299794.313340000 -0.0000 0.0000 100.0000
20307.4124 312444.4388 415.2295 299794.323340000 -0.0000 0.0000 100.0000
20307.3351 312444.4252 415.2142 299794.333340000 -0.0000 0.0000 100.0000
20307.2578 312444.4115 415.1989 299794.343340000 -0.0000 0.0000 100.0000
20307.1804 312444.3979 415.1836 299794.353340000 -0.0000 0.0000 100.0000
20307.1031 312444.3843 415.1683 299794.363340000 -0.0000 0.0000 100.0000
20307.0258 312444.3706 415.1529 299794.373340000 -0.0000 0.0000 100.0000
20306.9485 312444.3570 415.1376 299794.383340000 -0.0000 0.0000 100.0000
20306.8711 312444.3434 415.1223 299794.393340000 -0.0000 0.0000 100.0000
20306.7938 312444.3297 415.1070 299794.403340000 -0.0000 0.0000 100.0000
20306.7165 312444.3161 415.0917 299794.413340000 -0.0000 0.0000 100.0000
20306.6392 312444.3025 415.0763 299794.423340000 -0.0000 0.0000 100.0000
20306.5618 312444.2888 415.0610 299794.433340000 -0.0000 0.0000 100.0000
20306.4845 312444.2752 415.0457 299794.443340000 -0.0000 0.0000 100.0000
20306.4072 312444.2616 415.0304 299794.453340000 -0.0000 0.0000 100.0000
20306.3299 312444.2479 415.0150 299794.463340000 -0.0000 0.0000 100.0000
20306.2525 312444.2343 414.9997 299794.473340000 -0.0000 0.0000 100.0000
20306.1752 312444.2207 414.9844 299794.483340000 -0.0000 0.0000 100.0000
20306.0979 312444.2070 414.9691 299794.493340000 -0.0000 0.0000 100.0000
20306.0206 312444.1934 414.9538 299794.503340000 -0.0000 0.0000 100.0000
20305.9432 312444.1798 414.9384 299794.513340000 -0.0000 0.0000 100.0000
20305.8659 312444.1661 414.9231 299794.523340000 -0.0000 0.0000 100.0000
20305.7886 312444.1525 414.9078 299794.533340000 -0.0000 0.0000 100.0000
20305.7113 312444.1389 414.8925 299794.543340000 -0.0000 0.0000 100.0000
20305.6339 312444.1252 414.8772 299794.553340000 -0.0000 0.0000 100.0000
20305.5566 312444.1116 414.8618 299794.563340000 -0.0000 0.0000 100.0000
20305.4793 312444.0980 414.8465 299794.573340000 -0.0000 0.0000 100.0000
20305.4019 312444.0843 414.8312 299794.583340000 -0.0000 0.0000 100.0000
20305.3246 312444.0707 414.8159 299794.593340000 -0.0000 0.0000 100.0000
20305.2473 312444.0570 414.8005 299794.603340000 -0.0000 0.0000 100.0000
20305.1700 312444.0434 414.7852 299794.613340000 -0.0000 0.0000 100.0000
20305.0926 312444.0298 414.7699 299794.623340000 -0.0000 0.0000 100.0000
20305.0153 312444.0161 414.7546 299794.633340000 -0.0000 0.0000 100.0000
20304.9380 312444.0025 414.7393 299794.643340000 -0.0000 0.0000 100.0000
20304.8607 312443.9889 414.7239 299794.653340000 -0.0000 0.0000 100.0000
20304.7833 312443.9752 414.7086 299794.663340000 -0.0000 0.0000 100.0000
20304.7060 312443.9616 414.6933 299794.673340000 -0.0000 0.0000 100.0000
20304.6287 312443.9480 414.6780 299794.683340000 -0.0000 0.0000 100.0000
20304.5514 312443.9343 414.6626 299794.693340000 -0.0000 0.0000 100.0000
20304.4740 312443.9207 414.6473 299794.703340000 -0.0000 0.0000 100.0000
20304.3967 312443.9071 414.6320 299794.713340000 -0.0000 0.0000 100.0000
20304.3194 312443.8934 414.6167 299794.723340000 -0.0000 0.0000 100.0000
20304.2421 312443.8798 414.6014 299794.733340000 -0.0000 0.0000 100.0000
20304.1647 312443.8662 414.5860 299794.743340000 -0.0000 0.0000 100.0000
20304.0874 312443.8525 414.5707 299794.753340000 -0.0000 0.0000 100.0000
20304.0101 312443.8389 414.5554 299794.763340000 -0.0000 0.0000 100.0000
20303.9327 312443.8253 414.5401 299794.773340000 -0.0000 0.0000 100.0000
20303.8554 312443.8116 414.5248 299794.783340000 -0.0000 0.0000 100.0000
20303.7781 312443.7980 414.5094 299794.793340000 -0.0000 0.0000 100.0000
20303.7008 312443.7844 414.4941 299794.803340000 -0.0000 0.0000 100.0000
20303.6234 312443.7707 414.4788 299794.813340000 -0.0000 0.0000 100.0000
20303.5461 312443.7571 414.4635 299794.823340000 -0.0000 0.0000 100.0000
20303.4688 312443.7434 414.4481 299794.833340000 -0.0000 0.0000 100.0000
20303.3915 312443.7298 414.4328 299794.843340000 -0.0000 0.0000 100.0000
20303.3141 312443.7162 414.4175 299794.853340000 -0.0000 0.0000 100.0000
20303.2368 312443.7025 414.4022 299794.863340000 -0.0000 0.0000 100.0000
20303.1595 312443.6889 414.3869 299794.873340000 -0.0000 0.0000 100.0000
20303.0822 312443.6753 414.3715 299794.883340000 -0.0000 0.0000 100.0000
20303.0048 312443.6616 414.3562 299794.893340000 -0.0000 0.0000 100.0000
20302.9275 312443.6480 414.3409 299794.903340000 -0.0000 0.0000 100.0000
20302.8502 312443.6344 414.3256 299794.913340000 -0.0000 0.0000 100.0000
20302.7729 312443.6207 414.3102 299794.923340000 -0.0000 0.0000 100.0000
20302.6955 312443.6071 414.2949 299794.933340000 -0.0000 0.0000 100.0000
20302.6182 312443.5935 414.2796 299794.943340000 -0.0000 0.0000 100.0000
20302.5409 312443.5798 414.2643 299794.953340000 -0.0000 0.0000 100.0000
20302.4636 312443.5662 414.2490 299794.963340000 -0.0000 0.0000 100.0000
20302.3862 312443.5526 414.2336 299794.973340000 -0.0000 0.0000 100.0000
20302.3089 312443.5389 414.2183 299794.983340000 -0.0000 0.0000 100.0000
20302.2316 312443.5253 414.2030 299794.993340000 -0.0000 0.0000 100.0000
20302.1542 312443.5117 414.1877 299795.003340000 -0.0000 0.0000 100.0000
20302.0769 312443.4980 414.1724 299795.013340000 -0.0000 0.0000 100.0000
20301.9996 312443.4844 414.1570 299795.023340000 -0.0000 0.0000 100.0000
20301.9223 312443.4708 414.1417 299795.033340000 -0.0000 0.0000 100.0000
20301.8449 312443.4571 414.1264 299795.043340000 -0.0000 0.0000 100.0000
20301.7676 312443.4435 414.1111 299795.053340000 -0.0000 0.0000 100.0000
20301.6903 312443.4299 414.0957 299795.063340000 -0.0000 0.0000 100.0000
20301.6130 312443.4162 414.0804 299795.073340000 -0.0000 0.0000 100.0000
20301.5356 312443.4026 414.0651 299795.083340000 -0.0000 0.0000 100.0000
20301.4583 312443.3889 414.0498 299795.093340000 -0.0000 0.0000 100.0000
20301.3810 312443.3753 414.0345 299795.103340000 -0.0000 0.0000 100.0000
20301.3037 312443.3617 414.0191 299795.113340000 -0.0000 0.0000 100.0000
20301.2263 312443.3480 414.0038 299795.123340000 -0.0000 0.0000 100.0000
20301.1490 312443.3344 413.9885 299795.133340000 -0.0000 0.0000 100.0000
20301.0717 312443.3208 413.9732 299795.143340000 -0.0000 0.0000 100.0000
20300.9944 312443.3071 413.9578 299795.153340000 -0.0000 0.0000 100.0000
20300.9170 312443.2935 413.9425 299795.163340000 -0.0000 0.0000 100.0000
20300.8397 312443.2799 413.9272 299795.173340000 -0.0000 0.0000 100.0000
20300.7624 312443.2662 413.9119 299795.183340000 -0.0000 0.0000 100.0000
20300.6850 312443.2526 413.8966 299795.193340000 -0.0000 0.0000 100.0000
20300.6077 312443.2390 413.8812 299795.203340000 -0.0000 0.0000 100.0000
20300.5304 312443.2253 413.8659 299795.213340000 -0.0000 0.0000 100.0000
20300.4531 312443.2117 413.8506 299795.223340000 -0.0000 0.0000 100.0000
20300.3757 312443.1981 413.8353 299795.233340000 -0.0000 0.0000 100.0000
20300.2984 312443.1844 413.8200 299795.243340000 -0.0000 0.0000 100.0000
20300.2211 312443.1708 413.8046 299795.253340000 -0.0000 0.0000 100.0000
20300.1438 312443.1572 413.7893 299795.263340000 -0.0000 0.0000 100.0000
20300.0664 312443.1435 413.7740 299795.273340000 -0.0000 0.0000 100.0000
20299.9891 312443.1299 413.7587 299795.283340000 -0.0000 0.0000 100.0000
20299.9118 312443.1163 413.7433 299795.293340000 -0.0000 0.0000 100.0000
20299.8345 312443.1026 413.7280 299795.303340000 -0.0000 0.0000 100.0000
20299.7571 312443.0890 413.7127 299795.313340000 -0.0000 0.0000 100.0000
20299.6798 312443.0753 413.6974 299795.323340000 -0.0000 0.0000 100.0000
20299.6025 312443.0617 413.6821 299795.333340000 -0.0000 0.0000 100.0000
20299.5252 312443.0481 413.6667 299795.343340000 -0.0000 0.0000 100.0000
20299.4478 312443.0344 413.6514 299795.353340000 -0.0000 0.0000 100.0000
20299.3705 312443.0208 413.6361 299795.363340000 -0.0000 0.0000 100.0000
20299.2932 312443.0072 413.6208 299795.373340000 -0.0000 0.0000 100.0000
20299.2158 312442.9935 413.6055 299795.383340000 -0.0000 0.0000 100.0000
20299.1385 312442.9799 413.5901 299795.393340000 -0.0000 0.0000 100.0000
20299.0612 312442.9663 413.5748 299795.403340000 -0.0000 0.0000 100.0000
20298.9839 312442.9526 413.5595 299795.413340000 -0.0000 0.0000 100.0000
20298.9065 312442.9390 413.5442 299795.423340000 -0.0000 0.0000 100.0000
20298.8292 312442.9254 413.5288 299795.433340000 -0.0000 0.0000 100.0000
20298.7519 312442.9117 413.5135 299795.443340000 -0.0000 0.0000 100.0000
20298.6746 312442.8981 413.4982 299795.453340000 -0.0000 0.0000 100.0000
20298.5972 312442.8845 413.4829 299795.463340000 -0.0000 0.0000 100.0000
20298.5199 312442.8708 413.4676 299795.473340000 -0.0000 0.0000 100.0000
20298.4426 312442.8572 413.4522 299795.483340000 -0.0000 0.0000 100.0000
20298.3653 312442.8436 413.4369 299795.493340000 -0.0000 0.0000 100.0000
20298.2879 312442.8299 413.4216 299795.503340000 -0.0000 0.0000 100.0000
20298.2106 312442.8163 413.4063 299795.513340000 -0.0000 0.0000 100.0000
20298.1333 312442.8027 413.3909 299795.523340000 -0.0000 0.0000 100.0000
20298.0560 312442.7890 413.3756 299795.533340000 -0.0000 0.0000 100.0000
20297.9786 312442.7754 413.3603 299795.543340000 -0.0000 0.0000 100.0000
20297.9013 312442.7618 413.3450 299795.553340000 -0.0000 0.0000 100.0000
20297.8240 312442.7481 413.3297 299795.563340000 -0.0000 0.0000 100.0000
20297.7467 312442.7345 413.3143 299795.573340000 -0.0000 0.0000 100.0000
20297.6693 312442.7208 413.2990 299795.583340000 -0.0000 0.0000 100.0000
20297.5920 312442.7072 413.2837 299795.593340000 -0.0000 0.0000 100.0000
20297.5147 312442.6936 413.2684 299795.603340000 -0.0000 0.0000 100.0000
20297.4373 312442.6799 413.2531 299795.613340000 -0.0000 0.0000 100.0000
20297.3600 312442.6663 413.2377 299795.623340000 -0.0000 0.0000 100.0000
20297.2827 312442.6527 413.2224 299795.633340000 -0.0000 0.0000 100.0000
20297.2054 312442.6390 413.2071 299795.643340000 -0.0000 0.0000 100.0000
20297.1280 312442.6254 413.1918 299795.653340000 -0.0000 0.0000 100.0000
20297.0507 312442.6118 413.1764 299795.663340000 -0.0000 0.0000 100.0000
20296.9734 312442.5981 413.1611 299795.673340000 -0.0000 0.0000 100.0000
20296.8961 312442.5845 413.1458 299795.683340000 -0.0000 0.0000 100.0000
20296.8187 312442.5709 413.1305 299795.693340000 -0.0000 0.0000 100.0000
20296.7414 312442.5572 413.1152 299795.703340000 -0.0000 0.0000 100.0000
20296.6641 312442.5436 413.0998 299795.713340000 -0.0000 0.0000 100.0000
20296.5868 312442.5300 413.0845 299795.723340000 -0.0000 0.0000 100.0000
20296.5094 312442.5163 413.0692 299795.733340000 -0.0000 0.0000 100.0000
20296.4321 312442.5027 413.0539 299795.743340000 -0.0000 0.0000 100.0000
20296.3548 312442.4891 413.0385 299795.753340000 -0.0000 0.0000 100.0000
20296.2775 312442.4754 413.0232 299795.763340000 -0.0000 0.0000 100.0000
20296.2001 312442.4618 413.0079 299795.773340000 -0.0000 0.0000 100.0000
20296.1228 312442.4482 412.9926 299795.783340000 -0.0000 0.0000 100.0000
20296.0455 312442.4345 412.9773 299795.793340000 -0.0000 0.0000 100.0000
20295.9681 312442.4209 412.9619 299795.803340000 -0.0000 0.0000 100.0000
20295.8908 312442.4072 412.9466 299795.813340000 -0.0000 0.0000 100.0000
20295.8135 312442.3936 412.9313 299795.823340000 -0.0000 0.0000 100.0000
20295.7362 312442.3800 412.9160 299795.833340000 -0.0000 0.0000 100.0000
20295.6588 312442.3663 412.9007 299795.843340000 -0.0000 0.0000 100.0000
20295.5815 312442.3527 412.8853 299795.853340000 -0.0000 0.0000 100.0000
20295.5042 312442.3391 412.8700 299795.863340000 -0.0000 0.0000 100.0000
20295.4269 312442.3254 412.8547 299795.873340000 -0.0000 0.0000 100.0000
20295.3495 312442.3118 412.8394 299795.883340000 -0.0000 0.0000 100.0000
20295.2722 312442.2982 412.8240 299795.893340000 -0.0000 0.0000 100.0000
20295.1949 312442.2845 412.8087 299795.903340000 -0.0000 0.0000 100.0000
20295.1176 312442.2709 412.7934 299795.913340000 -0.0000 0.0000 100.0000
20295.0402 312442.2573 412.7781 299795.923340000 -0.0000 0.0000 100.0000
20294.9629 312442.2436 412.7628 299795.933340000 -0.0000 0.0000 100.0000
20294.8856 312442.2300 412.7474 299795.943340000 -0.0000 0.0000 100.0000
20294.8083 312442.2164 412.7321 299795.953340000 -0.0000 0.0000 100.0000
20294.7309 312442.2027 412.7168 299795.963340000 -0.0000 0.0000 100.0000
20294.6536 312442.1891 412.7015 299795.973340000 -0.0000 0.0000 100.0000
20294.5763 312442.1755 412.6861 299795.983340000 -0.0000 0.0000 100.0000
20294.4990 312442.1618 412.6708 299795.993340000 -0.0000 0.0000 100.0000
20294.4216 312442.1482 412.6555 299796.003340000 -0.0000 0.0000 100.0000
20294.3443 312442.1346 412.6402 299796.013340000 -0.0000 0.0000 100.0000
20294.2670 312442.1209 412.6249 299796.023340000 -0.0000 0.0000 100.0000
20294.1896 312442.1073 412.6095 299796.033340000 -0.0000 0.0000 100.0000
20294.1123 312442.0937 412.5942 299796.043340000 -0.0000 0.0000 100.0000
20294.0350 312442.0800 412.5789 299796.053340000 -0.0000 0.0000 100.0000
20293.9577 312442.0664 412.5636 299796.063340000 -0.0000 0.0000 100.0000
20293.8803 312442.0527 412.5483 299796.073340000 -0.0000 0.0000 100.0000
20293.8030 312442.0391 412.5329 299796.083340000 -0.0000 0.0000 100.0000
20293.7257 312442.0255 412.5176 299796.093340000 -0.0000 0.0000 100.0000
20293.6484 312442.0118 412.5023 299796.103340000 -0.0000 0.0000 100.0000
20293.5710 312441.9982 412.4870 299796.113340000 -0.0000 0.0000 100.0000
20293.4937 312441.9846 412.4716 299796.123340000 -0.0000 0.0000 100.0000
20293.4164 312441.9709 412.4563 299796.133340000 -0.0000 0.0000 100.0000
20293.3391 312441.9573 412.4410 299796.143340000 -0.0000 0.0000 100.0000
20293.2617 312441.9437 412.4257 299796.153340000 -0.0000 0.0000 100.0000
20293.1844 312441.9300 412.4104 299796.163340000 -0.0000 0.0000 100.0000
20293.1071 312441.9164 412.3950 299796.173340000 -0.0000 0.0000 100.0000
20293.0298 312441.9028 412.3797 299796.183340000 -0.0000 0.0000 100.0000
20292.9524 312441.8891 412.3644 299796.193340000 -0.0000 0.0000 100.0000
20292.8751 312441.8755 412.3491 299796.203340000 -0.0000 0.0000 100.0000
20292.7978 312441.8619 412.3337 299796.213340000 -0.0000 0.0000 100.0000
20292.7204 312441.8482 412.3184 299796.223340000 -0.0000 0.0000 100.0000
20292.6431 312441.8346 412.3031 299796.233340000 -0.0000 0.0000 100.0000
20292.5658 312441.8210 412.2878 299796.243340000 -0.0000 0.0000 100.0000
20292.4885 312441.8073 412.2725 299796.253340000 -0.0000 0.0000 100.0000
20292.4111 312441.7937 412.2571 299796.263340000 -0.0000 0.0000 100.0000
20292.3338 312441.7801 412.2418 299796.273340000 -0.0000 0.0000 100.0000
20292.2565 312441.7664 412.2265 299796.283340000 -0.0000 0.0000 100.0000
20292.1792 312441.7528 412.2112 299796.293340000 -0.0000 0.0000 100.0000
20292.1018 312441.7391 412.1959 299796.303340000 -0.0000 0.0000 100.0000
20292.0245 312441.7255 412.1805 299796.313340000 -0.0000 0.0000 100.0000
20291.9472 312441.7119 412.1652 299796.323340000 -0.0000 0.0000 100.0000
20291.8699 312441.6982 412.1499 299796.333340000 -0.0000 0.0000 100.0000
20291.7925 312441.6846 412.1346 299796.343340000 -0.0000 0.0000 100.0000
20291.7152 312441.6710 412.1192 299796.353340000 -0.0000 0.0000 100.0000
20291.6379 312441.6573 412.1039 299796.363340000 -0.0000 0.0000 100.0000
20291.5606 312441.6437 412.0886 299796.373340000 -0.0000 0.0000 100.0000
20291.4832 312441.6301 412.0733 299796.383340000 -0.0000 0.0000 100.0000
20291.4059 312441.6164 412.0580 299796.393340000 -0.0000 0.0000 100.0000
20291.3286 312441.6028 412.0426 299796.403340000 -0.0000 0.0000 100.0000
20291.2513 312441.5892 412.0273 299796.413340000 -0.0000 0.0000 100.0000
20291.1739 312441.5755 412.0120 299796.423340000 -0.0000 0.0000 100.0000
20291.0966 312441.5619 411.9967 299796.433340000 -0.0000 0.0000 100.0000
20291.0193 312441.5483 411.9814 299796.443340000 -0.0000 0.0000 100.0000
20290.9419 312441.5346 411.9660 299796.453340000 -0.0000 0.0000 100.0000
20290.8646 312441.5210 411.9507 299796.463340000 -0.0000 0.0000 100.0000
20290.7873 312441.5074 411.9354 299796.473340000 -0.0000 0.0000 100.0000
20290.7100 312441.4937 411.9201 299796.483340000 -0.0000 0.0000 100.0000
20290.6326 312441.4801 411.9047 299796.493340000 -0.0000 0.0000 100.0000
20290.5553 312441.4665 411.8894 299796.503340000 -0.0000 0.0000 100.0000
20290.4780 312441.4528 411.8741 299796.513340000 -0.0000 0.0000 100.0000
20290.4007 312441.4392 411.8588 299796.523340000 -0.0000 0.0000 100.0000
20290.3233 312441.4256 411.8435 299796.533340000 -0.0000 0.0000 100.0000
20290.2460 312441.4119 411.8281 299796.543340000 -0.0000 0.0000 100.0000
20290.1687 312441.3983 411.8128 299796.553340000 -0.0000 0.0000 100.0000
20290.0914 312441.3846 411.7975 299796.563340000 -0.0000 0.0000 100.0000
20290.0140 312441.3710 411.7822 299796.573340000 -0.0000 0.0000 100.0000
20289.9367 312441.3574 411.7668 299796.583340000 -0.0000 0.0000 100.0000
20289.8594 312441.3437 411.7515 299796.593340000 -0.0000 0.0000 100.0000
20289.7821 312441.3301 411.7362 299796.603340000 -0.0000 0.0000 100.0000
20289.7047 312441.3165 411.7209 299796.613340000 -0.0000 0.0000 100.0000
20289.6274 312441.3028 411.7056 299796.623340000 -0.0000 0.0000 100.0000
20289.5501 312441.2892 411.6902 299796.633340000 -0.0000 0.0000 100.0000
20289.4727 312441.2756 411.6749 299796.643340000 -0.0000 0.0000 100.0000
20289.3954 312441.2619 411.6596 299796.653340000 -0.0000 0.0000 100.0000
20289.3181 312441.2483 411.6443 299796.663340000 -0.0000 0.0000 100.0000
20289.2408 312441.2347 411.6290 299796.673340000 -0.0000 0.0000 100.0000
20289.1634 312441.2210 411.6136 299796.683340000 -0.0000 0.0000 100.0000
20289.0861 312441.2074 411.5983 299796.693340000 -0.0000 0.0000 100.0000
20289.0088 312441.1938 411.5830 299796.703340000 -0.0000 0.0000 100.0000
20288.9315 312441.1801 411.5677 299796.713340000 -0.0000 0.0000 100.0000
20288.8541 312441.1665 411.5523 299796.723340000 -0.0000 0.0000 100.0000
20288.7768 312441.1529 411.5370 299796.733340000 -0.0000 0.0000 100.0000
20288.6995 312441.1392 411.5217 299796.743340000 -0.0000 0.0000 100.0000
20288.6222 312441.1256 411.5064 299796.753340000 -0.0000 0.0000 100.0000
20288.5448 312441.1120 411.4911 299796.763340000 -0.0000 0.0000 100.0000
20288.4675 312441.0983 411.4757 299796.773340000 -0.0000 0.0000 100.0000
20288.3902 312441.0847 411.4604 299796.783340000 -0.0000 0.0000 100.0000
20288.3129 312441.0710 411.4451 299796.793340000 -0.0000 0.0000 100.0000
20288.2355 312441.0574 411.4298 299796.803340000 -0.0000 0.0000 100.0000
20288.1582 312441.0438 411.4144 299796.813340000 -0.0000 0.0000 100.0000
20288.0809 312441.0301 411.3991 299796.823340000 -0.0000 0.0000 100.0000
20288.0036 312441.0165 411.3838 299796.833340000 -0.0000 0.0000 100.0000
20287.9262 312441.0029 411.3685 299796.843340000 -0.0000 0.0000 100.0000
20287.8489 312440.9892 411.3532 299796.853340000 -0.0000 0.0000 100.0000
20287.7716 312440.9756 411.3378 299796.863340000 -0.0000 0.0000 100.0000
20287.6942 312440.9620 411.3225 299796.873340000 -0.0000 0.0000 100.0000
20287.6169 312440.9483 411.3072 299796.883340000 -0.0000 0.0000 100.0000
20287.5396 312440.9347 411.2919 299796.893340000 -0.0000 0.0000 100.0000
20287.4623 312440.9211 411.2766 299796.903340000 -0.0000 0.0000 100.0000
20287.3849 312440.9074 411.2612 299796.913340000 -0.0000 0.0000 100.0000
20287.3076 312440.8938 411.2459 299796.923340000 -0.0000 0.0000 100.0000
20287.2303 312440.8802 411.2306 299796.933340000 -0.0000 0.0000 100.0000
20287.1530 312440.8665 411.2153 299796.943340000 -0.0000 0.0000 100.0000
20287.0756 312440.8529 411.1999 299796.953340000 -0.0000 0.0000 100.0000
20286.9983 312440.8393 411.1846 299796.963340000 -0.0000 0.0000 100.0000
20286.9210 312440.8256 411.1693 299796.973340000 -0.0000 0.0000 100.0000
20286.8437 312440.8120 411.1540 299796.983340000 -0.0000 0.0000 100.0000
20286.7663 312440.7984 411.1387 299796.993340000 -0.0000 0.0000 100.0000
20286.6890 312440.7847 411.1233 299797.003340000 -0.0000 0.0000 100.0000
20286.6117 312440.7711 411.1080 299797.013340000 -0.0000 0.0000 100.0000
20286.5344 312440.7575 411.0927 299797.023340000 -0.0000 0.0000 100.0000
20286.4570 312440.7438 411.0774 299797.033340000 -0.0000 0.0000 100.0000
20286.3797 312440.7302 411.0620 299797.043340000 -0.0000 0.0000 100.0000
20286.3024 312440.7165 411.0467 299797.053340000 -0.0000 0.0000 100.0000
20286.2250 312440.7029 411.0314 299797.063340000 -0.0000 0.0000 100.0000
20286.1477 312440.6893 411.0161 299797.073340000 -0.0000 0.0000 100.0000
20286.0704 312440.6756 411.0008 299797.083340000 -0.0000 0.0000 100.0000
20285.9931 312440.6620 410.9854 299797.093340000 -0.0000 0.0000 100.0000
20285.9157 312440.6484 410.9701 299797.103340000 -0.0000 0.0000 100.0000
20285.8384 312440.6347 410.9548 299797.113340000 -0.0000 0.0000 100.0000
20285.7611 312440.6211 410.9395 299797.123340000 -0.0000 0.0000 100.0000
20285.6838 312440.6075 410.9242 299797.133340000 -0.0000 0.0000 100.0000
20285.6064 312440.5938 410.9088 299797.143340000 -0.0000 0.0000 100.0000
20285.5291 312440.5802 410.8935 299797.153340000 -0.0000 0.0000 100.0000
20285.4518 312440.5666 410.8782 299797.163340000 -0.0000 0.0000 100.0000
20285.3745 312440.5529 410.8629 299797.173340000 -0.0000 0.0000 100.0000
20285.2971 312440.5393 410.8475 299797.183340000 -0.0000 0.0000 100.0000
20285.2198 312440.5257 410.8322 299797.193340000 -0.0000 0.0000 100.0000
20285.1425 312440.5120 410.8169 299797.203340000 -0.0000 0.0000 100.0000
20285.0652 312440.4984 410.8016 299797.213340000 -0.0000 0.0000 100.0000
20284.9878 312440.4848 410.7863 299797.223340000 -0.0000 0.0000 100.0000
20284.9105 312440.4711 410.7709 299797.233340000 -0.0000 0.0000 100.0000
20284.8332 312440.4575 410.7556 299797.243340000 -0.0000 0.0000 100.0000
20284.7559 312440.4439 410.7403 299797.253340000 -0.0000 0.0000 100.0000
20284.6785 312440.4302 410.7250 299797.263340000 -0.0000 0.0000 100.0000
20284.6012 312440.4166 410.7097 299797.273340000 -0.0000 0.0000 100.0000
20284.5239 312440.4029 410.6943 299797.283340000 -0.0000 0.0000 100.0000
20284.4465 312440.3893 410.6790 299797.293340000 -0.0000 0.0000 100.0000
20284.3692 312440.3757 410.6637 299797.303340000 -0.0000 0.0000 100.0000
20284.2919 312440.3620 410.6484 299797.313340000 -0.0000 0.0000 100.0000
20284.2146 312440.3484 410.6330 299797.323340000 -0.0000 0.0000 100.0000
20284.1372 312440.3348 410.6177 299797.333340000 -0.0000 0.0000 100.0000
20284.0599 312440.3211 410.6024 299797.343340000 -0.0000 0.0000 100.0000
20283.9826 312440.3075 410.5871 299797.353340000 -0.0000 0.0000 100.0000
20283.9053 312440.2939 410.5718 299797.363340000 -0.0000 0.0000 100.0000
20283.8279 312440.2802 410.5564 299797.373340000 -0.0000 0.0000 100.0000
20283.7506 312440.2666 410.5411 299797.383340000 -0.0000 0.0000 100.0000
20283.6733 312440.2530 410.5258 299797.393340000 -0.0000 0.0000 100.0000
20283.5960 312440.2393 410.5105 299797.403340000 -0.0000 0.0000 100.0000
20283.5186 312440.2257 410.4951 299797.413340000 -0.0000 0.0000 100.0000
20283.4413 312440.2121 410.4798 299797.423340000 -0.0000 0.0000 100.0000
20283.3640 312440.1984 410.4645 299797.433340000 -0.0000 0.0000 100.0000
20283.2867 312440.1848 410.4492 299797.443340000 -0.0000 0.0000 100.0000
20283.2093 312440.1712 410.4339 299797.453340000 -0.0000 0.0000 100.0000
20283.1320 312440.1575 410.4185 299797.463340000 -0.0000 0.0000 100.0000
20283.0547 312440.1439 410.4032 299797.473340000 -0.0000 0.0000 100.0000
20282.9773 312440.1303 410.3879 299797.483340000 -0.0000 0.0000 100.0000
20282.9000 312440.1166 410.3726 299797.493340000 -0.0000 0.0000 100.0000
20282.8227 312440.1030 410.3573 299797.503340000 -0.0000 0.0000 100.0000
20282.7454 312440.0894 410.3419 299797.513340000 -0.0000 0.0000 100.0000
20282.6680 312440.0757 410.3266 299797.523340000 -0.0000 0.0000 100.0000
20282.5907 312440.0621 410.3113 299797.533340000 -0.0000 0.0000 100.0000
20282.5134 312440.0484 410.2960 299797.543340000 -0.0000 0.0000 100.0000
20282.4361 312440.0348 410.2806 299797.553340000 -0.0000 0.0000 100.0000
20282.3587 312440.0212 410.2653 299797.563340000 -0.0000 0.0000 100.0000
20282.2814 312440.0075 410.2500 299797.573340000 -0.0000 0.0000 100.0000
20282.2041 312439.9939 410.2347 299797.583340000 -0.0000 0.0000 100.0000
20282.1268 312439.9803 410.2194 299797.593340000 -0.0000 0.0000 100.0000
20282.0494 312439.9666 410.2040 299797.603340000 -0.0000 0.0000 100.0000
20281.9721 312439.9530 410.1887 299797.613340000 -0.0000 0.0000 100.0000
20281.8948 312439.9394 410.1734 299797.623340000 -0.0000 0.0000 100.0000
20281.8175 312439.9257 410.1581 299797.633340000 -0.0000 0.0000 100.0000
20281.7401 312439.9121 410.1427 299797.643340000 -0.0000 0.0000 100.0000
20281.6628 312439.8985 410.1274 299797.653340000 -0.0000 0.0000 100.0000
20281.5855 312439.8848 410.1121 299797.663340000 -0.0000 0.0000 100.0000
20281.5082 312439.8712 410.0968 299797.673340000 -0.0000 0.0000 100.0000
20281.4308 312439.8576 410.0815 299797.683340000 -0.0000 0.0000 100.0000
20281.3535 312439.8439 410.0661 299797.693340000 -0.0000 0.0000 100.0000
20281.2762 312439.8303 410.0508 299797.703340000 -0.0000 0.0000 100.0000
20281.1988 312439.8167 410.0355 299797.713340000 -0.0000 0.0000 100.0000
20281.1215 312439.8030 410.0202 299797.723340000 -0.0000 0.0000 100.0000
20281.0442 312439.7894 410.0049 299797.733340000 -0.0000 0.0000 100.0000
20280.9669 312439.7758 409.9895 299797.743340000 -0.0000 0.0000 100.0000
20280.8895 312439.7621 409.9742 299797.753340000 -0.0000 0.0000 100.0000
20280.8122 312439.7485 409.9589 299797.763340000 -0.0000 0.0000 100.0000
20280.7349 312439.7348 409.9436 299797.773340000 -0.0000 0.0000 100.0000
20280.6576 312439.7212 409.9282 299797.783340000 -0.0000 0.0000 100.0000
20280.5802 312439.7076 409.9129 299797.793340000 -0.0000 0.0000 100.0000
20280.5029 312439.6939 409.8976 299797.803340000 -0.0000 0.0000 100.0000
20280.4256 312439.6803 409.8823 299797.813340000 -0.0000 0.0000 100.0000
20280.3483 312439.6667 409.8670 299797.823340000 -0.0000 0.0000 100.0000
20280.2709 312439.6530 409.8516 299797.833340000 -0.0000 0.0000 100.0000
20280.1936 312439.6394 409.8363 299797.843340000 -0.0000 0.0000 100.0000
20280.1163 312439.6258 409.8210 299797.853340000 -0.0000 0.0000 100.0000
20280.0390 312439.6121 409.8057 299797.863340000 -0.0000 0.0000 100.0000
20279.9616 312439.5985 409.7903 299797.873340000 -0.0000 0.0000 100.0000
20279.8843 312439.5849 409.7750 299797.883340000 -0.0000 0.0000 100.0000
20279.8070 312439.5712 409.7597 299797.893340000 -0.0000 0.0000 100.0000
20279.7296 312439.5576 409.7444 299797.903340000 -0.0000 0.0000 100.0000
20279.6523 312439.5440 409.7291 299797.913340000 -0.0000 0.0000 100.0000
20279.5750 312439.5303 409.7137 299797.923340000 -0.0000 0.0000 100.0000
20279.4977 312439.5167 409.6984 299797.933340000 -0.0000 0.0000 100.0000
20279.4203 312439.5031 409.6831 299797.943340000 -0.0000 0.0000 100.0000
20279.3430 312439.4894 409.6678 299797.953340000 -0.0000 0.0000 100.0000
20279.2657 312439.4758 409.6525 299797.963340000 -0.0000 0.0000 100.0000
20279.1884 312439.4622 409.6371 299797.973340000 -0.0000 0.0000 100.0000
20279.1110 312439.4485 409.6218 299797.983340000 -0.0000 0.0000 100.0000
20279.0337 312439.4349 409.6065 299797.993340000 -0.0000 0.0000 100.0000
20278.9564 312439.4213 409.5912 299798.003340000 -0.0000 0.0000 100.0000
20278.8791 312439.4076 409.5758 299798.013340000 -0.0000 0.0000 100.0000
20278.8017 312439.3940 409.5605 299798.023340000 -0.0000 0.0000 100.0000
20278.7244 312439.3803 409.5452 299798.033340000 -0.0000 0.0000 100.0000
20278.6471 312439.3667 409.5299 299798.043340000 -0.0000 0.0000 100.0000
20278.5698 312439.3531 409.5146 299798.053340000 -0.0000 0.0000 100.0000
20278.4924 312439.3394 409.4992 299798.063340000 -0.0000 0.0000 100.0000
20278.4151 312439.3258 409.4839 299798.073340000 -0.0000 0.0000 100.0000
20278.3378 312439.3122 409.4686 299798.083340000 -0.0000 0.0000 100.0000
20278.2605 312439.2985 409.4533 299798.093340000 -0.0000 0.0000 100.0000
20278.1831 312439.2849 409.4380 299798.103340000 -0.0000 0.0000 100.0000
20278.1058 312439.2713 409.4226 299798.113340000 -0.0000 0.0000 100.0000
20278.0285 312439.2576 409.4073 299798.123340000 -0.0000 0.0000 100.0000
20277.9511 312439.2440 409.3920 299798.133340000 -0.0000 0.0000 100.0000
20277.8738 312439.2304 409.3767 299798.143340000 -0.0000 0.0000 100.0000
20277.7965 312439.2167 409.3613 299798.153340000 -0.0000 0.0000 100.0000
20277.7192 312439.2031 409.3460 299798.163340000 -0.0000 0.0000 100.0000
20277.6418 312439.1895 409.3307 299798.173340000 -0.0000 0.0000 100.0000
20277.5645 312439.1758 409.3154 299798.183340000 -0.0000 0.0000 100.0000
20277.4872 312439.1622 409.3001 299798.193340000 -0.0000 0.0000 100.0000
20277.4099 312439.1486 409.2847 299798.203340000 -0.0000 0.0000 100.0000
20277.3325 312439.1349 409.2694 299798.213340000 -0.0000 0.0000 100.0000
20277.2552 312439.1213 409.2541 299798.223340000 -0.0000 0.0000 100.0000
20277.1779 312439.1077 409.2388 299798.233340000 -0.0000 0.0000 100.0000
20277.1006 312439.0940 409.2234 299798.243340000 -0.0000 0.0000 100.0000
20277.0232 312439.0804 409.2081 299798.253340000 -0.0000 0.0000 100.0000
20276.9459 312439.0667 409.1928 299798.263340000 -0.0000 0.0000 100.0000
20276.8686 312439.0531 409.1775 299798.273340000 -0.0000 0.0000 100.0000
20276.7913 312439.0395 409.1622 299798.283340000 -0.0000 0.0000 100.0000
20276.7139 312439.0258 409.1468 299798.293340000 -0.0000 0.0000 100.0000
20276.6366 312439.0122 409.1315 299798.303340000 -0.0000 0.0000 100.0000
20276.5593 312438.9986 409.1162 299798.313340000 -0.0000 0.0000 100.0000
20276.4819 312438.9849 409.1009 299798.323340000 -0.0000 0.0000 100.0000
20276.4046 312438.9713 409.0856 299798.333340000 -0.0000 0.0000 100.0000
20276.3273 312438.9577 409.0702 299798.343340000 -0.0000 0.0000 100.0000
20276.2500 312438.9440 409.0549 299798.353340000 -0.0000 0.0000 100.0000
20276.1726 312438.9304 409.0396 299798.363340000 -0.0000 0.0000 100.0000
20276.0953 312438.9168 409.0243 299798.373340000 -0.0000 0.0000 100.0000
20276.0180 312438.9031 409.0089 299798.383340000 -0.0000 0.0000 100.0000
20275.9407 312438.8895 408.9936 299798.393340000 -0.0000 0.0000 100.0000
20275.8633 312438.8759 408.9783 299798.403340000 -0.0000 0.0000 100.0000
20275.7860 312438.8622 408.9630 299798.413340000 -0.0000 0.0000 100.0000
20275.7087 312438.8486 408.9477 299798.423340000 -0.0000 0.0000 100.0000
20275.6314 312438.8350 408.9323 299798.433340000 -0.0000 0.0000 100.0000
20275.5540 312438.8213 408.9170 299798.443340000 -0.0000 0.0000 100.0000
20275.4767 312438.8077 408.9017 299798.453340000 -0.0000 0.0000 100.0000
20275.3994 312438.7941 408.8864 299798.463340000 -0.0000 0.0000 100.0000
20275.3221 312438.7804 408.8710 299798.473340000 -0.0000 0.0000 100.0000
20275.2447 312438.7668 408.8557 299798.483340000 -0.0000 0.0000 100.0000
20275.1674 312438.7532 408.8404 299798.493340000 -0.0000 0.0000 100.0000
20275.0901 312438.7395 408.8251 299798.503340000 -0.0000 0.0000 100.0000
20275.0128 312438.7259 408.8098 299798.513340000 -0.0000 0.0000 100.0000
20274.9354 312438.7122 408.7944 299798.523340000 -0.0000 0.0000 100.0000
20274.8581 312438.6986 408.7791 299798.533340000 -0.0000 0.0000 100.0000
20274.7808 312438.6850 408.7638 299798.543340000 -0.0000 0.0000 100.0000
20274.7034 312438.6713 408.7485 299798.553340000 -0.0000 0.0000 100.0000
20274.6261 312438.6577 408.7332 299798.563340000 -0.0000 0.0000 100.0000
20274.5488 312438.6441 408.7178 299798.573340000 -0.0000 0.0000 100.0000
20274.4715 312438.6304 408.7025 299798.583340000 -0.0000 0.0000 100.0000
20274.3941 312438.6168 408.6872 299798.593340000 -0.0000 0.0000 100.0000
20274.3168 312438.6032 408.6719 299798.603340000 -0.0000 0.0000 100.0000
20274.2395 312438.5895 408.6565 299798.613340000 -0.0000 0.0000 100.0000
20274.1622 312438.5759 408.6412 299798.623340000 -0.0000 0.0000 100.0000
20274.0848 312438.5623 408.6259 299798.633340000 -0.0000 0.0000 100.0000
20274.0075 312438.5486 408.6106 299798.643340000 -0.0000 0.0000 100.0000
20273.9302 312438.5350 408.5953 299798.653340000 -0.0000 0.0000 100.0000
20273.8529 312438.5214 408.5799 299798.663340000 -0.0000 0.0000 100.0000
20273.7755 312438.5077 408.5646 299798.673340000 -0.0000 0.0000 100.0000
20273.6982 312438.4941 408.5493 299798.683340000 -0.0000 0.0000 100.0000
20273.6209 312438.4805 408.5340 299798.693340000 -0.0000 0.0000 100.0000
20273.5436 312438.4668 408.5186 299798.703340000 -0.0000 0.0000 100.0000
20273.4662 312438.4532 408.5033 299798.713340000 -0.0000 0.0000 100.0000
20273.3889 312438.4396 408.4880 299798.723340000 -0.0000 0.0000 100.0000
20273.3116 312438.4259 408.4727 299798.733340000 -0.0000 0.0000 100.0000
20273.2342 312438.4123 408.4574 299798.743340000 -0.0000 0.0000 100.0000
20273.1569 312438.3986 408.4420 299798.753340000 -0.0000 0.0000 100.0000
20273.0796 312438.3850 408.4267 299798.763340000 -0.0000 0.0000 100.0000
20273.0023 312438.3714 408.4114 299798.773340000 -0.0000 0.0000 100.0000
20272.9249 312438.3577 408.3961 299798.783340000 -0.0000 0.0000 100.0000
20272.8476 312438.3441 408.3808 299798.793340000 -0.0000 0.0000 100.0000
20272.7703 312438.3305 408.3654 299798.803340000 -0.0000 0.0000 100.0000
20272.6930 312438.3168 408.3501 299798.813340000 -0.0000 0.0000 100.0000
20272.6156 312438.3032 408.3348 299798.823340000 -0.0000 0.0000 100.0000
20272.5383 312438.2896 408.3195 299798.833340000 -0.0000 0.0000 100.0000
20272.4610 312438.2759 408.3041 299798.843340000 -0.0000 0.0000 100.0000
20272.3837 312438.2623 408.2888 299798.853340000 -0.0000 0.0000 100.0000
20272.3063 312438.2487 408.2735 299798.863340000 -0.0000 0.0000 100.0000
20272.2290 312438.2350 408.2582 299798.873340000 -0.0000 0.0000 100.0000
20272.1517 312438.2214 408.2429 299798.883340000 -0.0000 0.0000 100.0000
20272.0744 312438.2078 408.2275 299798.893340000 -0.0000 0.0000 100.0000
20271.9970 312438.1941 408.2122 299798.903340000 -0.0000 0.0000 100.0000
20271.9197 312438.1805 408.1969 299798.913340000 -0.0000 0.0000 100.0000
20271.8424 312438.1669 408.1816 299798.923340000 -0.0000 0.0000 100.0000
