20258.7906 312512.0225 398.9460 300189.372710000 -0.0000 0.0000 280.0000
20258.8648 312512.0356 398.9731 300189.382710000 -0.0000 0.0000 280.0000
20258.9389 312512.0486 399.0002 300189.392710000 -0.0000 0.0000 280.0000
20259.0130 312512.0617 399.0274 300189.402710000 -0.0000 0.0000 280.0000
20259.0871 312512.0748 399.0545 300189.412710000 -0.0000 0.0000 280.0000
20259.1612 312512.0878 399.0816 300189.422710000 -0.0000 0.0000 280.0000
20259.2353 312512.1009 399.1087 300189.432710000 -0.0000 0.0000 280.0000
20259.3095 312512.1140 399.1359 300189.442710000 -0.0000 0.0000 280.0000
20259.3836 312512.1271 399.1630 300189.452710000 -0.0000 0.0000 280.0000
20259.4577 312512.1401 399.1901 300189.462710000 -0.0000 0.0000 280.0000
20259.5318 312512.1532 399.2172 300189.472710000 -0.0000 0.0000 280.0000
20259.6059 312512.1663 399.2444 300189.482710000 -0.0000 0.0000 280.0000
20259.6801 312512.1793 399.2715 300189.492710000 -0.0000 0.0000 280.0000
20259.7542 312512.1924 399.2986 300189.502710000 -0.0000 0.0000 280.0000
20259.8283 312512.2055 399.3257 300189.512710000 -0.0000 0.0000 280.0000
20259.9024 312512.2185 399.3529 300189.522710000 -0.0000 0.0000 280.0000
20259.9765 312512.2316 399.3800 300189.532710000 -0.0000 0.0000 280.0000
20260.0506 312512.2447 399.4071 300189.542710000 -0.0000 0.0000 280.0000
20260.1248 312512.2577 399.4342 300189.552710000 -0.0000 0.0000 280.0000
20260.1989 312512.2708 399.4614 300189.562710000 -0.0000 0.0000 280.0000
20260.2730 312512.2839 399.4885 300189.572710000 -0.0000 0.0000 280.0000
20260.3471 312512.2970 399.5156 300189.582710000 -0.0000 0.0000 280.0000
20260.4212 312512.3100 399.5427 300189.592710000 -0.0000 0.0000 280.0000
20260.4954 312512.3231 399.5699 300189.602710000 -0.0000 0.0000 280.0000
20260.5695 312512.3362 399.5970 300189.612710000 -0.0000 0.0000 280.0000
20260.6436 312512.3492 399.6241 300189.622710000 -0.0000 0.0000 280.0000
20260.7177 312512.3623 399.6512 300189.632710000 -0.0000 0.0000 280.0000
20260.7918 312512.3754 399.6784 300189.642710000 -0.0000 0.0000 280.0000
20260.8659 312512.3884 399.7055 300189.652710000 -0.0000 0.0000 280.0000
20260.9401 312512.4015 399.7326 300189.662710000 -0.0000 0.0000 280.0000
20261.0142 312512.4146 399.7597 300189.672710000 -0.0000 0.0000 280.0000
20261.0883 312512.4276 399.7868 300189.682710000 -0.0000 0.0000 280.0000
20261.1624 312512.4407 399.8140 300189.692710000 -0.0000 0.0000 280.0000
20261.2365 312512.4538 399.8411 300189.702710000 -0.0000 0.0000 280.0000
20261.3107 312512.4669 399.8682 300189.712710000 -0.0000 0.0000 280.0000
20261.3848 312512.4799 399.8953 300189.722710000 -0.0000 0.0000 280.0000
20261.4589 312512.4930 399.9225 300189.732710000 -0.0000 0.0000 280.0000
20261.5330 312512.5061 399.9496 300189.742710000 -0.0000 0.0000 280.0000
20261.6071 312512.5191 399.9767 300189.752710000 -0.0000 0.0000 280.0000
20261.6812 312512.5322 400.0038 300189.762710000 -0.0000 0.0000 280.0000
20261.7554 312512.5453 400.0310 300189.772710000 -0.0000 0.0000 280.0000
20261.8295 312512.5583 400.0581 300189.782710000 -0.0000 0.0000 280.0000
20261.9036 312512.5714 400.0852 300189.792710000 -0.0000 0.0000 280.0000
20261.9777 312512.5845 400.1123 300189.802710000 -0.0000 0.0000 280.0000
20262.0518 312512.5975 400.1395 300189.812710000 -0.0000 0.0000 280.0000
20262.1260 312512.6106 400.1666 300189.822710000 -0.0000 0.0000 280.0000
20262.2001 312512.6237 400.1937 300189.832710000 -0.0000 0.0000 280.0000
20262.2742 312512.6367 400.2208 300189.842710000 -0.0000 0.0000 280.0000
20262.3483 312512.6498 400.2480 300189.852710000 -0.0000 0.0000 280.0000
20262.4224 312512.6629 400.2751 300189.862710000 -0.0000 0.0000 280.0000
20262.4965 312512.6760 400.3022 300189.872710000 -0.0000 0.0000 280.0000
20262.5707 312512.6890 400.3293 300189.882710000 -0.0000 0.0000 280.0000
20262.6448 312512.7021 400.3565 300189.892710000 -0.0000 0.0000 280.0000
20262.7189 312512.7152 400.3836 300189.902710000 -0.0000 0.0000 280.0000
20262.7930 312512.7282 400.4107 300189.912710000 -0.0000 0.0000 280.0000
20262.8671 312512.7413 400.4378 300189.922710000 -0.0000 0.0000 280.0000
20262.9412 312512.7544 400.4650 300189.932710000 -0.0000 0.0000 280.0000
20263.0154 312512.7674 400.4921 300189.942710000 -0.0000 0.0000 280.0000
20263.0895 312512.7805 400.5192 300189.952710000 -0.0000 0.0000 280.0000
20263.1636 312512.7936 400.5463 300189.962710000 -0.0000 0.0000 280.0000
20263.2377 312512.8066 400.5734 300189.972710000 -0.0000 0.0000 280.0000
20263.3118 312512.8197 400.6006 300189.982710000 -0.0000 0.0000 280.0000
20263.3860 312512.8328 400.6277 300189.992710000 -0.0000 0.0000 280.0000
20263.4601 312512.8459 400.6548 300190.002710000 -0.0000 0.0000 280.0000
20263.5342 312512.8589 400.6819 300190.012710000 -0.0000 0.0000 280.0000
20263.6083 312512.8720 400.7091 300190.022710000 -0.0000 0.0000 280.0000
20263.6824 312512.8851 400.7362 300190.032710000 -0.0000 0.0000 280.0000
20263.7565 312512.8981 400.7633 300190.042710000 -0.0000 0.0000 280.0000
20263.8307 312512.9112 400.7904 300190.052710000 -0.0000 0.0000 280.0000
20263.9048 312512.9243 400.8176 300190.062710000 -0.0000 0.0000 280.0000
20263.9789 312512.9373 400.8447 300190.072710000 -0.0000 0.0000 280.0000
20264.0530 312512.9504 400.8718 300190.082710000 -0.0000 0.0000 280.0000
20264.1271 312512.9635 400.8989 300190.092710000 -0.0000 0.0000 280.0000
20264.2013 312512.9765 400.9261 300190.102710000 -0.0000 0.0000 280.0000
20264.2754 312512.9896 400.9532 300190.112710000 -0.0000 0.0000 280.0000
20264.3495 312513.0027 400.9803 300190.122710000 -0.0000 0.0000 280.0000
20264.4236 312513.0157 401.0074 300190.132710000 -0.0000 0.0000 280.0000
20264.4977 312513.0288 401.0346 300190.142710000 -0.0000 0.0000 280.0000
20264.5718 312513.0419 401.0617 300190.152710000 -0.0000 0.0000 280.0000
20264.6460 312513.0550 401.0888 300190.162710000 -0.0000 0.0000 280.0000
20264.7201 312513.0680 401.1159 300190.172710000 -0.0000 0.0000 280.0000
20264.7942 312513.0811 401.1431 300190.182710000 -0.0000 0.0000 280.0000
20264.8683 312513.0942 401.1702 300190.192710000 -0.0000 0.0000 280.0000
20264.9424 312513.1072 401.1973 300190.202710000 -0.0000 0.0000 280.0000
20265.0166 312513.1203 401.2244 300190.212710000 -0.0000 0.0000 280.0000
20265.0907 312513.1334 401.2516 300190.222710000 -0.0000 0.0000 280.0000
20265.1648 312513.1464 401.2787 300190.232710000 -0.0000 0.0000 280.0000
20265.2389 312513.1595 401.3058 300190.242710000 -0.0000 0.0000 280.0000
20265.3130 312513.1726 401.3329 300190.252710000 -0.0000 0.0000 280.0000
20265.3871 312513.1856 401.3601 300190.262710000 -0.0000 0.0000 280.0000
20265.4613 312513.1987 401.3872 300190.272710000 -0.0000 0.0000 280.0000
20265.5354 312513.2118 401.4143 300190.282710000 -0.0000 0.0000 280.0000
20265.6095 312513.2249 401.4414 300190.292710000 -0.0000 0.0000 280.0000
20265.6836 312513.2379 401.4685 300190.302710000 -0.0000 0.0000 280.0000
20265.7577 312513.2510 401.4957 300190.312710000 -0.0000 0.0000 280.0000
20265.8319 312513.2641 401.5228 300190.322710000 -0.0000 0.0000 280.0000
20265.9060 312513.2771 401.5499 300190.332710000 -0.0000 0.0000 280.0000
20265.9801 312513.2902 401.5770 300190.342710000 -0.0000 0.0000 280.0000
20266.0542 312513.3033 401.6042 300190.352710000 -0.0000 0.0000 280.0000
20266.1283 312513.3163 401.6313 300190.362710000 -0.0000 0.0000 280.0000
20266.2024 312513.3294 401.6584 300190.372710000 -0.0000 0.0000 280.0000
20266.2766 312513.3425 401.6855 300190.382710000 -0.0000 0.0000 280.0000
20266.3507 312513.3555 401.7127 300190.392710000 -0.0000 0.0000 280.0000
20266.4248 312513.3686 401.7398 300190.402710000 -0.0000 0.0000 280.0000
20266.4989 312513.3817 401.7669 300190.412710000 -0.0000 0.0000 280.0000
20266.5730 312513.3947 401.7940 300190.422710000 -0.0000 0.0000 280.0000
20266.6471 312513.4078 401.8212 300190.432710000 -0.0000 0.0000 280.0000
20266.7213 312513.4209 401.8483 300190.442710000 -0.0000 0.0000 280.0000
20266.7954 312513.4340 401.8754 300190.452710000 -0.0000 0.0000 280.0000
20266.8695 312513.4470 401.9025 300190.462710000 -0.0000 0.0000 280.0000
20266.9436 312513.4601 401.9297 300190.472710000 -0.0000 0.0000 280.0000
20267.0177 312513.4732 401.9568 300190.482710000 -0.0000 0.0000 280.0000
20267.0919 312513.4862 401.9839 300190.492710000 -0.0000 0.0000 280.0000
20267.1660 312513.4993 402.0110 300190.502710000 -0.0000 0.0000 280.0000
20267.2401 312513.5124 402.0382 300190.512710000 -0.0000 0.0000 280.0000
20267.3142 312513.5254 402.0653 300190.522710000 -0.0000 0.0000 280.0000
20267.3883 312513.5385 402.0924 300190.532710000 -0.0000 0.0000 280.0000
20267.4624 312513.5516 402.1195 300190.542710000 -0.0000 0.0000 280.0000
20267.5366 312513.5646 402.1467 300190.552710000 -0.0000 0.0000 280.0000
20267.6107 312513.5777 402.1738 300190.562710000 -0.0000 0.0000 280.0000
20267.6848 312513.5908 402.2009 300190.572710000 -0.0000 0.0000 280.0000
20267.7589 312513.6039 402.2280 300190.582710000 -0.0000 0.0000 280.0000
20267.8330 312513.6169 402.2552 300190.592710000 -0.0000 0.0000 280.0000
20267.9072 312513.6300 402.2823 300190.602710000 -0.0000 0.0000 280.0000
20267.9813 312513.6431 402.3094 300190.612710000 -0.0000 0.0000 280.0000
20268.0554 312513.6561 402.3365 300190.622710000 -0.0000 0.0000 280.0000
20268.1295 312513.6692 402.3636 300190.632710000 -0.0000 0.0000 280.0000
20268.2036 312513.6823 402.3908 300190.642710000 -0.0000 0.0000 280.0000
20268.2777 312513.6953 402.4179 300190.652710000 -0.0000 0.0000 280.0000
20268.3519 312513.7084 402.4450 300190.662710000 -0.0000 0.0000 280.0000
20268.4260 312513.7215 402.4721 300190.672710000 -0.0000 0.0000 280.0000
20268.5001 312513.7345 402.4993 300190.682710000 -0.0000 0.0000 280.0000
20268.5742 312513.7476 402.5264 300190.692710000 -0.0000 0.0000 280.0000
20268.6483 312513.7607 402.5535 300190.702710000 -0.0000 0.0000 280.0000
20268.7225 312513.7737 402.5806 300190.712710000 -0.0000 0.0000 280.0000
20268.7966 312513.7868 402.6078 300190.722710000 -0.0000 0.0000 280.0000
20268.8707 312513.7999 402.6349 300190.732710000 -0.0000 0.0000 280.0000
20268.9448 312513.8130 402.6620 300190.742710000 -0.0000 0.0000 280.0000
20269.0189 312513.8260 402.6891 300190.752710000 -0.0000 0.0000 280.0000
20269.0930 312513.8391 402.7163 300190.762710000 -0.0000 0.0000 280.0000
20269.1672 312513.8522 402.7434 300190.772710000 -0.0000 0.0000 280.0000
20269.2413 312513.8652 402.7705 300190.782710000 -0.0000 0.0000 280.0000
20269.3154 312513.8783 402.7976 300190.792710000 -0.0000 0.0000 280.0000
20269.3895 312513.8914 402.8248 300190.802710000 -0.0000 0.0000 280.0000
20269.4636 312513.9044 402.8519 300190.812710000 -0.0000 0.0000 280.0000
20269.5378 312513.9175 402.8790 300190.822710000 -0.0000 0.0000 280.0000
20269.6119 312513.9306 402.9061 300190.832710000 -0.0000 0.0000 280.0000
20269.6860 312513.9436 402.9333 300190.842710000 -0.0000 0.0000 280.0000
20269.7601 312513.9567 402.9604 300190.852710000 -0.0000 0.0000 280.0000
20269.8342 312513.9698 402.9875 300190.862710000 -0.0000 0.0000 280.0000
20269.9083 312513.9829 403.0146 300190.872710000 -0.0000 0.0000 280.0000
20269.9825 312513.9959 403.0418 300190.882710000 -0.0000 0.0000 280.0000
20270.0566 312514.0090 403.0689 300190.892710000 -0.0000 0.0000 280.0000
20270.1307 312514.0221 403.0960 300190.902710000 -0.0000 0.0000 280.0000
20270.2048 312514.0351 403.1231 300190.912710000 -0.0000 0.0000 280.0000
20270.2789 312514.0482 403.1502 300190.922710000 -0.0000 0.0000 280.0000
20270.3530 312514.0613 403.1774 300190.932710000 -0.0000 0.0000 280.0000
20270.4272 312514.0743 403.2045 300190.942710000 -0.0000 0.0000 280.0000
20270.5013 312514.0874 403.2316 300190.952710000 -0.0000 0.0000 280.0000
20270.5754 312514.1005 403.2587 300190.962710000 -0.0000 0.0000 280.0000
20270.6495 312514.1135 403.2859 300190.972710000 -0.0000 0.0000 280.0000
20270.7236 312514.1266 403.3130 300190.982710000 -0.0000 0.0000 280.0000
20270.7978 312514.1397 403.3401 300190.992710000 -0.0000 0.0000 280.0000
20270.8719 312514.1528 403.3672 300191.002710000 -0.0000 0.0000 280.0000
20270.9460 312514.1658 403.3944 300191.012710000 -0.0000 0.0000 280.0000
20271.0201 312514.1789 403.4215 300191.022710000 -0.0000 0.0000 280.0000
20271.0942 312514.1920 403.4486 300191.032710000 -0.0000 0.0000 280.0000
20271.1683 312514.2050 403.4757 300191.042710000 -0.0000 0.0000 280.0000
20271.2425 312514.2181 403.5029 300191.052710000 -0.0000 0.0000 280.0000
20271.3166 312514.2312 403.5300 300191.062710000 -0.0000 0.0000 280.0000
20271.3907 312514.2442 403.5571 300191.072710000 -0.0000 0.0000 280.0000
20271.4648 312514.2573 403.5842 300191.082710000 -0.0000 0.0000 280.0000
20271.5389 312514.2704 403.6114 300191.092710000 -0.0000 0.0000 280.0000
20271.6131 312514.2834 403.6385 300191.102710000 -0.0000 0.0000 280.0000
20271.6872 312514.2965 403.6656 300191.112710000 -0.0000 0.0000 280.0000
20271.7613 312514.3096 403.6927 300191.122710000 -0.0000 0.0000 280.0000
20271.8354 312514.3226 403.7199 300191.132710000 -0.0000 0.0000 280.0000
20271.9095 312514.3357 403.7470 300191.142710000 -0.0000 0.0000 280.0000
20271.9836 312514.3488 403.7741 300191.152710000 -0.0000 0.0000 280.0000
20272.0578 312514.3619 403.8012 300191.162710000 -0.0000 0.0000 280.0000
20272.1319 312514.3749 403.8284 300191.172710000 -0.0000 0.0000 280.0000
20272.2060 312514.3880 403.8555 300191.182710000 -0.0000 0.0000 280.0000
20272.2801 312514.4011 403.8826 300191.192710000 -0.0000 0.0000 280.0000
20272.3542 312514.4141 403.9097 300191.202710000 -0.0000 0.0000 280.0000
20272.4284 312514.4272 403.9369 300191.212710000 -0.0000 0.0000 280.0000
20272.5025 312514.4403 403.9640 300191.222710000 -0.0000 0.0000 280.0000
20272.5766 312514.4533 403.9911 300191.232710000 -0.0000 0.0000 280.0000
20272.6507 312514.4664 404.0182 300191.242710000 -0.0000 0.0000 280.0000
20272.7248 312514.4795 404.0453 300191.252710000 -0.0000 0.0000 280.0000
20272.7989 312514.4925 404.0725 300191.262710000 -0.0000 0.0000 280.0000
20272.8731 312514.5056 404.0996 300191.272710000 -0.0000 0.0000 280.0000
20272.9472 312514.5187 404.1267 300191.282710000 -0.0000 0.0000 280.0000
20273.0213 312514.5318 404.1538 300191.292710000 -0.0000 0.0000 280.0000
20273.0954 312514.5448 404.1810 300191.302710000 -0.0000 0.0000 280.0000
20273.1695 312514.5579 404.2081 300191.312710000 -0.0000 0.0000 280.0000
20273.2437 312514.5710 404.2352 300191.322710000 -0.0000 0.0000 280.0000
20273.3178 312514.5840 404.2623 300191.332710000 -0.0000 0.0000 280.0000
20273.3919 312514.5971 404.2895 300191.342710000 -0.0000 0.0000 280.0000
20273.4660 312514.6102 404.3166 300191.352710000 -0.0000 0.0000 280.0000
20273.5401 312514.6232 404.3437 300191.362710000 -0.0000 0.0000 280.0000
20273.6142 312514.6363 404.3708 300191.372710000 -0.0000 0.0000 280.0000
20273.6884 312514.6494 404.3980 300191.382710000 -0.0000 0.0000 280.0000
20273.7625 312514.6624 404.4251 300191.392710000 -0.0000 0.0000 280.0000
20273.8366 312514.6755 404.4522 300191.402710000 -0.0000 0.0000 280.0000
20273.9107 312514.6886 404.4793 300191.412710000 -0.0000 0.0000 280.0000
20273.9848 312514.7016 404.5065 300191.422710000 -0.0000 0.0000 280.0000
20274.0589 312514.7147 404.5336 300191.432710000 -0.0000 0.0000 280.0000
20274.1331 312514.7278 404.5607 300191.442710000 -0.0000 0.0000 280.0000
20274.2072 312514.7409 404.5878 300191.452710000 -0.0000 0.0000 280.0000
20274.2813 312514.7539 404.6150 300191.462710000 -0.0000 0.0000 280.0000
20274.3554 312514.7670 404.6421 300191.472710000 -0.0000 0.0000 280.0000
20274.4295 312514.7801 404.6692 300191.482710000 -0.0000 0.0000 280.0000
20274.5037 312514.7931 404.6963 300191.492710000 -0.0000 0.0000 280.0000
20274.5778 312514.8062 404.7235 300191.502710000 -0.0000 0.0000 280.0000
20274.6519 312514.8193 404.7506 300191.512710000 -0.0000 0.0000 280.0000
20274.7260 312514.8323 404.7777 300191.522710000 -0.0000 0.0000 280.0000
20274.8001 312514.8454 404.8048 300191.532710000 -0.0000 0.0000 280.0000
20274.8742 312514.8585 404.8320 300191.542710000 -0.0000 0.0000 280.0000
20274.9484 312514.8715 404.8591 300191.552710000 -0.0000 0.0000 280.0000
20275.0225 312514.8846 404.8862 300191.562710000 -0.0000 0.0000 280.0000
20275.0966 312514.8977 404.9133 300191.572710000 -0.0000 0.0000 280.0000
20275.1707 312514.9108 404.9404 300191.582710000 -0.0000 0.0000 280.0000
20275.2448 312514.9238 404.9676 300191.592710000 -0.0000 0.0000 280.0000
20275.3190 312514.9369 404.9947 300191.602710000 -0.0000 0.0000 280.0000
20275.3931 312514.9500 405.0218 300191.612710000 -0.0000 0.0000 280.0000
20275.4672 312514.9630 405.0489 300191.622710000 -0.0000 0.0000 280.0000
20275.5413 312514.9761 405.0761 300191.632710000 -0.0000 0.0000 280.0000
20275.6154 312514.9892 405.1032 300191.642710000 -0.0000 0.0000 280.0000
20275.6895 312515.0022 405.1303 300191.652710000 -0.0000 0.0000 280.0000
20275.7637 312515.0153 405.1574 300191.662710000 -0.0000 0.0000 280.0000
20275.8378 312515.0284 405.1846 300191.672710000 -0.0000 0.0000 280.0000
20275.9119 312515.0414 405.2117 300191.682710000 -0.0000 0.0000 280.0000
20275.9860 312515.0545 405.2388 300191.692710000 -0.0000 0.0000 280.0000
20276.0601 312515.0676 405.2659 300191.702710000 -0.0000 0.0000 280.0000
20276.1343 312515.0806 405.2931 300191.712710000 -0.0000 0.0000 280.0000
20276.2084 312515.0937 405.3202 300191.722710000 -0.0000 0.0000 280.0000
20276.2825 312515.1068 405.3473 300191.732710000 -0.0000 0.0000 280.0000
20276.3566 312515.1199 405.3744 300191.742710000 -0.0000 0.0000 280.0000
20276.4307 312515.1329 405.4016 300191.752710000 -0.0000 0.0000 280.0000
20276.5048 312515.1460 405.4287 300191.762710000 -0.0000 0.0000 280.0000
20276.5790 312515.1591 405.4558 300191.772710000 -0.0000 0.0000 280.0000
20276.6531 312515.1721 405.4829 300191.782710000 -0.0000 0.0000 280.0000
20276.7272 312515.1852 405.5101 300191.792710000 -0.0000 0.0000 280.0000
20276.8013 312515.1983 405.5372 300191.802710000 -0.0000 0.0000 280.0000
20276.8754 312515.2113 405.5643 300191.812710000 -0.0000 0.0000 280.0000
20276.9496 312515.2244 405.5914 300191.822710000 -0.0000 0.0000 280.0000
20277.0237 312515.2375 405.6186 300191.832710000 -0.0000 0.0000 280.0000
20277.0978 312515.2505 405.6457 300191.842710000 -0.0000 0.0000 280.0000
20277.1719 312515.2636 405.6728 300191.852710000 -0.0000 0.0000 280.0000
20277.2460 312515.2767 405.6999 300191.862710000 -0.0000 0.0000 280.0000
20277.3201 312515.2898 405.7270 300191.872710000 -0.0000 0.0000 280.0000
20277.3943 312515.3028 405.7542 300191.882710000 -0.0000 0.0000 280.0000
20277.4684 312515.3159 405.7813 300191.892710000 -0.0000 0.0000 280.0000
20277.5425 312515.3290 405.8084 300191.902710000 -0.0000 0.0000 280.0000
20277.6166 312515.3420 405.8355 300191.912710000 -0.0000 0.0000 280.0000
20277.6907 312515.3551 405.8627 300191.922710000 -0.0000 0.0000 280.0000
20277.7648 312515.3682 405.8898 300191.932710000 -0.0000 0.0000 280.0000
20277.8390 312515.3812 405.9169 300191.942710000 -0.0000 0.0000 280.0000
20277.9131 312515.3943 405.9440 300191.952710000 -0.0000 0.0000 280.0000
20277.9872 312515.4074 405.9712 300191.962710000 -0.0000 0.0000 280.0000
20278.0613 312515.4204 405.9983 300191.972710000 -0.0000 0.0000 280.0000
20278.1354 312515.4335 406.0254 300191.982710000 -0.0000 0.0000 280.0000
20278.2096 312515.4466 406.0525 300191.992710000 -0.0000 0.0000 280.0000
20278.2837 312515.4596 406.0797 300192.002710000 -0.0000 0.0000 280.0000
20278.3578 312515.4727 406.1068 300192.012710000 -0.0000 0.0000 280.0000
20278.4319 312515.4858 406.1339 300192.022710000 -0.0000 0.0000 280.0000
20278.5060 312515.4989 406.1610 300192.032710000 -0.0000 0.0000 280.0000
20278.5801 312515.5119 406.1882 300192.042710000 -0.0000 0.0000 280.0000
20278.6543 312515.5250 406.2153 300192.052710000 -0.0000 0.0000 280.0000
20278.7284 312515.5381 406.2424 300192.062710000 -0.0000 0.0000 280.0000
20278.8025 312515.5511 406.2695 300192.072710000 -0.0000 0.0000 280.0000
20278.8766 312515.5642 406.2967 300192.082710000 -0.0000 0.0000 280.0000
20278.9507 312515.5773 406.3238 300192.092710000 -0.0000 0.0000 280.0000
20279.0249 312515.5903 406.3509 300192.102710000 -0.0000 0.0000 280.0000
20279.0990 312515.6034 406.3780 300192.112710000 -0.0000 0.0000 280.0000
20279.1731 312515.6165 406.4052 300192.122710000 -0.0000 0.0000 280.0000
20279.2472 312515.6295 406.4323 300192.132710000 -0.0000 0.0000 280.0000
20279.3213 312515.6426 406.4594 300192.142710000 -0.0000 0.0000 280.0000
20279.3954 312515.6557 406.4865 300192.152710000 -0.0000 0.0000 280.0000
20279.4696 312515.6688 406.5137 300192.162710000 -0.0000 0.0000 280.0000
20279.5437 312515.6818 406.5408 300192.172710000 -0.0000 0.0000 280.0000
20279.6178 312515.6949 406.5679 300192.182710000 -0.0000 0.0000 280.0000
20279.6919 312515.7080 406.5950 300192.192710000 -0.0000 0.0000 280.0000
20279.7660 312515.7210 406.6221 300192.202710000 -0.0000 0.0000 280.0000
20279.8402 312515.7341 406.6493 300192.212710000 -0.0000 0.0000 280.0000
20279.9143 312515.7472 406.6764 300192.222710000 -0.0000 0.0000 280.0000
20279.9884 312515.7602 406.7035 300192.232710000 -0.0000 0.0000 280.0000
20280.0625 312515.7733 406.7306 300192.242710000 -0.0000 0.0000 280.0000
20280.1366 312515.7864 406.7578 300192.252710000 -0.0000 0.0000 280.0000
20280.2107 312515.7994 406.7849 300192.262710000 -0.0000 0.0000 280.0000
20280.2849 312515.8125 406.8120 300192.272710000 -0.0000 0.0000 280.0000
20280.3590 312515.8256 406.8391 300192.282710000 -0.0000 0.0000 280.0000
20280.4331 312515.8387 406.8663 300192.292710000 -0.0000 0.0000 280.0000
20280.5072 312515.8517 406.8934 300192.302710000 -0.0000 0.0000 280.0000
20280.5813 312515.8648 406.9205 300192.312710000 -0.0000 0.0000 280.0000
20280.6555 312515.8779 406.9476 300192.322710000 -0.0000 0.0000 280.0000
20280.7296 312515.8909 406.9748 300192.332710000 -0.0000 0.0000 280.0000
20280.8037 312515.9040 407.0019 300192.342710000 -0.0000 0.0000 280.0000
20280.8778 312515.9171 407.0290 300192.352710000 -0.0000 0.0000 280.0000
20280.9519 312515.9301 407.0561 300192.362710000 -0.0000 0.0000 280.0000
20281.0260 312515.9432 407.0833 300192.372710000 -0.0000 0.0000 280.0000
20281.1002 312515.9563 407.1104 300192.382710000 -0.0000 0.0000 280.0000
20281.1743 312515.9693 407.1375 300192.392710000 -0.0000 0.0000 280.0000
20281.2484 312515.9824 407.1646 300192.402710000 -0.0000 0.0000 280.0000
20281.3225 312515.9955 407.1918 300192.412710000 -0.0000 0.0000 280.0000
20281.3966 312516.0085 407.2189 300192.422710000 -0.0000 0.0000 280.0000
20281.4707 312516.0216 407.2460 300192.432710000 -0.0000 0.0000 280.0000
20281.5449 312516.0347 407.2731 300192.442710000 -0.0000 0.0000 280.0000
20281.6190 312516.0478 407.3003 300192.452710000 -0.0000 0.0000 280.0000
20281.6931 312516.0608 407.3274 300192.462710000 -0.0000 0.0000 280.0000
20281.7672 312516.0739 407.3545 300192.472710000 -0.0000 0.0000 280.0000
20281.8413 312516.0870 407.3816 300192.482710000 -0.0000 0.0000 280.0000
20281.9155 312516.1000 407.4088 300192.492710000 -0.0000 0.0000 280.0000
20281.9896 312516.1131 407.4359 300192.502710000 -0.0000 0.0000 280.0000
20282.0637 312516.1262 407.4630 300192.512710000 -0.0000 0.0000 280.0000
20282.1378 312516.1392 407.4901 300192.522710000 -0.0000 0.0000 280.0000
20282.2119 312516.1523 407.5172 300192.532710000 -0.0000 0.0000 280.0000
20282.2860 312516.1654 407.5444 300192.542710000 -0.0000 0.0000 280.0000
20282.3602 312516.1784 407.5715 300192.552710000 -0.0000 0.0000 280.0000
20282.4343 312516.1915 407.5986 300192.562710000 -0.0000 0.0000 280.0000
20282.5084 312516.2046 407.6257 300192.572710000 -0.0000 0.0000 280.0000
20282.5825 312516.2177 407.6529 300192.582710000 -0.0000 0.0000 280.0000
20282.6566 312516.2307 407.6800 300192.592710000 -0.0000 0.0000 280.0000
20282.7308 312516.2438 407.7071 300192.602710000 -0.0000 0.0000 280.0000
20282.8049 312516.2569 407.7342 300192.612710000 -0.0000 0.0000 280.0000
20282.8790 312516.2699 407.7614 300192.622710000 -0.0000 0.0000 280.0000
20282.9531 312516.2830 407.7885 300192.632710000 -0.0000 0.0000 280.0000
20283.0272 312516.2961 407.8156 300192.642710000 -0.0000 0.0000 280.0000
20283.1013 312516.3091 407.8427 300192.652710000 -0.0000 0.0000 280.0000
20283.1755 312516.3222 407.8699 300192.662710000 -0.0000 0.0000 280.0000
20283.2496 312516.3353 407.8970 300192.672710000 -0.0000 0.0000 280.0000
20283.3237 312516.3483 407.9241 300192.682710000 -0.0000 0.0000 280.0000
20283.3978 312516.3614 407.9512 300192.692710000 -0.0000 0.0000 280.0000
20283.4719 312516.3745 407.9784 300192.702710000 -0.0000 0.0000 280.0000
20283.5461 312516.3875 408.0055 300192.712710000 -0.0000 0.0000 280.0000
20283.6202 312516.4006 408.0326 300192.722710000 -0.0000 0.0000 280.0000
20283.6943 312516.4137 408.0597 300192.732710000 -0.0000 0.0000 280.0000
20283.7684 312516.4268 408.0869 300192.742710000 -0.0000 0.0000 280.0000
20283.8425 312516.4398 408.1140 300192.752710000 -0.0000 0.0000 280.0000
20283.9166 312516.4529 408.1411 300192.762710000 -0.0000 0.0000 280.0000
20283.9908 312516.4660 408.1682 300192.772710000 -0.0000 0.0000 280.0000
20284.0649 312516.4790 408.1954 300192.782710000 -0.0000 0.0000 280.0000
20284.1390 312516.4921 408.2225 300192.792710000 -0.0000 0.0000 280.0000
20284.2131 312516.5052 408.2496 300192.802710000 -0.0000 0.0000 280.0000
20284.2872 312516.5182 408.2767 300192.812710000 -0.0000 0.0000 280.0000
20284.3614 312516.5313 408.3038 300192.822710000 -0.0000 0.0000 280.0000
20284.4355 312516.5444 408.3310 300192.832710000 -0.0000 0.0000 280.0000
20284.5096 312516.5574 408.3581 300192.842710000 -0.0000 0.0000 280.0000
20284.5837 312516.5705 408.3852 300192.852710000 -0.0000 0.0000 280.0000
20284.6578 312516.5836 408.4123 300192.862710000 -0.0000 0.0000 280.0000
20284.7319 312516.5967 408.4395 300192.872710000 -0.0000 0.0000 280.0000
20284.8061 312516.6097 408.4666 300192.882710000 -0.0000 0.0000 280.0000
20284.8802 312516.6228 408.4937 300192.892710000 -0.0000 0.0000 280.0000
20284.9543 312516.6359 408.5208 300192.902710000 -0.0000 0.0000 280.0000
20285.0284 312516.6489 408.5480 300192.912710000 -0.0000 0.0000 280.0000
20285.1025 312516.6620 408.5751 300192.922710000 -0.0000 0.0000 280.0000
20285.1766 312516.6751 408.6022 300192.932710000 -0.0000 0.0000 280.0000
20285.2508 312516.6881 408.6293 300192.942710000 -0.0000 0.0000 280.0000
20285.3249 312516.7012 408.6565 300192.952710000 -0.0000 0.0000 280.0000
20285.3990 312516.7143 408.6836 300192.962710000 -0.0000 0.0000 280.0000
20285.4731 312516.7273 408.7107 300192.972710000 -0.0000 0.0000 280.0000
20285.5472 312516.7404 408.7378 300192.982710000 -0.0000 0.0000 280.0000
20285.6214 312516.7535 408.7650 300192.992710000 -0.0000 0.0000 280.0000
20285.6955 312516.7665 408.7921 300193.002710000 -0.0000 0.0000 280.0000
20285.7696 312516.7796 408.8192 300193.012710000 -0.0000 0.0000 280.0000
20285.8437 312516.7927 408.8463 300193.022710000 -0.0000 0.0000 280.0000
20285.9178 312516.8058 408.8735 300193.032710000 -0.0000 0.0000 280.0000
20285.9919 312516.8188 408.9006 300193.042710000 -0.0000 0.0000 280.0000
20286.0661 312516.8319 408.9277 300193.052710000 -0.0000 0.0000 280.0000
20286.1402 312516.8450 408.9548 300193.062710000 -0.0000 0.0000 280.0000
20286.2143 312516.8580 408.9820 300193.072710000 -0.0000 0.0000 280.0000
20286.2884 312516.8711 409.0091 300193.082710000 -0.0000 0.0000 280.0000
20286.3625 312516.8842 409.0362 300193.092710000 -0.0000 0.0000 280.0000
20286.4367 312516.8972 409.0633 300193.102710000 -0.0000 0.0000 280.0000
20286.5108 312516.9103 409.0905 300193.112710000 -0.0000 0.0000 280.0000
20286.5849 312516.9234 409.1176 300193.122710000 -0.0000 0.0000 280.0000
20286.6590 312516.9364 409.1447 300193.132710000 -0.0000 0.0000 280.0000
20286.7331 312516.9495 409.1718 300193.142710000 -0.0000 0.0000 280.0000
20286.8072 312516.9626 409.1989 300193.152710000 -0.0000 0.0000 280.0000
20286.8814 312516.9757 409.2261 300193.162710000 -0.0000 0.0000 280.0000
20286.9555 312516.9887 409.2532 300193.172710000 -0.0000 0.0000 280.0000
20287.0296 312517.0018 409.2803 300193.182710000 -0.0000 0.0000 280.0000
20287.1037 312517.0149 409.3074 300193.192710000 -0.0000 0.0000 280.0000
20287.1778 312517.0279 409.3346 300193.202710000 -0.0000 0.0000 280.0000
20287.2520 312517.0410 409.3617 300193.212710000 -0.0000 0.0000 280.0000
20287.3261 312517.0541 409.3888 300193.222710000 -0.0000 0.0000 280.0000
20287.4002 312517.0671 409.4159 300193.232710000 -0.0000 0.0000 280.0000
20287.4743 312517.0802 409.4431 300193.242710000 -0.0000 0.0000 280.0000
20287.5484 312517.0933 409.4702 300193.252710000 -0.0000 0.0000 280.0000
20287.6225 312517.1063 409.4973 300193.262710000 -0.0000 0.0000 280.0000
20287.6967 312517.1194 409.5244 300193.272710000 -0.0000 0.0000 280.0000
20287.7708 312517.1325 409.5516 300193.282710000 -0.0000 0.0000 280.0000
20287.8449 312517.1455 409.5787 300193.292710000 -0.0000 0.0000 280.0000
20287.9190 312517.1586 409.6058 300193.302710000 -0.0000 0.0000 280.0000
20287.9931 312517.1717 409.6329 300193.312710000 -0.0000 0.0000 280.0000
20288.0673 312517.1848 409.6601 300193.322710000 -0.0000 0.0000 280.0000
20288.1414 312517.1978 409.6872 300193.332710000 -0.0000 0.0000 280.0000
20288.2155 312517.2109 409.7143 300193.342710000 -0.0000 0.0000 280.0000
20288.2896 312517.2240 409.7414 300193.352710000 -0.0000 0.0000 280.0000
20288.3637 312517.2370 409.7686 300193.362710000 -0.0000 0.0000 280.0000
20288.4378 312517.2501 409.7957 300193.372710000 -0.0000 0.0000 280.0000
20288.5120 312517.2632 409.8228 300193.382710000 -0.0000 0.0000 280.0000
20288.5861 312517.2762 409.8499 300193.392710000 -0.0000 0.0000 280.0000
20288.6602 312517.2893 409.8771 300193.402710000 -0.0000 0.0000 280.0000
20288.7343 312517.3024 409.9042 300193.412710000 -0.0000 0.0000 280.0000
20288.8084 312517.3154 409.9313 300193.422710000 -0.0000 0.0000 280.0000
20288.8826 312517.3285 409.9584 300193.432710000 -0.0000 0.0000 280.0000
20288.9567 312517.3416 409.9855 300193.442710000 -0.0000 0.0000 280.0000
20289.0308 312517.3547 410.0127 300193.452710000 -0.0000 0.0000 280.0000
20289.1049 312517.3677 410.0398 300193.462710000 -0.0000 0.0000 280.0000
20289.1790 312517.3808 410.0669 300193.472710000 -0.0000 0.0000 280.0000
20289.2531 312517.3939 410.0940 300193.482710000 -0.0000 0.0000 280.0000
20289.3273 312517.4069 410.1212 300193.492710000 -0.0000 0.0000 280.0000
20289.4014 312517.4200 410.1483 300193.502710000 -0.0000 0.0000 280.0000
20289.4755 312517.4331 410.1754 300193.512710000 -0.0000 0.0000 280.0000
20289.5496 312517.4461 410.2025 300193.522710000 -0.0000 0.0000 280.0000
20289.6237 312517.4592 410.2297 300193.532710000 -0.0000 0.0000 280.0000
20289.6978 312517.4723 410.2568 300193.542710000 -0.0000 0.0000 280.0000
20289.7720 312517.4853 410.2839 300193.552710000 -0.0000 0.0000 280.0000
20289.8461 312517.4984 410.3110 300193.562710000 -0.0000 0.0000 280.0000
20289.9202 312517.5115 410.3382 300193.572710000 -0.0000 0.0000 280.0000
20289.9943 312517.5246 410.3653 300193.582710000 -0.0000 0.0000 280.0000
20290.0684 312517.5376 410.3924 300193.592710000 -0.0000 0.0000 280.0000
20290.1426 312517.5507 410.4195 300193.602710000 -0.0000 0.0000 280.0000
20290.2167 312517.5638 410.4467 300193.612710000 -0.0000 0.0000 280.0000
20290.2908 312517.5768 410.4738 300193.622710000 -0.0000 0.0000 280.0000
20290.3649 312517.5899 410.5009 300193.632710000 -0.0000 0.0000 280.0000
20290.4390 312517.6030 410.5280 300193.642710000 -0.0000 0.0000 280.0000
20290.5131 312517.6160 410.5552 300193.652710000 -0.0000 0.0000 280.0000
20290.5873 312517.6291 410.5823 300193.662710000 -0.0000 0.0000 280.0000
20290.6614 312517.6422 410.6094 300193.672710000 -0.0000 0.0000 280.0000
20290.7355 312517.6552 410.6365 300193.682710000 -0.0000 0.0000 280.0000
20290.8096 312517.6683 410.6637 300193.692710000 -0.0000 0.0000 280.0000
20290.8837 312517.6814 410.6908 300193.702710000 -0.0000 0.0000 280.0000
20290.9579 312517.6944 410.7179 300193.712710000 -0.0000 0.0000 280.0000
20291.0320 312517.7075 410.7450 300193.722710000 -0.0000 0.0000 280.0000
20291.1061 312517.7206 410.7722 300193.732710000 -0.0000 0.0000 280.0000
20291.1802 312517.7337 410.7993 300193.742710000 -0.0000 0.0000 280.0000
20291.2543 312517.7467 410.8264 300193.752710000 -0.0000 0.0000 280.0000
20291.3284 312517.7598 410.8535 300193.762710000 -0.0000 0.0000 280.0000
20291.4026 312517.7729 410.8806 300193.772710000 -0.0000 0.0000 280.0000
20291.4767 312517.7859 410.9078 300193.782710000 -0.0000 0.0000 280.0000
20291.5508 312517.7990 410.9349 300193.792710000 -0.0000 0.0000 280.0000
20291.6249 312517.8121 410.9620 300193.802710000 -0.0000 0.0000 280.0000
20291.6990 312517.8251 410.9891 300193.812710000 -0.0000 0.0000 280.0000
20291.7732 312517.8382 411.0163 300193.822710000 -0.0000 0.0000 280.0000
20291.8473 312517.8513 411.0434 300193.832710000 -0.0000 0.0000 280.0000
20291.9214 312517.8643 411.0705 300193.842710000 -0.0000 0.0000 280.0000
20291.9955 312517.8774 411.0976 300193.852710000 -0.0000 0.0000 280.0000
20292.0696 312517.8905 411.1248 300193.862710000 -0.0000 0.0000 280.0000
20292.1437 312517.9036 411.1519 300193.872710000 -0.0000 0.0000 280.0000
20292.2179 312517.9166 411.1790 300193.882710000 -0.0000 0.0000 280.0000
20292.2920 312517.9297 411.2061 300193.892710000 -0.0000 0.0000 280.0000
20292.3661 312517.9428 411.2333 300193.902710000 -0.0000 0.0000 280.0000
20292.4402 312517.9558 411.2604 300193.912710000 -0.0000 0.0000 280.0000
20292.5143 312517.9689 411.2875 300193.922710000 -0.0000 0.0000 280.0000
20292.5885 312517.9820 411.3146 300193.932710000 -0.0000 0.0000 280.0000
20292.6626 312517.9950 411.3418 300193.942710000 -0.0000 0.0000 280.0000
20292.7367 312518.0081 411.3689 300193.952710000 -0.0000 0.0000 280.0000
20292.8108 312518.0212 411.3960 300193.962710000 -0.0000 0.0000 280.0000
20292.8849 312518.0342 411.4231 300193.972710000 -0.0000 0.0000 280.0000
20292.9590 312518.0473 411.4503 300193.982710000 -0.0000 0.0000 280.0000
20293.0332 312518.0604 411.4774 300193.992710000 -0.0000 0.0000 280.0000
20293.1073 312518.0734 411.5045 300194.002710000 -0.0000 0.0000 280.0000
20293.1814 312518.0865 411.5316 300194.012710000 -0.0000 0.0000 280.0000
20293.2555 312518.0996 411.5588 300194.022710000 -0.0000 0.0000 280.0000
20293.3296 312518.1127 411.5859 300194.032710000 -0.0000 0.0000 280.0000
20293.4037 312518.1257 411.6130 300194.042710000 -0.0000 0.0000 280.0000
20293.4779 312518.1388 411.6401 300194.052710000 -0.0000 0.0000 280.0000
20293.5520 312518.1519 411.6673 300194.062710000 -0.0000 0.0000 280.0000
20293.6261 312518.1649 411.6944 300194.072710000 -0.0000 0.0000 280.0000
20293.7002 312518.1780 411.7215 300194.082710000 -0.0000 0.0000 280.0000
20293.7743 312518.1911 411.7486 300194.092710000 -0.0000 0.0000 280.0000
20293.8485 312518.2041 411.7757 300194.102710000 -0.0000 0.0000 280.0000
20293.9226 312518.2172 411.8029 300194.112710000 -0.0000 0.0000 280.0000
20293.9967 312518.2303 411.8300 300194.122710000 -0.0000 0.0000 280.0000
20294.0708 312518.2433 411.8571 300194.132710000 -0.0000 0.0000 280.0000
20294.1449 312518.2564 411.8842 300194.142710000 -0.0000 0.0000 280.0000
20294.2190 312518.2695 411.9114 300194.152710000 -0.0000 0.0000 280.0000
20294.2932 312518.2826 411.9385 300194.162710000 -0.0000 0.0000 280.0000
20294.3673 312518.2956 411.9656 300194.172710000 -0.0000 0.0000 280.0000
20294.4414 312518.3087 411.9927 300194.182710000 -0.0000 0.0000 280.0000
20294.5155 312518.3218 412.0199 300194.192710000 -0.0000 0.0000 280.0000
20294.5896 312518.3348 412.0470 300194.202710000 -0.0000 0.0000 280.0000
20294.6638 312518.3479 412.0741 300194.212710000 -0.0000 0.0000 280.0000
20294.7379 312518.3610 412.1012 300194.222710000 -0.0000 0.0000 280.0000
20294.8120 312518.3740 412.1284 300194.232710000 -0.0000 0.0000 280.0000
20294.8861 312518.3871 412.1555 300194.242710000 -0.0000 0.0000 280.0000
20294.9602 312518.4002 412.1826 300194.252710000 -0.0000 0.0000 280.0000
20295.0343 312518.4132 412.2097 300194.262710000 -0.0000 0.0000 280.0000
20295.1085 312518.4263 412.2369 300194.272710000 -0.0000 0.0000 280.0000
20295.1826 312518.4394 412.2640 300194.282710000 -0.0000 0.0000 280.0000
20295.2567 312518.4524 412.2911 300194.292710000 -0.0000 0.0000 280.0000
20295.3308 312518.4655 412.3182 300194.302710000 -0.0000 0.0000 280.0000
20295.4049 312518.4786 412.3454 300194.312710000 -0.0000 0.0000 280.0000
20295.4791 312518.4917 412.3725 300194.322710000 -0.0000 0.0000 280.0000
20295.5532 312518.5047 412.3996 300194.332710000 -0.0000 0.0000 280.0000
20295.6273 312518.5178 412.4267 300194.342710000 -0.0000 0.0000 280.0000
20295.7014 312518.5309 412.4539 300194.352710000 -0.0000 0.0000 280.0000
20295.7755 312518.5439 412.4810 300194.362710000 -0.0000 0.0000 280.0000
20295.8496 312518.5570 412.5081 300194.372710000 -0.0000 0.0000 280.0000
20295.9238 312518.5701 412.5352 300194.382710000 -0.0000 0.0000 280.0000
20295.9979 312518.5831 412.5623 300194.392710000 -0.0000 0.0000 280.0000
20296.0720 312518.5962 412.5895 300194.402710000 -0.0000 0.0000 280.0000
20296.1461 312518.6093 412.6166 300194.412710000 -0.0000 0.0000 280.0000
20296.2202 312518.6223 412.6437 300194.422710000 -0.0000 0.0000 280.0000
20296.2944 312518.6354 412.6708 300194.432710000 -0.0000 0.0000 280.0000
20296.3685 312518.6485 412.6980 300194.442710000 -0.0000 0.0000 280.0000
20296.4426 312518.6616 412.7251 300194.452710000 -0.0000 0.0000 280.0000
20296.5167 312518.6746 412.7522 300194.462710000 -0.0000 0.0000 280.0000
20296.5908 312518.6877 412.7793 300194.472710000 -0.0000 0.0000 280.0000
20296.6649 312518.7008 412.8065 300194.482710000 -0.0000 0.0000 280.0000
20296.7391 312518.7138 412.8336 300194.492710000 -0.0000 0.0000 280.0000
20296.8132 312518.7269 412.8607 300194.502710000 -0.0000 0.0000 280.0000
20296.8873 312518.7400 412.8878 300194.512710000 -0.0000 0.0000 280.0000
20296.9614 312518.7530 412.9150 300194.522710000 -0.0000 0.0000 280.0000
20297.0355 312518.7661 412.9421 300194.532710000 -0.0000 0.0000 280.0000
20297.1096 312518.7792 412.9692 300194.542710000 -0.0000 0.0000 280.0000
20297.1838 312518.7922 412.9963 300194.552710000 -0.0000 0.0000 280.0000
20297.2579 312518.8053 413.0235 300194.562710000 -0.0000 0.0000 280.0000
20297.3320 312518.8184 413.0506 300194.572710000 -0.0000 0.0000 280.0000
20297.4061 312518.8314 413.0777 300194.582710000 -0.0000 0.0000 280.0000
20297.4802 312518.8445 413.1048 300194.592710000 -0.0000 0.0000 280.0000
20297.5544 312518.8576 413.1320 300194.602710000 -0.0000 0.0000 280.0000
20297.6285 312518.8707 413.1591 300194.612710000 -0.0000 0.0000 280.0000
20297.7026 312518.8837 413.1862 300194.622710000 -0.0000 0.0000 280.0000
20297.7767 312518.8968 413.2133 300194.632710000 -0.0000 0.0000 280.0000
20297.8508 312518.9099 413.2405 300194.642710000 -0.0000 0.0000 280.0000
20297.9249 312518.9229 413.2676 300194.652710000 -0.0000 0.0000 280.0000
20297.9991 312518.9360 413.2947 300194.662710000 -0.0000 0.0000 280.0000
20298.0732 312518.9491 413.3218 300194.672710000 -0.0000 0.0000 280.0000
20298.1473 312518.9621 413.3490 300194.682710000 -0.0000 0.0000 280.0000
20298.2214 312518.9752 413.3761 300194.692710000 -0.0000 0.0000 280.0000
20298.2955 312518.9883 413.4032 300194.702710000 -0.0000 0.0000 280.0000
20298.3697 312519.0013 413.4303 300194.712710000 -0.0000 0.0000 280.0000
20298.4438 312519.0144 413.4574 300194.722710000 -0.0000 0.0000 280.0000
20298.5179 312519.0275 413.4846 300194.732710000 -0.0000 0.0000 280.0000
20298.5920 312519.0406 413.5117 300194.742710000 -0.0000 0.0000 280.0000
20298.6661 312519.0536 413.5388 300194.752710000 -0.0000 0.0000 280.0000
20298.7402 312519.0667 413.5659 300194.762710000 -0.0000 0.0000 280.0000
20298.8144 312519.0798 413.5931 300194.772710000 -0.0000 0.0000 280.0000
20298.8885 312519.0928 413.6202 300194.782710000 -0.0000 0.0000 280.0000
20298.9626 312519.1059 413.6473 300194.792710000 -0.0000 0.0000 280.0000
20299.0367 312519.1190 413.6744 300194.802710000 -0.0000 0.0000 280.0000
20299.1108 312519.1320 413.7016 300194.812710000 -0.0000 0.0000 280.0000
20299.1850 312519.1451 413.7287 300194.822710000 -0.0000 0.0000 280.0000
20299.2591 312519.1582 413.7558 300194.832710000 -0.0000 0.0000 280.0000
20299.3332 312519.1712 413.7829 300194.842710000 -0.0000 0.0000 280.0000
20299.4073 312519.1843 413.8101 300194.852710000 -0.0000 0.0000 280.0000
20299.4814 312519.1974 413.8372 300194.862710000 -0.0000 0.0000 280.0000
20299.5555 312519.2105 413.8643 300194.872710000 -0.0000 0.0000 280.0000
20299.6297 312519.2235 413.8914 300194.882710000 -0.0000 0.0000 280.0000
20299.7038 312519.2366 413.9186 300194.892710000 -0.0000 0.0000 280.0000
20299.7779 312519.2497 413.9457 300194.902710000 -0.0000 0.0000 280.0000
20299.8520 312519.2627 413.9728 300194.912710000 -0.0000 0.0000 280.0000
20299.9261 312519.2758 413.9999 300194.922710000 -0.0000 0.0000 280.0000
20300.0003 312519.2889 414.0271 300194.932710000 -0.0000 0.0000 280.0000
20300.0744 312519.3019 414.0542 300194.942710000 -0.0000 0.0000 280.0000
20300.1485 312519.3150 414.0813 300194.952710000 -0.0000 0.0000 280.0000
20300.2226 312519.3281 414.1084 300194.962710000 -0.0000 0.0000 280.0000
20300.2967 312519.3411 414.1356 300194.972710000 -0.0000 0.0000 280.0000
20300.3708 312519.3542 414.1627 300194.982710000 -0.0000 0.0000 280.0000
20300.4450 312519.3673 414.1898 300194.992710000 -0.0000 0.0000 280.0000
20300.5191 312519.3803 414.2169 300195.002710000 -0.0000 0.0000 280.0000
20300.5932 312519.3934 414.2441 300195.012710000 -0.0000 0.0000 280.0000
20300.6673 312519.4065 414.2712 300195.022710000 -0.0000 0.0000 280.0000
20300.7414 312519.4196 414.2983 300195.032710000 -0.0000 0.0000 280.0000
20300.8155 312519.4326 414.3254 300195.042710000 -0.0000 0.0000 280.0000
20300.8897 312519.4457 414.3525 300195.052710000 -0.0000 0.0000 280.0000
20300.9638 312519.4588 414.3797 300195.062710000 -0.0000 0.0000 280.0000
20301.0379 312519.4718 414.4068 300195.072710000 -0.0000 0.0000 280.0000
20301.1120 312519.4849 414.4339 300195.082710000 -0.0000 0.0000 280.0000
20301.1861 312519.4980 414.4610 300195.092710000 -0.0000 0.0000 280.0000
20301.2603 312519.5110 414.4882 300195.102710000 -0.0000 0.0000 280.0000
20301.3344 312519.5241 414.5153 300195.112710000 -0.0000 0.0000 280.0000
20301.4085 312519.5372 414.5424 300195.122710000 -0.0000 0.0000 280.0000
20301.4826 312519.5502 414.5695 300195.132710000 -0.0000 0.0000 280.0000
20301.5567 312519.5633 414.5967 300195.142710000 -0.0000 0.0000 280.0000
20301.6308 312519.5764 414.6238 300195.152710000 -0.0000 0.0000 280.0000
20301.7050 312519.5895 414.6509 300195.162710000 -0.0000 0.0000 280.0000
20301.7791 312519.6025 414.6780 300195.172710000 -0.0000 0.0000 280.0000
20301.8532 312519.6156 414.7052 300195.182710000 -0.0000 0.0000 280.0000
20301.9273 312519.6287 414.7323 300195.192710000 -0.0000 0.0000 280.0000
20302.0014 312519.6417 414.7594 300195.202710000 -0.0000 0.0000 280.0000
20302.0756 312519.6548 414.7865 300195.212710000 -0.0000 0.0000 280.0000
20302.1497 312519.6679 414.8137 300195.222710000 -0.0000 0.0000 280.0000
20302.2238 312519.6809 414.8408 300195.232710000 -0.0000 0.0000 280.0000
20302.2979 312519.6940 414.8679 300195.242710000 -0.0000 0.0000 280.0000
20302.3720 312519.7071 414.8950 300195.252710000 -0.0000 0.0000 280.0000
20302.4461 312519.7201 414.9222 300195.262710000 -0.0000 0.0000 280.0000
20302.5203 312519.7332 414.9493 300195.272710000 -0.0000 0.0000 280.0000
20302.5944 312519.7463 414.9764 300195.282710000 -0.0000 0.0000 280.0000
20302.6685 312519.7593 415.0035 300195.292710000 -0.0000 0.0000 280.0000
20302.7426 312519.7724 415.0307 300195.302710000 -0.0000 0.0000 280.0000
20302.8167 312519.7855 415.0578 300195.312710000 -0.0000 0.0000 280.0000
20302.8909 312519.7986 415.0849 300195.322710000 -0.0000 0.0000 280.0000
20302.9650 312519.8116 415.1120 300195.332710000 -0.0000 0.0000 280.0000
20303.0391 312519.8247 415.1391 300195.342710000 -0.0000 0.0000 280.0000
20303.1132 312519.8378 415.1663 300195.352710000 -0.0000 0.0000 280.0000
20303.1873 312519.8508 415.1934 300195.362710000 -0.0000 0.0000 280.0000
20303.2614 312519.8639 415.2205 300195.372710000 -0.0000 0.0000 280.0000
20303.3356 312519.8770 415.2476 300195.382710000 -0.0000 0.0000 280.0000
20303.4097 312519.8900 415.2748 300195.392710000 -0.0000 0.0000 280.0000
20303.4838 312519.9031 415.3019 300195.402710000 -0.0000 0.0000 280.0000
20303.5579 312519.9162 415.3290 300195.412710000 -0.0000 0.0000 280.0000
20303.6320 312519.9292 415.3561 300195.422710000 -0.0000 0.0000 280.0000
20303.7062 312519.9423 415.3833 300195.432710000 -0.0000 0.0000 280.0000
20303.7803 312519.9554 415.4104 300195.442710000 -0.0000 0.0000 280.0000
20303.8544 312519.9685 415.4375 300195.452710000 -0.0000 0.0000 280.0000
20303.9285 312519.9815 415.4646 300195.462710000 -0.0000 0.0000 280.0000
20304.0026 312519.9946 415.4918 300195.472710000 -0.0000 0.0000 280.0000
20304.0767 312520.0077 415.5189 300195.482710000 -0.0000 0.0000 280.0000
20304.1509 312520.0207 415.5460 300195.492710000 -0.0000 0.0000 280.0000
20304.2250 312520.0338 415.5731 300195.502710000 -0.0000 0.0000 280.0000
20304.2991 312520.0469 415.6003 300195.512710000 -0.0000 0.0000 280.0000
20304.3732 312520.0599 415.6274 300195.522710000 -0.0000 0.0000 280.0000
20304.4473 312520.0730 415.6545 300195.532710000 -0.0000 0.0000 280.0000
20304.5214 312520.0861 415.6816 300195.542710000 -0.0000 0.0000 280.0000
20304.5956 312520.0991 415.7088 300195.552710000 -0.0000 0.0000 280.0000
20304.6697 312520.1122 415.7359 300195.562710000 -0.0000 0.0000 280.0000
20304.7438 312520.1253 415.7630 300195.572710000 -0.0000 0.0000 280.0000
20304.8179 312520.1383 415.7901 300195.582710000 -0.0000 0.0000 280.0000
20304.8920 312520.1514 415.8173 300195.592710000 -0.0000 0.0000 280.0000
20304.9662 312520.1645 415.8444 300195.602710000 -0.0000 0.0000 280.0000
20305.0403 312520.1776 415.8715 300195.612710000 -0.0000 0.0000 280.0000
20305.1144 312520.1906 415.8986 300195.622710000 -0.0000 0.0000 280.0000
20305.1885 312520.2037 415.9258 300195.632710000 -0.0000 0.0000 280.0000
20305.2626 312520.2168 415.9529 300195.642710000 -0.0000 0.0000 280.0000
20305.3367 312520.2298 415.9800 300195.652710000 -0.0000 0.0000 280.0000
20305.4109 312520.2429 416.0071 300195.662710000 -0.0000 0.0000 280.0000
20305.4850 312520.2560 416.0342 300195.672710000 -0.0000 0.0000 280.0000
20305.5591 312520.2690 416.0614 300195.682710000 -0.0000 0.0000 280.0000
20305.6332 312520.2821 416.0885 300195.692710000 -0.0000 0.0000 280.0000
20305.7073 312520.2952 416.1156 300195.702710000 -0.0000 0.0000 280.0000
20305.7815 312520.3082 416.1427 300195.712710000 -0.0000 0.0000 280.0000
20305.8556 312520.3213 416.1699 300195.722710000 -0.0000 0.0000 280.0000
20305.9297 312520.3344 416.1970 300195.732710000 -0.0000 0.0000 280.0000
20306.0038 312520.3475 416.2241 300195.742710000 -0.0000 0.0000 280.0000
20306.0779 312520.3605 416.2512 300195.752710000 -0.0000 0.0000 280.0000
20306.1520 312520.3736 416.2784 300195.762710000 -0.0000 0.0000 280.0000
20306.2262 312520.3867 416.3055 300195.772710000 -0.0000 0.0000 280.0000
20306.3003 312520.3997 416.3326 300195.782710000 -0.0000 0.0000 280.0000
20306.3744 312520.4128 416.3597 300195.792710000 -0.0000 0.0000 280.0000
20306.4485 312520.4259 416.3869 300195.802710000 -0.0000 0.0000 280.0000
20306.5226 312520.4389 416.4140 300195.812710000 -0.0000 0.0000 280.0000
20306.5968 312520.4520 416.4411 300195.822710000 -0.0000 0.0000 280.0000
20306.6709 312520.4651 416.4682 300195.832710000 -0.0000 0.0000 280.0000
20306.7450 312520.4781 416.4954 300195.842710000 -0.0000 0.0000 280.0000
20306.8191 312520.4912 416.5225 300195.852710000 -0.0000 0.0000 280.0000
20306.8932 312520.5043 416.5496 300195.862710000 -0.0000 0.0000 280.0000
20306.9673 312520.5173 416.5767 300195.872710000 -0.0000 0.0000 280.0000
20307.0415 312520.5304 416.6039 300195.882710000 -0.0000 0.0000 280.0000
20307.1156 312520.5435 416.6310 300195.892710000 -0.0000 0.0000 280.0000
20307.1897 312520.5566 416.6581 300195.902710000 -0.0000 0.0000 280.0000
20307.2638 312520.5696 416.6852 300195.912710000 -0.0000 0.0000 280.0000
20307.3379 312520.5827 416.7124 300195.922710000 -0.0000 0.0000 280.0000
20307.4121 312520.5958 416.7395 300195.932710000 -0.0000 0.0000 280.0000
20307.4862 312520.6088 416.7666 300195.942710000 -0.0000 0.0000 280.0000
20307.5603 312520.6219 416.7937 300195.952710000 -0.0000 0.0000 280.0000
20307.6344 312520.6350 416.8209 300195.962710000 -0.0000 0.0000 280.0000
20307.7085 312520.6480 416.8480 300195.972710000 -0.0000 0.0000 280.0000
20307.7826 312520.6611 416.8751 300195.982710000 -0.0000 0.0000 280.0000
20307.8568 312520.6742 416.9022 300195.992710000 -0.0000 0.0000 280.0000
20307.9309 312520.6872 416.9293 300196.002710000 -0.0000 0.0000 280.0000
20308.0050 312520.7003 416.9565 300196.012710000 -0.0000 0.0000 280.0000
20308.0791 312520.7134 416.9836 300196.022710000 -0.0000 0.0000 280.0000
20308.1532 312520.7265 417.0107 300196.032710000 -0.0000 0.0000 280.0000
20308.2273 312520.7395 417.0378 300196.042710000 -0.0000 0.0000 280.0000
20308.3015 312520.7526 417.0650 300196.052710000 -0.0000 0.0000 280.0000
20308.3756 312520.7657 417.0921 300196.062710000 -0.0000 0.0000 280.0000
20308.4497 312520.7787 417.1192 300196.072710000 -0.0000 0.0000 280.0000
20308.5238 312520.7918 417.1463 300196.082710000 -0.0000 0.0000 280.0000
20308.5979 312520.8049 417.1735 300196.092710000 -0.0000 0.0000 280.0000
20308.6721 312520.8179 417.2006 300196.102710000 -0.0000 0.0000 280.0000
20308.7462 312520.8310 417.2277 300196.112710000 -0.0000 0.0000 280.0000
20308.8203 312520.8441 417.2548 300196.122710000 -0.0000 0.0000 280.0000
20308.8944 312520.8571 417.2820 300196.132710000 -0.0000 0.0000 280.0000
20308.9685 312520.8702 417.3091 300196.142710000 -0.0000 0.0000 280.0000
20309.0426 312520.8833 417.3362 300196.152710000 -0.0000 0.0000 280.0000
20309.1168 312520.8964 417.3633 300196.162710000 -0.0000 0.0000 280.0000
20309.1909 312520.9094 417.3905 300196.172710000 -0.0000 0.0000 280.0000
20309.2650 312520.9225 417.4176 300196.182710000 -0.0000 0.0000 280.0000
20309.3391 312520.9356 417.4447 300196.192710000 -0.0000 0.0000 280.0000
20309.4132 312520.9486 417.4718 300196.202710000 -0.0000 0.0000 280.0000
20309.4874 312520.9617 417.4990 300196.212710000 -0.0000 0.0000 280.0000
20309.5615 312520.9748 417.5261 300196.222710000 -0.0000 0.0000 280.0000
20309.6356 312520.9878 417.5532 300196.232710000 -0.0000 0.0000 280.0000
20309.7097 312521.0009 417.5803 300196.242710000 -0.0000 0.0000 280.0000
20309.7838 312521.0140 417.6075 300196.252710000 -0.0000 0.0000 280.0000
20309.8579 312521.0270 417.6346 300196.262710000 -0.0000 0.0000 280.0000
20309.9321 312521.0401 417.6617 300196.272710000 -0.0000 0.0000 280.0000
20310.0062 312521.0532 417.6888 300196.282710000 -0.0000 0.0000 280.0000
20310.0803 312521.0662 417.7159 300196.292710000 -0.0000 0.0000 280.0000
20310.1544 312521.0793 417.7431 300196.302710000 -0.0000 0.0000 280.0000
20310.2285 312521.0924 417.7702 300196.312710000 -0.0000 0.0000 280.0000
20310.3027 312521.1055 417.7973 300196.322710000 -0.0000 0.0000 280.0000
20310.3768 312521.1185 417.8244 300196.332710000 -0.0000 0.0000 280.0000
20310.4509 312521.1316 417.8516 300196.342710000 -0.0000 0.0000 280.0000
20310.5250 312521.1447 417.8787 300196.352710000 -0.0000 0.0000 280.0000
20310.5991 312521.1577 417.9058 300196.362710000 -0.0000 0.0000 280.0000
20310.6732 312521.1708 417.9329 300196.372710000 -0.0000 0.0000 280.0000
20310.7474 312521.1839 417.9601 300196.382710000 -0.0000 0.0000 280.0000
20310.8215 312521.1969 417.9872 300196.392710000 -0.0000 0.0000 280.0000
20310.8956 312521.2100 418.0143 300196.402710000 -0.0000 0.0000 280.0000
20310.9697 312521.2231 418.0414 300196.412710000 -0.0000 0.0000 280.0000
20311.0438 312521.2361 418.0686 300196.422710000 -0.0000 0.0000 280.0000
20311.1180 312521.2492 418.0957 300196.432710000 -0.0000 0.0000 280.0000
20311.1921 312521.2623 418.1228 300196.442710000 -0.0000 0.0000 280.0000
20311.2662 312521.2754 418.1499 300196.452710000 -0.0000 0.0000 280.0000
20311.3403 312521.2884 418.1771 300196.462710000 -0.0000 0.0000 280.0000
20311.4144 312521.3015 418.2042 300196.472710000 -0.0000 0.0000 280.0000
20311.4885 312521.3146 418.2313 300196.482710000 -0.0000 0.0000 280.0000
20311.5627 312521.3276 418.2584 300196.492710000 -0.0000 0.0000 280.0000
20311.6368 312521.3407 418.2856 300196.502710000 -0.0000 0.0000 280.0000
20311.7109 312521.3538 418.3127 300196.512710000 -0.0000 0.0000 280.0000
20311.7850 312521.3668 418.3398 300196.522710000 -0.0000 0.0000 280.0000
20311.8591 312521.3799 418.3669 300196.532710000 -0.0000 0.0000 280.0000
20311.9333 312521.3930 418.3941 300196.542710000 -0.0000 0.0000 280.0000
20312.0074 312521.4060 418.4212 300196.552710000 -0.0000 0.0000 280.0000
20312.0815 312521.4191 418.4483 300196.562710000 -0.0000 0.0000 280.0000
20312.1556 312521.4322 418.4754 300196.572710000 -0.0000 0.0000 280.0000
20312.2297 312521.4452 418.5026 300196.582710000 -0.0000 0.0000 280.0000
20312.3038 312521.4583 418.5297 300196.592710000 -0.0000 0.0000 280.0000
20312.3780 312521.4714 418.5568 300196.602710000 -0.0000 0.0000 280.0000
20312.4521 312521.4845 418.5839 300196.612710000 -0.0000 0.0000 280.0000
20312.5262 312521.4975 418.6110 300196.622710000 -0.0000 0.0000 280.0000
20312.6003 312521.5106 418.6382 300196.632710000 -0.0000 0.0000 280.0000
20312.6744 312521.5237 418.6653 300196.642710000 -0.0000 0.0000 280.0000
20312.7485 312521.5367 418.6924 300196.652710000 -0.0000 0.0000 280.0000
20312.8227 312521.5498 418.7195 300196.662710000 -0.0000 0.0000 280.0000
20312.8968 312521.5629 418.7467 300196.672710000 -0.0000 0.0000 280.0000
20312.9709 312521.5759 418.7738 300196.682710000 -0.0000 0.0000 280.0000
20313.0450 312521.5890 418.8009 300196.692710000 -0.0000 0.0000 280.0000
20313.1191 312521.6021 418.8280 300196.702710000 -0.0000 0.0000 280.0000
20313.1933 312521.6151 418.8552 300196.712710000 -0.0000 0.0000 280.0000
20313.2674 312521.6282 418.8823 300196.722710000 -0.0000 0.0000 280.0000
20313.3415 312521.6413 418.9094 300196.732710000 -0.0000 0.0000 280.0000
20313.4156 312521.6544 418.9365 300196.742710000 -0.0000 0.0000 280.0000
20313.4897 312521.6674 418.9637 300196.752710000 -0.0000 0.0000 280.0000
20313.5638 312521.6805 418.9908 300196.762710000 -0.0000 0.0000 280.0000
20313.6380 312521.6936 419.0179 300196.772710000 -0.0000 0.0000 280.0000
20313.7121 312521.7066 419.0450 300196.782710000 -0.0000 0.0000 280.0000
20313.7862 312521.7197 419.0722 300196.792710000 -0.0000 0.0000 280.0000
20313.8603 312521.7328 419.0993 300196.802710000 -0.0000 0.0000 280.0000
20313.9344 312521.7458 419.1264 300196.812710000 -0.0000 0.0000 280.0000
20314.0086 312521.7589 419.1535 300196.822710000 -0.0000 0.0000 280.0000
20314.0827 312521.7720 419.1807 300196.832710000 -0.0000 0.0000 280.0000
20314.1568 312521.7850 419.2078 300196.842710000 -0.0000 0.0000 280.0000
20314.2309 312521.7981 419.2349 300196.852710000 -0.0000 0.0000 280.0000
20314.3050 312521.8112 419.2620 300196.862710000 -0.0000 0.0000 280.0000
20314.3791 312521.8242 419.2892 300196.872710000 -0.0000 0.0000 280.0000
20314.4533 312521.8373 419.3163 300196.882710000 -0.0000 0.0000 280.0000
20314.5274 312521.8504 419.3434 300196.892710000 -0.0000 0.0000 280.0000
20314.6015 312521.8635 419.3705 300196.902710000 -0.0000 0.0000 280.0000
20314.6756 312521.8765 419.3976 300196.912710000 -0.0000 0.0000 280.0000
20314.7497 312521.8896 419.4248 300196.922710000 -0.0000 0.0000 280.0000
20314.8239 312521.9027 419.4519 300196.932710000 -0.0000 0.0000 280.0000
20314.8980 312521.9157 419.4790 300196.942710000 -0.0000 0.0000 280.0000
20314.9721 312521.9288 419.5061 300196.952710000 -0.0000 0.0000 280.0000
20315.0462 312521.9419 419.5333 300196.962710000 -0.0000 0.0000 280.0000
20315.1203 312521.9549 419.5604 300196.972710000 -0.0000 0.0000 280.0000
20315.1944 312521.9680 419.5875 300196.982710000 -0.0000 0.0000 280.0000
20315.2686 312521.9811 419.6146 300196.992710000 -0.0000 0.0000 280.0000
20315.3427 312521.9941 419.6418 300197.002710000 -0.0000 0.0000 280.0000
20315.4168 312522.0072 419.6689 300197.012710000 -0.0000 0.0000 280.0000
20315.4909 312522.0203 419.6960 300197.022710000 -0.0000 0.0000 280.0000
20315.5650 312522.0334 419.7231 300197.032710000 -0.0000 0.0000 280.0000
20315.6392 312522.0464 419.7503 300197.042710000 -0.0000 0.0000 280.0000
20315.7133 312522.0595 419.7774 300197.052710000 -0.0000 0.0000 280.0000
20315.7874 312522.0726 419.8045 300197.062710000 -0.0000 0.0000 280.0000
20315.8615 312522.0856 419.8316 300197.072710000 -0.0000 0.0000 280.0000
20315.9356 312522.0987 419.8588 300197.082710000 -0.0000 0.0000 280.0000
20316.0097 312522.1118 419.8859 300197.092710000 -0.0000 0.0000 280.0000
20316.0839 312522.1248 419.9130 300197.102710000 -0.0000 0.0000 280.0000
20316.1580 312522.1379 419.9401 300197.112710000 -0.0000 0.0000 280.0000
20316.2321 312522.1510 419.9673 300197.122710000 -0.0000 0.0000 280.0000
20316.3062 312522.1640 419.9944 300197.132710000 -0.0000 0.0000 280.0000
20316.3803 312522.1771 420.0215 300197.142710000 -0.0000 0.0000 280.0000
20316.4544 312522.1902 420.0486 300197.152710000 -0.0000 0.0000 280.0000
20316.5286 312522.2032 420.0758 300197.162710000 -0.0000 0.0000 280.0000
20316.6027 312522.2163 420.1029 300197.172710000 -0.0000 0.0000 280.0000
20316.6768 312522.2294 420.1300 300197.182710000 -0.0000 0.0000 280.0000
20316.7509 312522.2425 420.1571 300197.192710000 -0.0000 0.0000 280.0000
20316.8250 312522.2555 420.1843 300197.202710000 -0.0000 0.0000 280.0000
20316.8992 312522.2686 420.2114 300197.212710000 -0.0000 0.0000 280.0000
20316.9733 312522.2817 420.2385 300197.222710000 -0.0000 0.0000 280.0000
20317.0474 312522.2947 420.2656 300197.232710000 -0.0000 0.0000 280.0000
20317.1215 312522.3078 420.2927 300197.242710000 -0.0000 0.0000 280.0000
20317.1956 312522.3209 420.3199 300197.252710000 -0.0000 0.0000 280.0000
20317.2697 312522.3339 420.3470 300197.262710000 -0.0000 0.0000 280.0000
20317.3439 312522.3470 420.3741 300197.272710000 -0.0000 0.0000 280.0000
20317.4180 312522.3601 420.4012 300197.282710000 -0.0000 0.0000 280.0000
20317.4921 312522.3731 420.4284 300197.292710000 -0.0000 0.0000 280.0000
20317.5662 312522.3862 420.4555 300197.302710000 -0.0000 0.0000 280.0000
20317.6403 312522.3993 420.4826 300197.312710000 -0.0000 0.0000 280.0000
20317.7145 312522.4124 420.5097 300197.322710000 -0.0000 0.0000 280.0000
20317.7886 312522.4254 420.5369 300197.332710000 -0.0000 0.0000 280.0000
20317.8627 312522.4385 420.5640 300197.342710000 -0.0000 0.0000 280.0000
20317.9368 312522.4516 420.5911 300197.352710000 -0.0000 0.0000 280.0000
20318.0109 312522.4646 420.6182 300197.362710000 -0.0000 0.0000 280.0000
20318.0850 312522.4777 420.6454 300197.372710000 -0.0000 0.0000 280.0000
20318.1592 312522.4908 420.6725 300197.382710000 -0.0000 0.0000 280.0000
20318.2333 312522.5038 420.6996 300197.392710000 -0.0000 0.0000 280.0000
20318.3074 312522.5169 420.7267 300197.402710000 -0.0000 0.0000 280.0000
20318.3815 312522.5300 420.7539 300197.412710000 -0.0000 0.0000 280.0000
20318.4556 312522.5430 420.7810 300197.422710000 -0.0000 0.0000 280.0000
20318.5298 312522.5561 420.8081 300197.432710000 -0.0000 0.0000 280.0000
20318.6039 312522.5692 420.8352 300197.442710000 -0.0000 0.0000 280.0000
20318.6780 312522.5823 420.8624 300197.452710000 -0.0000 0.0000 280.0000
20318.7521 312522.5953 420.8895 300197.462710000 -0.0000 0.0000 280.0000
20318.8262 312522.6084 420.9166 300197.472710000 -0.0000 0.0000 280.0000
20318.9003 312522.6215 420.9437 300197.482710000 -0.0000 0.0000 280.0000
20318.9745 312522.6345 420.9709 300197.492710000 -0.0000 0.0000 280.0000
20319.0486 312522.6476 420.9980 300197.502710000 -0.0000 0.0000 280.0000
20319.1227 312522.6607 421.0251 300197.512710000 -0.0000 0.0000 280.0000
20319.1968 312522.6737 421.0522 300197.522710000 -0.0000 0.0000 280.0000
20319.2709 312522.6868 421.0794 300197.532710000 -0.0000 0.0000 280.0000
20319.3451 312522.6999 421.1065 300197.542710000 -0.0000 0.0000 280.0000
20319.4192 312522.7129 421.1336 300197.552710000 -0.0000 0.0000 280.0000
20319.4933 312522.7260 421.1607 300197.562710000 -0.0000 0.0000 280.0000
20319.5674 312522.7391 421.1878 300197.572710000 -0.0000 0.0000 280.0000
20319.6415 312522.7521 421.2150 300197.582710000 -0.0000 0.0000 280.0000
20319.7156 312522.7652 421.2421 300197.592710000 -0.0000 0.0000 280.0000
20319.7898 312522.7783 421.2692 300197.602710000 -0.0000 0.0000 280.0000
20319.8639 312522.7914 421.2963 300197.612710000 -0.0000 0.0000 280.0000
20319.9380 312522.8044 421.3235 300197.622710000 -0.0000 0.0000 280.0000
20320.0121 312522.8175 421.3506 300197.632710000 -0.0000 0.0000 280.0000
20320.0862 312522.8306 421.3777 300197.642710000 -0.0000 0.0000 280.0000
20320.1603 312522.8436 421.4048 300197.652710000 -0.0000 0.0000 280.0000
20320.2345 312522.8567 421.4320 300197.662710000 -0.0000 0.0000 280.0000
20320.3086 312522.8698 421.4591 300197.672710000 -0.0000 0.0000 280.0000
20320.3827 312522.8828 421.4862 300197.682710000 -0.0000 0.0000 280.0000
20320.4568 312522.8959 421.5133 300197.692710000 -0.0000 0.0000 280.0000
20320.5309 312522.9090 421.5405 300197.702710000 -0.0000 0.0000 280.0000
20320.6051 312522.9220 421.5676 300197.712710000 -0.0000 0.0000 280.0000
20320.6792 312522.9351 421.5947 300197.722710000 -0.0000 0.0000 280.0000
20320.7533 312522.9482 421.6218 300197.732710000 -0.0000 0.0000 280.0000
20320.8274 312522.9613 421.6490 300197.742710000 -0.0000 0.0000 280.0000
20320.9015 312522.9743 421.6761 300197.752710000 -0.0000 0.0000 280.0000
20320.9756 312522.9874 421.7032 300197.762710000 -0.0000 0.0000 280.0000
20321.0498 312523.0005 421.7303 300197.772710000 -0.0000 0.0000 280.0000
20321.1239 312523.0135 421.7575 300197.782710000 -0.0000 0.0000 280.0000
20321.1980 312523.0266 421.7846 300197.792710000 -0.0000 0.0000 280.0000
20321.2721 312523.0397 421.8117 300197.802710000 -0.0000 0.0000 280.0000
20321.3462 312523.0527 421.8388 300197.812710000 -0.0000 0.0000 280.0000
20321.4204 312523.0658 421.8660 300197.822710000 -0.0000 0.0000 280.0000
20321.4945 312523.0789 421.8931 300197.832710000 -0.0000 0.0000 280.0000
20321.5686 312523.0919 421.9202 300197.842710000 -0.0000 0.0000 280.0000
20321.6427 312523.1050 421.9473 300197.852710000 -0.0000 0.0000 280.0000
20321.7168 312523.1181 421.9744 300197.862710000 -0.0000 0.0000 280.0000
20321.7909 312523.1311 422.0016 300197.872710000 -0.0000 0.0000 280.0000
20321.8651 312523.1442 422.0287 300197.882710000 -0.0000 0.0000 280.0000
20321.9392 312523.1573 422.0558 300197.892710000 -0.0000 0.0000 280.0000
20322.0133 312523.1704 422.0829 300197.902710000 -0.0000 0.0000 280.0000
20322.0874 312523.1834 422.1101 300197.912710000 -0.0000 0.0000 280.0000
20322.1615 312523.1965 422.1372 300197.922710000 -0.0000 0.0000 280.0000
20322.2357 312523.2096 422.1643 300197.932710000 -0.0000 0.0000 280.0000
20322.3098 312523.2226 422.1914 300197.942710000 -0.0000 0.0000 280.0000
20322.3839 312523.2357 422.2186 300197.952710000 -0.0000 0.0000 280.0000
20322.4580 312523.2488 422.2457 300197.962710000 -0.0000 0.0000 280.0000
20322.5321 312523.2618 422.2728 300197.972710000 -0.0000 0.0000 280.0000
20322.6062 312523.2749 422.2999 300197.982710000 -0.0000 0.0000 280.0000
20322.6804 312523.2880 422.3271 300197.992710000 -0.0000 0.0000 280.0000
20322.7545 312523.3010 422.3542 300198.002710000 -0.0000 0.0000 280.0000
20322.8286 312523.3141 422.3813 300198.012710000 -0.0000 0.0000 280.0000
20322.9027 312523.3272 422.4084 300198.022710000 -0.0000 0.0000 280.0000
20322.9768 312523.3403 422.4356 300198.032710000 -0.0000 0.0000 280.0000
20323.0510 312523.3533 422.4627 300198.042710000 -0.0000 0.0000 280.0000
20323.1251 312523.3664 422.4898 300198.052710000 -0.0000 0.0000 280.0000
20323.1992 312523.3795 422.5169 300198.062710000 -0.0000 0.0000 280.0000
20323.2733 312523.3925 422.5441 300198.072710000 -0.0000 0.0000 280.0000
20323.3474 312523.4056 422.5712 300198.082710000 -0.0000 0.0000 280.0000
20323.4215 312523.4187 422.5983 300198.092710000 -0.0000 0.0000 280.0000
20323.4957 312523.4317 422.6254 300198.102710000 -0.0000 0.0000 280.0000
20323.5698 312523.4448 422.6526 300198.112710000 -0.0000 0.0000 280.0000
20323.6439 312523.4579 422.6797 300198.122710000 -0.0000 0.0000 280.0000
20323.7180 312523.4709 422.7068 300198.132710000 -0.0000 0.0000 280.0000
20323.7921 312523.4840 422.7339 300198.142710000 -0.0000 0.0000 280.0000
20323.8662 312523.4971 422.7611 300198.152710000 -0.0000 0.0000 280.0000
20323.9404 312523.5101 422.7882 300198.162710000 -0.0000 0.0000 280.0000
20324.0145 312523.5232 422.8153 300198.172710000 -0.0000 0.0000 280.0000
20324.0886 312523.5363 422.8424 300198.182710000 -0.0000 0.0000 280.0000
20324.1627 312523.5494 422.8695 300198.192710000 -0.0000 0.0000 280.0000
20324.2368 312523.5624 422.8967 300198.202710000 -0.0000 0.0000 280.0000
20324.3110 312523.5755 422.9238 300198.212710000 -0.0000 0.0000 280.0000
20324.3851 312523.5886 422.9509 300198.222710000 -0.0000 0.0000 280.0000
20324.4592 312523.6016 422.9780 300198.232710000 -0.0000 0.0000 280.0000
20324.5333 312523.6147 423.0052 300198.242710000 -0.0000 0.0000 280.0000
20324.6074 312523.6278 423.0323 300198.252710000 -0.0000 0.0000 280.0000
20324.6815 312523.6408 423.0594 300198.262710000 -0.0000 0.0000 280.0000
20324.7557 312523.6539 423.0865 300198.272710000 -0.0000 0.0000 280.0000
20324.8298 312523.6670 423.1137 300198.282710000 -0.0000 0.0000 280.0000
20324.9039 312523.6800 423.1408 300198.292710000 -0.0000 0.0000 280.0000
20324.9780 312523.6931 423.1679 300198.302710000 -0.0000 0.0000 280.0000
20325.0521 312523.7062 423.1950 300198.312710000 -0.0000 0.0000 280.0000
20325.1263 312523.7193 423.2222 300198.322710000 -0.0000 0.0000 280.0000
20325.2004 312523.7323 423.2493 300198.332710000 -0.0000 0.0000 280.0000
20325.2745 312523.7454 423.2764 300198.342710000 -0.0000 0.0000 280.0000
20325.3486 312523.7585 423.3035 300198.352710000 -0.0000 0.0000 280.0000
20325.4227 312523.7715 423.3307 300198.362710000 -0.0000 0.0000 280.0000
20325.4968 312523.7846 423.3578 300198.372710000 -0.0000 0.0000 280.0000
20325.5710 312523.7977 423.3849 300198.382710000 -0.0000 0.0000 280.0000
20325.6451 312523.8107 423.4120 300198.392710000 -0.0000 0.0000 280.0000
20325.7192 312523.8238 423.4392 300198.402710000 -0.0000 0.0000 280.0000
20325.7933 312523.8369 423.4663 300198.412710000 -0.0000 0.0000 280.0000
20325.8674 312523.8499 423.4934 300198.422710000 -0.0000 0.0000 280.0000
20325.9416 312523.8630 423.5205 300198.432710000 -0.0000 0.0000 280.0000
20326.0157 312523.8761 423.5477 300198.442710000 -0.0000 0.0000 280.0000
20326.0898 312523.8891 423.5748 300198.452710000 -0.0000 0.0000 280.0000
20326.1639 312523.9022 423.6019 300198.462710000 -0.0000 0.0000 280.0000
20326.2380 312523.9153 423.6290 300198.472710000 -0.0000 0.0000 280.0000
20326.3121 312523.9284 423.6562 300198.482710000 -0.0000 0.0000 280.0000
20326.3863 312523.9414 423.6833 300198.492710000 -0.0000 0.0000 280.0000
20326.4604 312523.9545 423.7104 300198.502710000 -0.0000 0.0000 280.0000
20326.5345 312523.9676 423.7375 300198.512710000 -0.0000 0.0000 280.0000
20326.6086 312523.9806 423.7646 300198.522710000 -0.0000 0.0000 280.0000
20326.6827 312523.9937 423.7918 300198.532710000 -0.0000 0.0000 280.0000
20326.7569 312524.0068 423.8189 300198.542710000 -0.0000 0.0000 280.0000
20326.8310 312524.0198 423.8460 300198.552710000 -0.0000 0.0000 280.0000
20326.9051 312524.0329 423.8731 300198.562710000 -0.0000 0.0000 280.0000
20326.9792 312524.0460 423.9003 300198.572710000 -0.0000 0.0000 280.0000
20327.0533 312524.0590 423.9274 300198.582710000 -0.0000 0.0000 280.0000
20327.1274 312524.0721 423.9545 300198.592710000 -0.0000 0.0000 280.0000
20327.2016 312524.0852 423.9816 300198.602710000 -0.0000 0.0000 280.0000
20327.2757 312524.0983 424.0088 300198.612710000 -0.0000 0.0000 280.0000
20327.3498 312524.1113 424.0359 300198.622710000 -0.0000 0.0000 280.0000
20327.4239 312524.1244 424.0630 300198.632710000 -0.0000 0.0000 280.0000
20327.4980 312524.1375 424.0901 300198.642710000 -0.0000 0.0000 280.0000
20327.5721 312524.1505 424.1173 300198.652710000 -0.0000 0.0000 280.0000
20327.6463 312524.1636 424.1444 300198.662710000 -0.0000 0.0000 280.0000
20327.7204 312524.1767 424.1715 300198.672710000 -0.0000 0.0000 280.0000
20327.7945 312524.1897 424.1986 300198.682710000 -0.0000 0.0000 280.0000
20327.8686 312524.2028 424.2258 300198.692710000 -0.0000 0.0000 280.0000
20327.9427 312524.2159 424.2529 300198.702710000 -0.0000 0.0000 280.0000
20328.0169 312524.2289 424.2800 300198.712710000 -0.0000 0.0000 280.0000
20328.0910 312524.2420 424.3071 300198.722710000 -0.0000 0.0000 280.0000
20328.1651 312524.2551 424.3343 300198.732710000 -0.0000 0.0000 280.0000
20328.2392 312524.2682 424.3614 300198.742710000 -0.0000 0.0000 280.0000
20328.3133 312524.2812 424.3885 300198.752710000 -0.0000 0.0000 280.0000
20328.3874 312524.2943 424.4156 300198.762710000 -0.0000 0.0000 280.0000
20328.4616 312524.3074 424.4428 300198.772710000 -0.0000 0.0000 280.0000
20328.5357 312524.3204 424.4699 300198.782710000 -0.0000 0.0000 280.0000
20328.6098 312524.3335 424.4970 300198.792710000 -0.0000 0.0000 280.0000
20328.6839 312524.3466 424.5241 300198.802710000 -0.0000 0.0000 280.0000
20328.7580 312524.3596 424.5512 300198.812710000 -0.0000 0.0000 280.0000
20328.8322 312524.3727 424.5784 300198.822710000 -0.0000 0.0000 280.0000
20328.9063 312524.3858 424.6055 300198.832710000 -0.0000 0.0000 280.0000
20328.9804 312524.3988 424.6326 300198.842710000 -0.0000 0.0000 280.0000
20329.0545 312524.4119 424.6597 300198.852710000 -0.0000 0.0000 280.0000
20329.1286 312524.4250 424.6869 300198.862710000 -0.0000 0.0000 280.0000
20329.2027 312524.4380 424.7140 300198.872710000 -0.0000 0.0000 280.0000
20329.2769 312524.4511 424.7411 300198.882710000 -0.0000 0.0000 280.0000
20329.3510 312524.4642 424.7682 300198.892710000 -0.0000 0.0000 280.0000
20329.4251 312524.4773 424.7954 300198.902710000 -0.0000 0.0000 280.0000
20329.4992 312524.4903 424.8225 300198.912710000 -0.0000 0.0000 280.0000
20329.5733 312524.5034 424.8496 300198.922710000 -0.0000 0.0000 280.0000
20329.6475 312524.5165 424.8767 300198.932710000 -0.0000 0.0000 280.0000
20329.7216 312524.5295 424.9039 300198.942710000 -0.0000 0.0000 280.0000
20329.7957 312524.5426 424.9310 300198.952710000 -0.0000 0.0000 280.0000
20329.8698 312524.5557 424.9581 300198.962710000 -0.0000 0.0000 280.0000
20329.9439 312524.5687 424.9852 300198.972710000 -0.0000 0.0000 280.0000
20330.0180 312524.5818 425.0124 300198.982710000 -0.0000 0.0000 280.0000
20330.0922 312524.5949 425.0395 300198.992710000 -0.0000 0.0000 280.0000
20330.1663 312524.6079 425.0666 300199.002710000 -0.0000 0.0000 280.0000
20330.2404 312524.6210 425.0937 300199.012710000 -0.0000 0.0000 280.0000
20330.3145 312524.6341 425.1209 300199.022710000 -0.0000 0.0000 280.0000
20330.3886 312524.6472 425.1480 300199.032710000 -0.0000 0.0000 280.0000
20330.4628 312524.6602 425.1751 300199.042710000 -0.0000 0.0000 280.0000
20330.5369 312524.6733 425.2022 300199.052710000 -0.0000 0.0000 280.0000
20330.6110 312524.6864 425.2294 300199.062710000 -0.0000 0.0000 280.0000
20330.6851 312524.6994 425.2565 300199.072710000 -0.0000 0.0000 280.0000
20330.7592 312524.7125 425.2836 300199.082710000 -0.0000 0.0000 280.0000
20330.8333 312524.7256 425.3107 300199.092710000 -0.0000 0.0000 280.0000
20330.9075 312524.7386 425.3379 300199.102710000 -0.0000 0.0000 280.0000
20330.9816 312524.7517 425.3650 300199.112710000 -0.0000 0.0000 280.0000
20331.0557 312524.7648 425.3921 300199.122710000 -0.0000 0.0000 280.0000
20331.1298 312524.7778 425.4192 300199.132710000 -0.0000 0.0000 280.0000
20331.2039 312524.7909 425.4463 300199.142710000 -0.0000 0.0000 280.0000
20331.2780 312524.8040 425.4735 300199.152710000 -0.0000 0.0000 280.0000
20331.3522 312524.8170 425.5006 300199.162710000 -0.0000 0.0000 280.0000
20331.4263 312524.8301 425.5277 300199.172710000 -0.0000 0.0000 280.0000
20331.5004 312524.8432 425.5548 300199.182710000 -0.0000 0.0000 280.0000
20331.5745 312524.8563 425.5820 300199.192710000 -0.0000 0.0000 280.0000
20331.6486 312524.8693 425.6091 300199.202710000 -0.0000 0.0000 280.0000
20331.7228 312524.8824 425.6362 300199.212710000 -0.0000 0.0000 280.0000
20331.7969 312524.8955 425.6633 300199.222710000 -0.0000 0.0000 280.0000
20331.8710 312524.9085 425.6905 300199.232710000 -0.0000 0.0000 280.0000
20331.9451 312524.9216 425.7176 300199.242710000 -0.0000 0.0000 280.0000
20332.0192 312524.9347 425.7447 300199.252710000 -0.0000 0.0000 280.0000
20332.0933 312524.9477 425.7718 300199.262710000 -0.0000 0.0000 280.0000
20332.1675 312524.9608 425.7990 300199.272710000 -0.0000 0.0000 280.0000
20332.2416 312524.9739 425.8261 300199.282710000 -0.0000 0.0000 280.0000
20332.3157 312524.9869 425.8532 300199.292710000 -0.0000 0.0000 280.0000
20332.3898 312525.0000 425.8803 300199.302710000 -0.0000 0.0000 280.0000
20332.4639 312525.0131 425.9075 300199.312710000 -0.0000 0.0000 280.0000
20332.5381 312525.0262 425.9346 300199.322710000 -0.0000 0.0000 280.0000
20332.6122 312525.0392 425.9617 300199.332710000 -0.0000 0.0000 280.0000
20332.6863 312525.0523 425.9888 300199.342710000 -0.0000 0.0000 280.0000
20332.7604 312525.0654 426.0160 300199.352710000 -0.0000 0.0000 280.0000
20332.8345 312525.0784 426.0431 300199.362710000 -0.0000 0.0000 280.0000
20332.9086 312525.0915 426.0702 300199.372710000 -0.0000 0.0000 280.0000
20332.9828 312525.1046 426.0973 300199.382710000 -0.0000 0.0000 280.0000
20333.0569 312525.1176 426.1245 300199.392710000 -0.0000 0.0000 280.0000
20333.1310 312525.1307 426.1516 300199.402710000 -0.0000 0.0000 280.0000
20333.2051 312525.1438 426.1787 300199.412710000 -0.0000 0.0000 280.0000
20333.2792 312525.1568 426.2058 300199.422710000 -0.0000 0.0000 280.0000
20333.3534 312525.1699 426.2330 300199.432710000 -0.0000 0.0000 280.0000
20333.4275 312525.1830 426.2601 300199.442710000 -0.0000 0.0000 280.0000
20333.5016 312525.1960 426.2872 300199.452710000 -0.0000 0.0000 280.0000
20333.5757 312525.2091 426.3143 300199.462710000 -0.0000 0.0000 280.0000
20333.6498 312525.2222 426.3414 300199.472710000 -0.0000 0.0000 280.0000
20333.7239 312525.2353 426.3686 300199.482710000 -0.0000 0.0000 280.0000
20333.7981 312525.2483 426.3957 300199.492710000 -0.0000 0.0000 280.0000
20333.8722 312525.2614 426.4228 300199.502710000 -0.0000 0.0000 280.0000
20333.9463 312525.2745 426.4499 300199.512710000 -0.0000 0.0000 280.0000
20334.0204 312525.2875 426.4771 300199.522710000 -0.0000 0.0000 280.0000
20334.0945 312525.3006 426.5042 300199.532710000 -0.0000 0.0000 280.0000
20334.1687 312525.3137 426.5313 300199.542710000 -0.0000 0.0000 280.0000
20334.2428 312525.3267 426.5584 300199.552710000 -0.0000 0.0000 280.0000
20334.3169 312525.3398 426.5856 300199.562710000 -0.0000 0.0000 280.0000
20334.3910 312525.3529 426.6127 300199.572710000 -0.0000 0.0000 280.0000
20334.4651 312525.3659 426.6398 300199.582710000 -0.0000 0.0000 280.0000
20334.5392 312525.3790 426.6669 300199.592710000 -0.0000 0.0000 280.0000
20334.6134 312525.3921 426.6941 300199.602710000 -0.0000 0.0000 280.0000
20334.6875 312525.4052 426.7212 300199.612710000 -0.0000 0.0000 280.0000
20334.7616 312525.4182 426.7483 300199.622710000 -0.0000 0.0000 280.0000
20334.8357 312525.4313 426.7754 300199.632710000 -0.0000 0.0000 280.0000
20334.9098 312525.4444 426.8026 300199.642710000 -0.0000 0.0000 280.0000
20334.9839 312525.4574 426.8297 300199.652710000 -0.0000 0.0000 280.0000
20335.0581 312525.4705 426.8568 300199.662710000 -0.0000 0.0000 280.0000
20335.1322 312525.4836 426.8839 300199.672710000 -0.0000 0.0000 280.0000
20335.2063 312525.4966 426.9111 300199.682710000 -0.0000 0.0000 280.0000
20335.2804 312525.5097 426.9382 300199.692710000 -0.0000 0.0000 280.0000
20335.3545 312525.5228 426.9653 300199.702710000 -0.0000 0.0000 280.0000
20335.4287 312525.5358 426.9924 300199.712710000 -0.0000 0.0000 280.0000
20335.5028 312525.5489 427.0196 300199.722710000 -0.0000 0.0000 280.0000
20335.5769 312525.5620 427.0467 300199.732710000 -0.0000 0.0000 280.0000
20335.6510 312525.5751 427.0738 300199.742710000 -0.0000 0.0000 280.0000
20335.7251 312525.5881 427.1009 300199.752710000 -0.0000 0.0000 280.0000
20335.7992 312525.6012 427.1280 300199.762710000 -0.0000 0.0000 280.0000
20335.8734 312525.6143 427.1552 300199.772710000 -0.0000 0.0000 280.0000
20335.9475 312525.6273 427.1823 300199.782710000 -0.0000 0.0000 280.0000
20336.0216 312525.6404 427.2094 300199.792710000 -0.0000 0.0000 280.0000
20336.0957 312525.6535 427.2365 300199.802710000 -0.0000 0.0000 280.0000
20336.1698 312525.6665 427.2637 300199.812710000 -0.0000 0.0000 280.0000
20336.2440 312525.6796 427.2908 300199.822710000 -0.0000 0.0000 280.0000
20336.3181 312525.6927 427.3179 300199.832710000 -0.0000 0.0000 280.0000
20336.3922 312525.7057 427.3450 300199.842710000 -0.0000 0.0000 280.0000
20336.4663 312525.7188 427.3722 300199.852710000 -0.0000 0.0000 280.0000
20336.5404 312525.7319 427.3993 300199.862710000 -0.0000 0.0000 280.0000
20336.6145 312525.7449 427.4264 300199.872710000 -0.0000 0.0000 280.0000
20336.6887 312525.7580 427.4535 300199.882710000 -0.0000 0.0000 280.0000
20336.7628 312525.7711 427.4807 300199.892710000 -0.0000 0.0000 280.0000
20336.8369 312525.7842 427.5078 300199.902710000 -0.0000 0.0000 280.0000
20336.9110 312525.7972 427.5349 300199.912710000 -0.0000 0.0000 280.0000
20336.9851 312525.8103 427.5620 300199.922710000 -0.0000 0.0000 280.0000
20337.0593 312525.8234 427.5892 300199.932710000 -0.0000 0.0000 280.0000
20337.1334 312525.8364 427.6163 300199.942710000 -0.0000 0.0000 280.0000
20337.2075 312525.8495 427.6434 300199.952710000 -0.0000 0.0000 280.0000
20337.2816 312525.8626 427.6705 300199.962710000 -0.0000 0.0000 280.0000
20337.3557 312525.8756 427.6977 300199.972710000 -0.0000 0.0000 280.0000
20337.4298 312525.8887 427.7248 300199.982710000 -0.0000 0.0000 280.0000
20337.5040 312525.9018 427.7519 300199.992710000 -0.0000 0.0000 280.0000
20337.5781 312525.9148 427.7790 300200.002710000 -0.0000 0.0000 280.0000
20337.6522 312525.9279 427.8062 300200.012710000 -0.0000 0.0000 280.0000
20337.7263 312525.9410 427.8333 300200.022710000 -0.0000 0.0000 280.0000
20337.8004 312525.9541 427.8604 300200.032710000 -0.0000 0.0000 280.0000
20337.8746 312525.9671 427.8875 300200.042710000 -0.0000 0.0000 280.0000
20337.9487 312525.9802 427.9147 300200.052710000 -0.0000 0.0000 280.0000
20338.0228 312525.9933 427.9418 300200.062710000 -0.0000 0.0000 280.0000
20338.0969 312526.0063 427.9689 300200.072710000 -0.0000 0.0000 280.0000
20338.1710 312526.0194 427.9960 300200.082710000 -0.0000 0.0000 280.0000
20338.2451 312526.0325 428.0231 300200.092710000 -0.0000 0.0000 280.0000
20338.3193 312526.0455 428.0503 300200.102710000 -0.0000 0.0000 280.0000
20338.3934 312526.0586 428.0774 300200.112710000 -0.0000 0.0000 280.0000
20338.4675 312526.0717 428.1045 300200.122710000 -0.0000 0.0000 280.0000
20338.5416 312526.0847 428.1316 300200.132710000 -0.0000 0.0000 280.0000
20338.6157 312526.0978 428.1588 300200.142710000 -0.0000 0.0000 280.0000
20338.6899 312526.1109 428.1859 300200.152710000 -0.0000 0.0000 280.0000
20338.7640 312526.1239 428.2130 300200.162710000 -0.0000 0.0000 280.0000
20338.8381 312526.1370 428.2401 300200.172710000 -0.0000 0.0000 280.0000
20338.9122 312526.1501 428.2673 300200.182710000 -0.0000 0.0000 280.0000
20338.9863 312526.1632 428.2944 300200.192710000 -0.0000 0.0000 280.0000
20339.0604 312526.1762 428.3215 300200.202710000 -0.0000 0.0000 280.0000
20339.1346 312526.1893 428.3486 300200.212710000 -0.0000 0.0000 280.0000
20339.2087 312526.2024 428.3758 300200.222710000 -0.0000 0.0000 280.0000
20339.2828 312526.2154 428.4029 300200.232710000 -0.0000 0.0000 280.0000
20339.3569 312526.2285 428.4300 300200.242710000 -0.0000 0.0000 280.0000
20339.4310 312526.2416 428.4571 300200.252710000 -0.0000 0.0000 280.0000
20339.5051 312526.2546 428.4843 300200.262710000 -0.0000 0.0000 280.0000
20339.5793 312526.2677 428.5114 300200.272710000 -0.0000 0.0000 280.0000
20339.6534 312526.2808 428.5385 300200.282710000 -0.0000 0.0000 280.0000
20339.7275 312526.2938 428.5656 300200.292710000 -0.0000 0.0000 280.0000
20339.8016 312526.3069 428.5928 300200.302710000 -0.0000 0.0000 280.0000
20339.8757 312526.3200 428.6199 300200.312710000 -0.0000 0.0000 280.0000
20339.9499 312526.3331 428.6470 300200.322710000 -0.0000 0.0000 280.0000
20340.0240 312526.3461 428.6741 300200.332710000 -0.0000 0.0000 280.0000
20340.0981 312526.3592 428.7013 300200.342710000 -0.0000 0.0000 280.0000
20340.1722 312526.3723 428.7284 300200.352710000 -0.0000 0.0000 280.0000
20340.2463 312526.3853 428.7555 300200.362710000 -0.0000 0.0000 280.0000
20340.3204 312526.3984 428.7826 300200.372710000 -0.0000 0.0000 280.0000
20340.3946 312526.4115 428.8097 300200.382710000 -0.0000 0.0000 280.0000
20340.4687 312526.4245 428.8369 300200.392710000 -0.0000 0.0000 280.0000
20340.5428 312526.4376 428.8640 300200.402710000 -0.0000 0.0000 280.0000
20340.6169 312526.4507 428.8911 300200.412710000 -0.0000 0.0000 280.0000
20340.6910 312526.4637 428.9182 300200.422710000 -0.0000 0.0000 280.0000
20340.7652 312526.4768 428.9454 300200.432710000 -0.0000 0.0000 280.0000
20340.8393 312526.4899 428.9725 300200.442710000 -0.0000 0.0000 280.0000
20340.9134 312526.5029 428.9996 300200.452710000 -0.0000 0.0000 280.0000
20340.9875 312526.5160 429.0267 300200.462710000 -0.0000 0.0000 280.0000
20341.0616 312526.5291 429.0539 300200.472710000 -0.0000 0.0000 280.0000
20341.1357 312526.5422 429.0810 300200.482710000 -0.0000 0.0000 280.0000
20341.2099 312526.5552 429.1081 300200.492710000 -0.0000 0.0000 280.0000
20341.2840 312526.5683 429.1352 300200.502710000 -0.0000 0.0000 280.0000
20341.3581 312526.5814 429.1624 300200.512710000 -0.0000 0.0000 280.0000
20341.4322 312526.5944 429.1895 300200.522710000 -0.0000 0.0000 280.0000
20341.5063 312526.6075 429.2166 300200.532710000 -0.0000 0.0000 280.0000
20341.5805 312526.6206 429.2437 300200.542710000 -0.0000 0.0000 280.0000
20341.6546 312526.6336 429.2709 300200.552710000 -0.0000 0.0000 280.0000
20341.7287 312526.6467 429.2980 300200.562710000 -0.0000 0.0000 280.0000
20341.8028 312526.6598 429.3251 300200.572710000 -0.0000 0.0000 280.0000
20341.8769 312526.6728 429.3522 300200.582710000 -0.0000 0.0000 280.0000
20341.9510 312526.6859 429.3794 300200.592710000 -0.0000 0.0000 280.0000
20342.0252 312526.6990 429.4065 300200.602710000 -0.0000 0.0000 280.0000
20342.0993 312526.7121 429.4336 300200.612710000 -0.0000 0.0000 280.0000
20342.1734 312526.7251 429.4607 300200.622710000 -0.0000 0.0000 280.0000
20342.2475 312526.7382 429.4879 300200.632710000 -0.0000 0.0000 280.0000
20342.3216 312526.7513 429.5150 300200.642710000 -0.0000 0.0000 280.0000
20342.3958 312526.7643 429.5421 300200.652710000 -0.0000 0.0000 280.0000
20342.4699 312526.7774 429.5692 300200.662710000 -0.0000 0.0000 280.0000
20342.5440 312526.7905 429.5964 300200.672710000 -0.0000 0.0000 280.0000
20342.6181 312526.8035 429.6235 300200.682710000 -0.0000 0.0000 280.0000
20342.6922 312526.8166 429.6506 300200.692710000 -0.0000 0.0000 280.0000
20342.7663 312526.8297 429.6777 300200.702710000 -0.0000 0.0000 280.0000
20342.8405 312526.8427 429.7048 300200.712710000 -0.0000 0.0000 280.0000
20342.9146 312526.8558 429.7320 300200.722710000 -0.0000 0.0000 280.0000
20342.9887 312526.8689 429.7591 300200.732710000 -0.0000 0.0000 280.0000
20343.0628 312526.8819 429.7862 300200.742710000 -0.0000 0.0000 280.0000
20343.1369 312526.8950 429.8133 300200.752710000 -0.0000 0.0000 280.0000
20343.2110 312526.9081 429.8405 300200.762710000 -0.0000 0.0000 280.0000
20343.2852 312526.9212 429.8676 300200.772710000 -0.0000 0.0000 280.0000
20343.3593 312526.9342 429.8947 300200.782710000 -0.0000 0.0000 280.0000
20343.4334 312526.9473 429.9218 300200.792710000 -0.0000 0.0000 280.0000
20343.5075 312526.9604 429.9490 300200.802710000 -0.0000 0.0000 280.0000
20343.5816 312526.9734 429.9761 300200.812710000 -0.0000 0.0000 280.0000
20343.6558 312526.9865 430.0032 300200.822710000 -0.0000 0.0000 280.0000
20343.7299 312526.9996 430.0303 300200.832710000 -0.0000 0.0000 280.0000
20343.8040 312527.0126 430.0575 300200.842710000 -0.0000 0.0000 280.0000
20343.8781 312527.0257 430.0846 300200.852710000 -0.0000 0.0000 280.0000
20343.9522 312527.0388 430.1117 300200.862710000 -0.0000 0.0000 280.0000
20344.0263 312527.0518 430.1388 300200.872710000 -0.0000 0.0000 280.0000
20344.1005 312527.0649 430.1660 300200.882710000 -0.0000 0.0000 280.0000
20344.1746 312527.0780 430.1931 300200.892710000 -0.0000 0.0000 280.0000
20344.2487 312527.0911 430.2202 300200.902710000 -0.0000 0.0000 280.0000
20344.3228 312527.1041 430.2473 300200.912710000 -0.0000 0.0000 280.0000
20344.3969 312527.1172 430.2745 300200.922710000 -0.0000 0.0000 280.0000
20344.4711 312527.1303 430.3016 300200.932710000 -0.0000 0.0000 280.0000
20344.5452 312527.1433 430.3287 300200.942710000 -0.0000 0.0000 280.0000
20344.6193 312527.1564 430.3558 300200.952710000 -0.0000 0.0000 280.0000
20344.6934 312527.1695 430.3830 300200.962710000 -0.0000 0.0000 280.0000
20344.7675 312527.1825 430.4101 300200.972710000 -0.0000 0.0000 280.0000
20344.8416 312527.1956 430.4372 300200.982710000 -0.0000 0.0000 280.0000
20344.9158 312527.2087 430.4643 300200.992710000 -0.0000 0.0000 280.0000
20344.9899 312527.2217 430.4915 300201.002710000 -0.0000 0.0000 280.0000
20345.0640 312527.2348 430.5186 300201.012710000 -0.0000 0.0000 280.0000
20345.1381 312527.2479 430.5457 300201.022710000 -0.0000 0.0000 280.0000
20345.2122 312527.2610 430.5728 300201.032710000 -0.0000 0.0000 280.0000
20345.2864 312527.2740 430.5999 300201.042710000 -0.0000 0.0000 280.0000
20345.3605 312527.2871 430.6271 300201.052710000 -0.0000 0.0000 280.0000
20345.4346 312527.3002 430.6542 300201.062710000 -0.0000 0.0000 280.0000
20345.5087 312527.3132 430.6813 300201.072710000 -0.0000 0.0000 280.0000
20345.5828 312527.3263 430.7084 300201.082710000 -0.0000 0.0000 280.0000
20345.6569 312527.3394 430.7356 300201.092710000 -0.0000 0.0000 280.0000
20345.7311 312527.3524 430.7627 300201.102710000 -0.0000 0.0000 280.0000
20345.8052 312527.3655 430.7898 300201.112710000 -0.0000 0.0000 280.0000
20345.8793 312527.3786 430.8169 300201.122710000 -0.0000 0.0000 280.0000
20345.9534 312527.3916 430.8441 300201.132710000 -0.0000 0.0000 280.0000
20346.0275 312527.4047 430.8712 300201.142710000 -0.0000 0.0000 280.0000
20346.1017 312527.4178 430.8983 300201.152710000 -0.0000 0.0000 280.0000
20346.1758 312527.4308 430.9254 300201.162710000 -0.0000 0.0000 280.0000
20346.2499 312527.4439 430.9526 300201.172710000 -0.0000 0.0000 280.0000
20346.3240 312527.4570 430.9797 300201.182710000 -0.0000 0.0000 280.0000
20346.3981 312527.4701 431.0068 300201.192710000 -0.0000 0.0000 280.0000
20346.4722 312527.4831 431.0339 300201.202710000 -0.0000 0.0000 280.0000
20346.5464 312527.4962 431.0611 300201.212710000 -0.0000 0.0000 280.0000
20346.6205 312527.5093 431.0882 300201.222710000 -0.0000 0.0000 280.0000
20346.6946 312527.5223 431.1153 300201.232710000 -0.0000 0.0000 280.0000
20346.7687 312527.5354 431.1424 300201.242710000 -0.0000 0.0000 280.0000
20346.8428 312527.5485 431.1696 300201.252710000 -0.0000 0.0000 280.0000
20346.9169 312527.5615 431.1967 300201.262710000 -0.0000 0.0000 280.0000
20346.9911 312527.5746 431.2238 300201.272710000 -0.0000 0.0000 280.0000
20347.0652 312527.5877 431.2509 300201.282710000 -0.0000 0.0000 280.0000
20347.1393 312527.6007 431.2781 300201.292710000 -0.0000 0.0000 280.0000
20347.2134 312527.6138 431.3052 300201.302710000 -0.0000 0.0000 280.0000
20347.2875 312527.6269 431.3323 300201.312710000 -0.0000 0.0000 280.0000
20347.3617 312527.6400 431.3594 300201.322710000 -0.0000 0.0000 280.0000
20347.4358 312527.6530 431.3865 300201.332710000 -0.0000 0.0000 280.0000
20347.5099 312527.6661 431.4137 300201.342710000 -0.0000 0.0000 280.0000
20347.5840 312527.6792 431.4408 300201.352710000 -0.0000 0.0000 280.0000
20347.6581 312527.6922 431.4679 300201.362710000 -0.0000 0.0000 280.0000
20347.7322 312527.7053 431.4950 300201.372710000 -0.0000 0.0000 280.0000
20347.8064 312527.7184 431.5222 300201.382710000 -0.0000 0.0000 280.0000
20347.8805 312527.7314 431.5493 300201.392710000 -0.0000 0.0000 280.0000
20347.9546 312527.7445 431.5764 300201.402710000 -0.0000 0.0000 280.0000
20348.0287 312527.7576 431.6035 300201.412710000 -0.0000 0.0000 280.0000
20348.1028 312527.7706 431.6307 300201.422710000 -0.0000 0.0000 280.0000
20348.1770 312527.7837 431.6578 300201.432710000 -0.0000 0.0000 280.0000
20348.2511 312527.7968 431.6849 300201.442710000 -0.0000 0.0000 280.0000
20348.3252 312527.8098 431.7120 300201.452710000 -0.0000 0.0000 280.0000
20348.3993 312527.8229 431.7392 300201.462710000 -0.0000 0.0000 280.0000
20348.4734 312527.8360 431.7663 300201.472710000 -0.0000 0.0000 280.0000
20348.5475 312527.8491 431.7934 300201.482710000 -0.0000 0.0000 280.0000
20348.6217 312527.8621 431.8205 300201.492710000 -0.0000 0.0000 280.0000
20348.6958 312527.8752 431.8477 300201.502710000 -0.0000 0.0000 280.0000
20348.7699 312527.8883 431.8748 300201.512710000 -0.0000 0.0000 280.0000
20348.8440 312527.9013 431.9019 300201.522710000 -0.0000 0.0000 280.0000
20348.9181 312527.9144 431.9290 300201.532710000 -0.0000 0.0000 280.0000
20348.9923 312527.9275 431.9562 300201.542710000 -0.0000 0.0000 280.0000
20349.0664 312527.9405 431.9833 300201.552710000 -0.0000 0.0000 280.0000
20349.1405 312527.9536 432.0104 300201.562710000 -0.0000 0.0000 280.0000
20349.2146 312527.9667 432.0375 300201.572710000 -0.0000 0.0000 280.0000
20349.2887 312527.9797 432.0647 300201.582710000 -0.0000 0.0000 280.0000
20349.3628 312527.9928 432.0918 300201.592710000 -0.0000 0.0000 280.0000
20349.4370 312528.0059 432.1189 300201.602710000 -0.0000 0.0000 280.0000
20349.5111 312528.0190 432.1460 300201.612710000 -0.0000 0.0000 280.0000
20349.5852 312528.0320 432.1732 300201.622710000 -0.0000 0.0000 280.0000
20349.6593 312528.0451 432.2003 300201.632710000 -0.0000 0.0000 280.0000
20349.7334 312528.0582 432.2274 300201.642710000 -0.0000 0.0000 280.0000
20349.8076 312528.0712 432.2545 300201.652710000 -0.0000 0.0000 280.0000
20349.8817 312528.0843 432.2816 300201.662710000 -0.0000 0.0000 280.0000
20349.9558 312528.0974 432.3088 300201.672710000 -0.0000 0.0000 280.0000
20350.0299 312528.1104 432.3359 300201.682710000 -0.0000 0.0000 280.0000
20350.1040 312528.1235 432.3630 300201.692710000 -0.0000 0.0000 280.0000
20350.1781 312528.1366 432.3901 300201.702710000 -0.0000 0.0000 280.0000
20350.2523 312528.1496 432.4173 300201.712710000 -0.0000 0.0000 280.0000
20350.3264 312528.1627 432.4444 300201.722710000 -0.0000 0.0000 280.0000
20350.4005 312528.1758 432.4715 300201.732710000 -0.0000 0.0000 280.0000
20350.4746 312528.1888 432.4986 300201.742710000 -0.0000 0.0000 280.0000
20350.5487 312528.2019 432.5258 300201.752710000 -0.0000 0.0000 280.0000
20350.6228 312528.2150 432.5529 300201.762710000 -0.0000 0.0000 280.0000
20350.6970 312528.2281 432.5800 300201.772710000 -0.0000 0.0000 280.0000
20350.7711 312528.2411 432.6071 300201.782710000 -0.0000 0.0000 280.0000
20350.8452 312528.2542 432.6343 300201.792710000 -0.0000 0.0000 280.0000
20350.9193 312528.2673 432.6614 300201.802710000 -0.0000 0.0000 280.0000
20350.9934 312528.2803 432.6885 300201.812710000 -0.0000 0.0000 280.0000
20351.0676 312528.2934 432.7156 300201.822710000 -0.0000 0.0000 280.0000
20351.1417 312528.3065 432.7428 300201.832710000 -0.0000 0.0000 280.0000
20351.2158 312528.3195 432.7699 300201.842710000 -0.0000 0.0000 280.0000
20351.2899 312528.3326 432.7970 300201.852710000 -0.0000 0.0000 280.0000
20351.3640 312528.3457 432.8241 300201.862710000 -0.0000 0.0000 280.0000
20351.4381 312528.3587 432.8513 300201.872710000 -0.0000 0.0000 280.0000
20351.5123 312528.3718 432.8784 300201.882710000 -0.0000 0.0000 280.0000
20351.5864 312528.3849 432.9055 300201.892710000 -0.0000 0.0000 280.0000
20351.6605 312528.3980 432.9326 300201.902710000 -0.0000 0.0000 280.0000
20351.7346 312528.4110 432.9598 300201.912710000 -0.0000 0.0000 280.0000
20351.8087 312528.4241 432.9869 300201.922710000 -0.0000 0.0000 280.0000
20351.8829 312528.4372 433.0140 300201.932710000 -0.0000 0.0000 280.0000
20351.9570 312528.4502 433.0411 300201.942710000 -0.0000 0.0000 280.0000
20352.0311 312528.4633 433.0683 300201.952710000 -0.0000 0.0000 280.0000
20352.1052 312528.4764 433.0954 300201.962710000 -0.0000 0.0000 280.0000
20352.1793 312528.4894 433.1225 300201.972710000 -0.0000 0.0000 280.0000
20352.2534 312528.5025 433.1496 300201.982710000 -0.0000 0.0000 280.0000
20352.3276 312528.5156 433.1767 300201.992710000 -0.0000 0.0000 280.0000
20352.4017 312528.5286 433.2039 300202.002710000 -0.0000 0.0000 280.0000
20352.4758 312528.5417 433.2310 300202.012710000 -0.0000 0.0000 280.0000
20352.5499 312528.5548 433.2581 300202.022710000 -0.0000 0.0000 280.0000
20352.6240 312528.5678 433.2852 300202.032710000 -0.0000 0.0000 280.0000
20352.6982 312528.5809 433.3124 300202.042710000 -0.0000 0.0000 280.0000
20352.7723 312528.5940 433.3395 300202.052710000 -0.0000 0.0000 280.0000
20352.8464 312528.6071 433.3666 300202.062710000 -0.0000 0.0000 280.0000
20352.9205 312528.6201 433.3937 300202.072710000 -0.0000 0.0000 280.0000
20352.9946 312528.6332 433.4209 300202.082710000 -0.0000 0.0000 280.0000
20353.0687 312528.6463 433.4480 300202.092710000 -0.0000 0.0000 280.0000
20353.1429 312528.6593 433.4751 300202.102710000 -0.0000 0.0000 280.0000
20353.2170 312528.6724 433.5022 300202.112710000 -0.0000 0.0000 280.0000
20353.2911 312528.6855 433.5294 300202.122710000 -0.0000 0.0000 280.0000
20353.3652 312528.6985 433.5565 300202.132710000 -0.0000 0.0000 280.0000
20353.4393 312528.7116 433.5836 300202.142710000 -0.0000 0.0000 280.0000
20353.5135 312528.7247 433.6107 300202.152710000 -0.0000 0.0000 280.0000
20353.5876 312528.7377 433.6379 300202.162710000 -0.0000 0.0000 280.0000
20353.6617 312528.7508 433.6650 300202.172710000 -0.0000 0.0000 280.0000
20353.7358 312528.7639 433.6921 300202.182710000 -0.0000 0.0000 280.0000
20353.8099 312528.7770 433.7192 300202.192710000 -0.0000 0.0000 280.0000
20353.8840 312528.7900 433.7464 300202.202710000 -0.0000 0.0000 280.0000
20353.9582 312528.8031 433.7735 300202.212710000 -0.0000 0.0000 280.0000
20354.0323 312528.8162 433.8006 300202.222710000 -0.0000 0.0000 280.0000
20354.1064 312528.8292 433.8277 300202.232710000 -0.0000 0.0000 280.0000
20354.1805 312528.8423 433.8549 300202.242710000 -0.0000 0.0000 280.0000
20354.2546 312528.8554 433.8820 300202.252710000 -0.0000 0.0000 280.0000
20354.3287 312528.8684 433.9091 300202.262710000 -0.0000 0.0000 280.0000
20354.4029 312528.8815 433.9362 300202.272710000 -0.0000 0.0000 280.0000
20354.4770 312528.8946 433.9633 300202.282710000 -0.0000 0.0000 280.0000
20354.5511 312528.9076 433.9905 300202.292710000 -0.0000 0.0000 280.0000
20354.6252 312528.9207 434.0176 300202.302710000 -0.0000 0.0000 280.0000
20354.6993 312528.9338 434.0447 300202.312710000 -0.0000 0.0000 280.0000
20354.7735 312528.9469 434.0718 300202.322710000 -0.0000 0.0000 280.0000
20354.8476 312528.9599 434.0990 300202.332710000 -0.0000 0.0000 280.0000
20354.9217 312528.9730 434.1261 300202.342710000 -0.0000 0.0000 280.0000
20354.9958 312528.9861 434.1532 300202.352710000 -0.0000 0.0000 280.0000
20355.0699 312528.9991 434.1803 300202.362710000 -0.0000 0.0000 280.0000
20355.1440 312529.0122 434.2075 300202.372710000 -0.0000 0.0000 280.0000
20355.2182 312529.0253 434.2346 300202.382710000 -0.0000 0.0000 280.0000
20355.2923 312529.0383 434.2617 300202.392710000 -0.0000 0.0000 280.0000
20355.3664 312529.0514 434.2888 300202.402710000 -0.0000 0.0000 280.0000
20355.4405 312529.0645 434.3160 300202.412710000 -0.0000 0.0000 280.0000
20355.5146 312529.0775 434.3431 300202.422710000 -0.0000 0.0000 280.0000
20355.5888 312529.0906 434.3702 300202.432710000 -0.0000 0.0000 280.0000
20355.6629 312529.1037 434.3973 300202.442710000 -0.0000 0.0000 280.0000
20355.7370 312529.1167 434.4245 300202.452710000 -0.0000 0.0000 280.0000
20355.8111 312529.1298 434.4516 300202.462710000 -0.0000 0.0000 280.0000
20355.8852 312529.1429 434.4787 300202.472710000 -0.0000 0.0000 280.0000
20355.9593 312529.1560 434.5058 300202.482710000 -0.0000 0.0000 280.0000
20356.0335 312529.1690 434.5330 300202.492710000 -0.0000 0.0000 280.0000
20356.1076 312529.1821 434.5601 300202.502710000 -0.0000 0.0000 280.0000
20356.1817 312529.1952 434.5872 300202.512710000 -0.0000 0.0000 280.0000
20356.2558 312529.2082 434.6143 300202.522710000 -0.0000 0.0000 280.0000
20356.3299 312529.2213 434.6415 300202.532710000 -0.0000 0.0000 280.0000
20356.4041 312529.2344 434.6686 300202.542710000 -0.0000 0.0000 280.0000
20356.4782 312529.2474 434.6957 300202.552710000 -0.0000 0.0000 280.0000
20356.5523 312529.2605 434.7228 300202.562710000 -0.0000 0.0000 280.0000
20356.6264 312529.2736 434.7500 300202.572710000 -0.0000 0.0000 280.0000
20356.7005 312529.2866 434.7771 300202.582710000 -0.0000 0.0000 280.0000
20356.7746 312529.2997 434.8042 300202.592710000 -0.0000 0.0000 280.0000
20356.8488 312529.3128 434.8313 300202.602710000 -0.0000 0.0000 280.0000
20356.9229 312529.3259 434.8584 300202.612710000 -0.0000 0.0000 280.0000
20356.9970 312529.3389 434.8856 300202.622710000 -0.0000 0.0000 280.0000
20357.0711 312529.3520 434.9127 300202.632710000 -0.0000 0.0000 280.0000
20357.1452 312529.3651 434.9398 300202.642710000 -0.0000 0.0000 280.0000
20357.2194 312529.3781 434.9669 300202.652710000 -0.0000 0.0000 280.0000
20357.2935 312529.3912 434.9941 300202.662710000 -0.0000 0.0000 280.0000
20357.3676 312529.4043 435.0212 300202.672710000 -0.0000 0.0000 280.0000
20357.4417 312529.4173 435.0483 300202.682710000 -0.0000 0.0000 280.0000
20357.5158 312529.4304 435.0754 300202.692710000 -0.0000 0.0000 280.0000
20357.5899 312529.4435 435.1026 300202.702710000 -0.0000 0.0000 280.0000
20357.6641 312529.4565 435.1297 300202.712710000 -0.0000 0.0000 280.0000
20357.7382 312529.4696 435.1568 300202.722710000 -0.0000 0.0000 280.0000
20357.8123 312529.4827 435.1839 300202.732710000 -0.0000 0.0000 280.0000
20357.8864 312529.4957 435.2111 300202.742710000 -0.0000 0.0000 280.0000
20357.9605 312529.5088 435.2382 300202.752710000 -0.0000 0.0000 280.0000
20358.0346 312529.5219 435.2653 300202.762710000 -0.0000 0.0000 280.0000
20358.1088 312529.5350 435.2924 300202.772710000 -0.0000 0.0000 280.0000
20358.1829 312529.5480 435.3196 300202.782710000 -0.0000 0.0000 280.0000
20358.2570 312529.5611 435.3467 300202.792710000 -0.0000 0.0000 280.0000
20358.3311 312529.5742 435.3738 300202.802710000 -0.0000 0.0000 280.0000
20358.4052 312529.5872 435.4009 300202.812710000 -0.0000 0.0000 280.0000
20358.4794 312529.6003 435.4281 300202.822710000 -0.0000 0.0000 280.0000
20358.5535 312529.6134 435.4552 300202.832710000 -0.0000 0.0000 280.0000
20358.6276 312529.6264 435.4823 300202.842710000 -0.0000 0.0000 280.0000
20358.7017 312529.6395 435.5094 300202.852710000 -0.0000 0.0000 280.0000
20358.7758 312529.6526 435.5366 300202.862710000 -0.0000 0.0000 280.0000
20358.8499 312529.6656 435.5637 300202.872710000 -0.0000 0.0000 280.0000
20358.9241 312529.6787 435.5908 300202.882710000 -0.0000 0.0000 280.0000
20358.9982 312529.6918 435.6179 300202.892710000 -0.0000 0.0000 280.0000
20359.0723 312529.7049 435.6451 300202.902710000 -0.0000 0.0000 280.0000
20359.1464 312529.7179 435.6722 300202.912710000 -0.0000 0.0000 280.0000
20359.2205 312529.7310 435.6993 300202.922710000 -0.0000 0.0000 280.0000
20359.2947 312529.7441 435.7264 300202.932710000 -0.0000 0.0000 280.0000
20359.3688 312529.7571 435.7535 300202.942710000 -0.0000 0.0000 280.0000
20359.4429 312529.7702 435.7807 300202.952710000 -0.0000 0.0000 280.0000
20359.5170 312529.7833 435.8078 300202.962710000 -0.0000 0.0000 280.0000
20359.5911 312529.7963 435.8349 300202.972710000 -0.0000 0.0000 280.0000
20359.6652 312529.8094 435.8620 300202.982710000 -0.0000 0.0000 280.0000
20359.7394 312529.8225 435.8892 300202.992710000 -0.0000 0.0000 280.0000
20359.8135 312529.8355 435.9163 300203.002710000 -0.0000 0.0000 280.0000
20359.8876 312529.8486 435.9434 300203.012710000 -0.0000 0.0000 280.0000
20359.9617 312529.8617 435.9705 300203.022710000 -0.0000 0.0000 280.0000
20360.0358 312529.8747 435.9977 300203.032710000 -0.0000 0.0000 280.0000
20360.1100 312529.8878 436.0248 300203.042710000 -0.0000 0.0000 280.0000
20360.1841 312529.9009 436.0519 300203.052710000 -0.0000 0.0000 280.0000
20360.2582 312529.9140 436.0790 300203.062710000 -0.0000 0.0000 280.0000
20360.3323 312529.9270 436.1062 300203.072710000 -0.0000 0.0000 280.0000
20360.4064 312529.9401 436.1333 300203.082710000 -0.0000 0.0000 280.0000
20360.4805 312529.9532 436.1604 300203.092710000 -0.0000 0.0000 280.0000
20360.5547 312529.9662 436.1875 300203.102710000 -0.0000 0.0000 280.0000
20360.6288 312529.9793 436.2147 300203.112710000 -0.0000 0.0000 280.0000
20360.7029 312529.9924 436.2418 300203.122710000 -0.0000 0.0000 280.0000
20360.7770 312530.0054 436.2689 300203.132710000 -0.0000 0.0000 280.0000
20360.8511 312530.0185 436.2960 300203.142710000 -0.0000 0.0000 280.0000
20360.9253 312530.0316 436.3232 300203.152710000 -0.0000 0.0000 280.0000
20360.9994 312530.0446 436.3503 300203.162710000 -0.0000 0.0000 280.0000
20361.0735 312530.0577 436.3774 300203.172710000 -0.0000 0.0000 280.0000
20361.1476 312530.0708 436.4045 300203.182710000 -0.0000 0.0000 280.0000
20361.2217 312530.0839 436.4317 300203.192710000 -0.0000 0.0000 280.0000
20361.2958 312530.0969 436.4588 300203.202710000 -0.0000 0.0000 280.0000
20361.3700 312530.1100 436.4859 300203.212710000 -0.0000 0.0000 280.0000
20361.4441 312530.1231 436.5130 300203.222710000 -0.0000 0.0000 280.0000
20361.5182 312530.1361 436.5401 300203.232710000 -0.0000 0.0000 280.0000
20361.5923 312530.1492 436.5673 300203.242710000 -0.0000 0.0000 280.0000
20361.6664 312530.1623 436.5944 300203.252710000 -0.0000 0.0000 280.0000
20361.7405 312530.1753 436.6215 300203.262710000 -0.0000 0.0000 280.0000
20361.8147 312530.1884 436.6486 300203.272710000 -0.0000 0.0000 280.0000
20361.8888 312530.2015 436.6758 300203.282710000 -0.0000 0.0000 280.0000
20361.9629 312530.2145 436.7029 300203.292710000 -0.0000 0.0000 280.0000
20362.0370 312530.2276 436.7300 300203.302710000 -0.0000 0.0000 280.0000
20362.1111 312530.2407 436.7571 300203.312710000 -0.0000 0.0000 280.0000
20362.1853 312530.2537 436.7843 300203.322710000 -0.0000 0.0000 280.0000
20362.2594 312530.2668 436.8114 300203.332710000 -0.0000 0.0000 280.0000
20362.3335 312530.2799 436.8385 300203.342710000 -0.0000 0.0000 280.0000
20362.4076 312530.2930 436.8656 300203.352710000 -0.0000 0.0000 280.0000
20362.4817 312530.3060 436.8928 300203.362710000 -0.0000 0.0000 280.0000
20362.5558 312530.3191 436.9199 300203.372710000 -0.0000 0.0000 280.0000
20362.6300 312530.3322 436.9470 300203.382710000 -0.0000 0.0000 280.0000
20362.7041 312530.3452 436.9741 300203.392710000 -0.0000 0.0000 280.0000
20362.7782 312530.3583 437.0013 300203.402710000 -0.0000 0.0000 280.0000
20362.8523 312530.3714 437.0284 300203.412710000 -0.0000 0.0000 280.0000
20362.9264 312530.3844 437.0555 300203.422710000 -0.0000 0.0000 280.0000
20363.0006 312530.3975 437.0826 300203.432710000 -0.0000 0.0000 280.0000
20363.0747 312530.4106 437.1098 300203.442710000 -0.0000 0.0000 280.0000
20363.1488 312530.4236 437.1369 300203.452710000 -0.0000 0.0000 280.0000
20363.2229 312530.4367 437.1640 300203.462710000 -0.0000 0.0000 280.0000
20363.2970 312530.4498 437.1911 300203.472710000 -0.0000 0.0000 280.0000
20363.3711 312530.4629 437.2183 300203.482710000 -0.0000 0.0000 280.0000
20363.4453 312530.4759 437.2454 300203.492710000 -0.0000 0.0000 280.0000
20363.5194 312530.4890 437.2725 300203.502710000 -0.0000 0.0000 280.0000
20363.5935 312530.5021 437.2996 300203.512710000 -0.0000 0.0000 280.0000
20363.6676 312530.5151 437.3268 300203.522710000 -0.0000 0.0000 280.0000
20363.7417 312530.5282 437.3539 300203.532710000 -0.0000 0.0000 280.0000
20363.8159 312530.5413 437.3810 300203.542710000 -0.0000 0.0000 280.0000
20363.8900 312530.5543 437.4081 300203.552710000 -0.0000 0.0000 280.0000
20363.9641 312530.5674 437.4352 300203.562710000 -0.0000 0.0000 280.0000
20364.0382 312530.5805 437.4624 300203.572710000 -0.0000 0.0000 280.0000
20364.1123 312530.5935 437.4895 300203.582710000 -0.0000 0.0000 280.0000
20364.1864 312530.6066 437.5166 300203.592710000 -0.0000 0.0000 280.0000
20364.2606 312530.6197 437.5437 300203.602710000 -0.0000 0.0000 280.0000
20364.3347 312530.6328 437.5709 300203.612710000 -0.0000 0.0000 280.0000
20364.4088 312530.6458 437.5980 300203.622710000 -0.0000 0.0000 280.0000
20364.4829 312530.6589 437.6251 300203.632710000 -0.0000 0.0000 280.0000
20364.5570 312530.6720 437.6522 300203.642710000 -0.0000 0.0000 280.0000
20364.6312 312530.6850 437.6794 300203.652710000 -0.0000 0.0000 280.0000
20364.7053 312530.6981 437.7065 300203.662710000 -0.0000 0.0000 280.0000
20364.7794 312530.7112 437.7336 300203.672710000 -0.0000 0.0000 280.0000
20364.8535 312530.7242 437.7607 300203.682710000 -0.0000 0.0000 280.0000
20364.9276 312530.7373 437.7879 300203.692710000 -0.0000 0.0000 280.0000
20365.0017 312530.7504 437.8150 300203.702710000 -0.0000 0.0000 280.0000
20365.0759 312530.7634 437.8421 300203.712710000 -0.0000 0.0000 280.0000
20365.1500 312530.7765 437.8692 300203.722710000 -0.0000 0.0000 280.0000
20365.2241 312530.7896 437.8964 300203.732710000 -0.0000 0.0000 280.0000
20365.2982 312530.8026 437.9235 300203.742710000 -0.0000 0.0000 280.0000
20365.3723 312530.8157 437.9506 300203.752710000 -0.0000 0.0000 280.0000
20365.4465 312530.8288 437.9777 300203.762710000 -0.0000 0.0000 280.0000
20365.5206 312530.8419 438.0049 300203.772710000 -0.0000 0.0000 280.0000
20365.5947 312530.8549 438.0320 300203.782710000 -0.0000 0.0000 280.0000
20365.6688 312530.8680 438.0591 300203.792710000 -0.0000 0.0000 280.0000
20365.7429 312530.8811 438.0862 300203.802710000 -0.0000 0.0000 280.0000
20365.8170 312530.8941 438.1134 300203.812710000 -0.0000 0.0000 280.0000
20365.8912 312530.9072 438.1405 300203.822710000 -0.0000 0.0000 280.0000
20365.9653 312530.9203 438.1676 300203.832710000 -0.0000 0.0000 280.0000
20366.0394 312530.9333 438.1947 300203.842710000 -0.0000 0.0000 280.0000
20366.1135 312530.9464 438.2218 300203.852710000 -0.0000 0.0000 280.0000
20366.1876 312530.9595 438.2490 300203.862710000 -0.0000 0.0000 280.0000
20366.2617 312530.9725 438.2761 300203.872710000 -0.0000 0.0000 280.0000
20366.3359 312530.9856 438.3032 300203.882710000 -0.0000 0.0000 280.0000
20366.4100 312530.9987 438.3303 300203.892710000 -0.0000 0.0000 280.0000
20366.4841 312531.0118 438.3575 300203.902710000 -0.0000 0.0000 280.0000
20366.5582 312531.0248 438.3846 300203.912710000 -0.0000 0.0000 280.0000
20366.6323 312531.0379 438.4117 300203.922710000 -0.0000 0.0000 280.0000
20366.7065 312531.0510 438.4388 300203.932710000 -0.0000 0.0000 280.0000
20366.7806 312531.0640 438.4660 300203.942710000 -0.0000 0.0000 280.0000
20366.8547 312531.0771 438.4931 300203.952710000 -0.0000 0.0000 280.0000
20366.9288 312531.0902 438.5202 300203.962710000 -0.0000 0.0000 280.0000
20367.0029 312531.1032 438.5473 300203.972710000 -0.0000 0.0000 280.0000
20367.0770 312531.1163 438.5745 300203.982710000 -0.0000 0.0000 280.0000
20367.1512 312531.1294 438.6016 300203.992710000 -0.0000 0.0000 280.0000
20367.2253 312531.1424 438.6287 300204.002710000 -0.0000 0.0000 280.0000
20367.2994 312531.1555 438.6558 300204.012710000 -0.0000 0.0000 280.0000
20367.3735 312531.1686 438.6830 300204.022710000 -0.0000 0.0000 280.0000
20367.4476 312531.1816 438.7101 300204.032710000 -0.0000 0.0000 280.0000
20367.5218 312531.1947 438.7372 300204.042710000 -0.0000 0.0000 280.0000
20367.5959 312531.2078 438.7643 300204.052710000 -0.0000 0.0000 280.0000
20367.6700 312531.2209 438.7915 300204.062710000 -0.0000 0.0000 280.0000
20367.7441 312531.2339 438.8186 300204.072710000 -0.0000 0.0000 280.0000
20367.8182 312531.2470 438.8457 300204.082710000 -0.0000 0.0000 280.0000
20367.8923 312531.2601 438.8728 300204.092710000 -0.0000 0.0000 280.0000
20367.9665 312531.2731 438.9000 300204.102710000 -0.0000 0.0000 280.0000
20368.0406 312531.2862 438.9271 300204.112710000 -0.0000 0.0000 280.0000
20368.1147 312531.2993 438.9542 300204.122710000 -0.0000 0.0000 280.0000
20368.1888 312531.3123 438.9813 300204.132710000 -0.0000 0.0000 280.0000
20368.2629 312531.3254 439.0085 300204.142710000 -0.0000 0.0000 280.0000
20368.3371 312531.3385 439.0356 300204.152710000 -0.0000 0.0000 280.0000
20368.4112 312531.3515 439.0627 300204.162710000 -0.0000 0.0000 280.0000
20368.4853 312531.3646 439.0898 300204.172710000 -0.0000 0.0000 280.0000
20368.5594 312531.3777 439.1169 300204.182710000 -0.0000 0.0000 280.0000
20368.6335 312531.3908 439.1441 300204.192710000 -0.0000 0.0000 280.0000
20368.7076 312531.4038 439.1712 300204.202710000 -0.0000 0.0000 280.0000
20368.7818 312531.4169 439.1983 300204.212710000 -0.0000 0.0000 280.0000
20368.8559 312531.4300 439.2254 300204.222710000 -0.0000 0.0000 280.0000
20368.9300 312531.4430 439.2526 300204.232710000 -0.0000 0.0000 280.0000
20369.0041 312531.4561 439.2797 300204.242710000 -0.0000 0.0000 280.0000
20369.0782 312531.4692 439.3068 300204.252710000 -0.0000 0.0000 280.0000
20369.1524 312531.4822 439.3339 300204.262710000 -0.0000 0.0000 280.0000
20369.2265 312531.4953 439.3611 300204.272710000 -0.0000 0.0000 280.0000
20369.3006 312531.5084 439.3882 300204.282710000 -0.0000 0.0000 280.0000
20369.3747 312531.5214 439.4153 300204.292710000 -0.0000 0.0000 280.0000
20369.4488 312531.5345 439.4424 300204.302710000 -0.0000 0.0000 280.0000
20369.5229 312531.5476 439.4696 300204.312710000 -0.0000 0.0000 280.0000
20369.5971 312531.5606 439.4967 300204.322710000 -0.0000 0.0000 280.0000
20369.6712 312531.5737 439.5238 300204.332710000 -0.0000 0.0000 280.0000
20369.7453 312531.5868 439.5509 300204.342710000 -0.0000 0.0000 280.0000
20369.8194 312531.5999 439.5781 300204.352710000 -0.0000 0.0000 280.0000
20369.8935 312531.6129 439.6052 300204.362710000 -0.0000 0.0000 280.0000
20369.9676 312531.6260 439.6323 300204.372710000 -0.0000 0.0000 280.0000
20370.0418 312531.6391 439.6594 300204.382710000 -0.0000 0.0000 280.0000
20370.1159 312531.6521 439.6866 300204.392710000 -0.0000 0.0000 280.0000
20370.1900 312531.6652 439.7137 300204.402710000 -0.0000 0.0000 280.0000
20370.2641 312531.6783 439.7408 300204.412710000 -0.0000 0.0000 280.0000
20370.3382 312531.6913 439.7679 300204.422710000 -0.0000 0.0000 280.0000
20370.4124 312531.7044 439.7951 300204.432710000 -0.0000 0.0000 280.0000
20370.4865 312531.7175 439.8222 300204.442710000 -0.0000 0.0000 280.0000
20370.5606 312531.7305 439.8493 300204.452710000 -0.0000 0.0000 280.0000
20370.6347 312531.7436 439.8764 300204.462710000 -0.0000 0.0000 280.0000
20370.7088 312531.7567 439.9036 300204.472710000 -0.0000 0.0000 280.0000
20370.7829 312531.7698 439.9307 300204.482710000 -0.0000 0.0000 280.0000
20370.8571 312531.7828 439.9578 300204.492710000 -0.0000 0.0000 280.0000
20370.9312 312531.7959 439.9849 300204.502710000 -0.0000 0.0000 280.0000
20371.0053 312531.8090 440.0120 300204.512710000 -0.0000 0.0000 280.0000
20371.0794 312531.8220 440.0392 300204.522710000 -0.0000 0.0000 280.0000
20371.1535 312531.8351 440.0663 300204.532710000 -0.0000 0.0000 280.0000
20371.2277 312531.8482 440.0934 300204.542710000 -0.0000 0.0000 280.0000
20371.3018 312531.8612 440.1205 300204.552710000 -0.0000 0.0000 280.0000
20371.3759 312531.8743 440.1477 300204.562710000 -0.0000 0.0000 280.0000
20371.4500 312531.8874 440.1748 300204.572710000 -0.0000 0.0000 280.0000
20371.5241 312531.9004 440.2019 300204.582710000 -0.0000 0.0000 280.0000
20371.5982 312531.9135 440.2290 300204.592710000 -0.0000 0.0000 280.0000
20371.6724 312531.9266 440.2562 300204.602710000 -0.0000 0.0000 280.0000
20371.7465 312531.9396 440.2833 300204.612710000 -0.0000 0.0000 280.0000
20371.8206 312531.9527 440.3104 300204.622710000 -0.0000 0.0000 280.0000
20371.8947 312531.9658 440.3375 300204.632710000 -0.0000 0.0000 280.0000
20371.9688 312531.9789 440.3647 300204.642710000 -0.0000 0.0000 280.0000
20372.0430 312531.9919 440.3918 300204.652710000 -0.0000 0.0000 280.0000
20372.1171 312532.0050 440.4189 300204.662710000 -0.0000 0.0000 280.0000
20372.1912 312532.0181 440.4460 300204.672710000 -0.0000 0.0000 280.0000
20372.2653 312532.0311 440.4732 300204.682710000 -0.0000 0.0000 280.0000
20372.3394 312532.0442 440.5003 300204.692710000 -0.0000 0.0000 280.0000
20372.4135 312532.0573 440.5274 300204.702710000 -0.0000 0.0000 280.0000
20372.4877 312532.0703 440.5545 300204.712710000 -0.0000 0.0000 280.0000
20372.5618 312532.0834 440.5817 300204.722710000 -0.0000 0.0000 280.0000
20372.6359 312532.0965 440.6088 300204.732710000 -0.0000 0.0000 280.0000
20372.7100 312532.1095 440.6359 300204.742710000 -0.0000 0.0000 280.0000
20372.7841 312532.1226 440.6630 300204.752710000 -0.0000 0.0000 280.0000
20372.8583 312532.1357 440.6902 300204.762710000 -0.0000 0.0000 280.0000
20372.9324 312532.1488 440.7173 300204.772710000 -0.0000 0.0000 280.0000
20373.0065 312532.1618 440.7444 300204.782710000 -0.0000 0.0000 280.0000
20373.0806 312532.1749 440.7715 300204.792710000 -0.0000 0.0000 280.0000
20373.1547 312532.1880 440.7986 300204.802710000 -0.0000 0.0000 280.0000
20373.2288 312532.2010 440.8258 300204.812710000 -0.0000 0.0000 280.0000
20373.3030 312532.2141 440.8529 300204.822710000 -0.0000 0.0000 280.0000
20373.3771 312532.2272 440.8800 300204.832710000 -0.0000 0.0000 280.0000
20373.4512 312532.2402 440.9071 300204.842710000 -0.0000 0.0000 280.0000
20373.5253 312532.2533 440.9343 300204.852710000 -0.0000 0.0000 280.0000
20373.5994 312532.2664 440.9614 300204.862710000 -0.0000 0.0000 280.0000
20373.6735 312532.2794 440.9885 300204.872710000 -0.0000 0.0000 280.0000
20373.7477 312532.2925 441.0156 300204.882710000 -0.0000 0.0000 280.0000
20373.8218 312532.3056 441.0428 300204.892710000 -0.0000 0.0000 280.0000
20373.8959 312532.3187 441.0699 300204.902710000 -0.0000 0.0000 280.0000
20373.9700 312532.3317 441.0970 300204.912710000 -0.0000 0.0000 280.0000
20374.0441 312532.3448 441.1241 300204.922710000 -0.0000 0.0000 280.0000
20374.1183 312532.3579 441.1513 300204.932710000 -0.0000 0.0000 280.0000
20374.1924 312532.3709 441.1784 300204.942710000 -0.0000 0.0000 280.0000
20374.2665 312532.3840 441.2055 300204.952710000 -0.0000 0.0000 280.0000
20374.3406 312532.3971 441.2326 300204.962710000 -0.0000 0.0000 280.0000
20374.4147 312532.4101 441.2598 300204.972710000 -0.0000 0.0000 280.0000
20374.4888 312532.4232 441.2869 300204.982710000 -0.0000 0.0000 280.0000
20374.5630 312532.4363 441.3140 300204.992710000 -0.0000 0.0000 280.0000
20374.6371 312532.4493 441.3411 300205.002710000 -0.0000 0.0000 280.0000
20374.7112 312532.4624 441.3683 300205.012710000 -0.0000 0.0000 280.0000
20374.7853 312532.4755 441.3954 300205.022710000 -0.0000 0.0000 280.0000
20374.8594 312532.4885 441.4225 300205.032710000 -0.0000 0.0000 280.0000
20374.9336 312532.5016 441.4496 300205.042710000 -0.0000 0.0000 280.0000
20375.0077 312532.5147 441.4768 300205.052710000 -0.0000 0.0000 280.0000
20375.0818 312532.5278 441.5039 300205.062710000 -0.0000 0.0000 280.0000
20375.1559 312532.5408 441.5310 300205.072710000 -0.0000 0.0000 280.0000
20375.2300 312532.5539 441.5581 300205.082710000 -0.0000 0.0000 280.0000
20375.3041 312532.5670 441.5853 300205.092710000 -0.0000 0.0000 280.0000
20375.3783 312532.5800 441.6124 300205.102710000 -0.0000 0.0000 280.0000
20375.4524 312532.5931 441.6395 300205.112710000 -0.0000 0.0000 280.0000
20375.5265 312532.6062 441.6666 300205.122710000 -0.0000 0.0000 280.0000
20375.6006 312532.6192 441.6937 300205.132710000 -0.0000 0.0000 280.0000
20375.6747 312532.6323 441.7209 300205.142710000 -0.0000 0.0000 280.0000
20375.7489 312532.6454 441.7480 300205.152710000 -0.0000 0.0000 280.0000
20375.8230 312532.6584 441.7751 300205.162710000 -0.0000 0.0000 280.0000
20375.8971 312532.6715 441.8022 300205.172710000 -0.0000 0.0000 280.0000
20375.9712 312532.6846 441.8294 300205.182710000 -0.0000 0.0000 280.0000
20376.0453 312532.6977 441.8565 300205.192710000 -0.0000 0.0000 280.0000
20376.1194 312532.7107 441.8836 300205.202710000 -0.0000 0.0000 280.0000
20376.1936 312532.7238 441.9107 300205.212710000 -0.0000 0.0000 280.0000
20376.2677 312532.7369 441.9379 300205.222710000 -0.0000 0.0000 280.0000
20376.3418 312532.7499 441.9650 300205.232710000 -0.0000 0.0000 280.0000
20376.4159 312532.7630 441.9921 300205.242710000 -0.0000 0.0000 280.0000
20376.4900 312532.7761 442.0192 300205.252710000 -0.0000 0.0000 280.0000
20376.5642 312532.7891 442.0464 300205.262710000 -0.0000 0.0000 280.0000
20376.6383 312532.8022 442.0735 300205.272710000 -0.0000 0.0000 280.0000
20376.7124 312532.8153 442.1006 300205.282710000 -0.0000 0.0000 280.0000
20376.7865 312532.8283 442.1277 300205.292710000 -0.0000 0.0000 280.0000
20376.8606 312532.8414 442.1549 300205.302710000 -0.0000 0.0000 280.0000
20376.9347 312532.8545 442.1820 300205.312710000 -0.0000 0.0000 280.0000
20377.0089 312532.8675 442.2091 300205.322710000 -0.0000 0.0000 280.0000
20377.0830 312532.8806 442.2362 300205.332710000 -0.0000 0.0000 280.0000
20377.1571 312532.8937 442.2634 300205.342710000 -0.0000 0.0000 280.0000
20377.2312 312532.9068 442.2905 300205.352710000 -0.0000 0.0000 280.0000
20377.3053 312532.9198 442.3176 300205.362710000 -0.0000 0.0000 280.0000
20377.3794 312532.9329 442.3447 300205.372710000 -0.0000 0.0000 280.0000
20377.4536 312532.9460 442.3719 300205.382710000 -0.0000 0.0000 280.0000
20377.5277 312532.9590 442.3990 300205.392710000 -0.0000 0.0000 280.0000
20377.6018 312532.9721 442.4261 300205.402710000 -0.0000 0.0000 280.0000
20377.6759 312532.9852 442.4532 300205.412710000 -0.0000 0.0000 280.0000
20377.7500 312532.9982 442.4804 300205.422710000 -0.0000 0.0000 280.0000
20377.8242 312533.0113 442.5075 300205.432710000 -0.0000 0.0000 280.0000
20377.8983 312533.0244 442.5346 300205.442710000 -0.0000 0.0000 280.0000
20377.9724 312533.0374 442.5617 300205.452710000 -0.0000 0.0000 280.0000
20378.0465 312533.0505 442.5888 300205.462710000 -0.0000 0.0000 280.0000
20378.1206 312533.0636 442.6160 300205.472710000 -0.0000 0.0000 280.0000
20378.1947 312533.0767 442.6431 300205.482710000 -0.0000 0.0000 280.0000
20378.2689 312533.0897 442.6702 300205.492710000 -0.0000 0.0000 280.0000
20378.3430 312533.1028 442.6973 300205.502710000 -0.0000 0.0000 280.0000
20378.4171 312533.1159 442.7245 300205.512710000 -0.0000 0.0000 280.0000
20378.4912 312533.1289 442.7516 300205.522710000 -0.0000 0.0000 280.0000
20378.5653 312533.1420 442.7787 300205.532710000 -0.0000 0.0000 280.0000
20378.6395 312533.1551 442.8058 300205.542710000 -0.0000 0.0000 280.0000
20378.7136 312533.1681 442.8330 300205.552710000 -0.0000 0.0000 280.0000
20378.7877 312533.1812 442.8601 300205.562710000 -0.0000 0.0000 280.0000
20378.8618 312533.1943 442.8872 300205.572710000 -0.0000 0.0000 280.0000
20378.9359 312533.2073 442.9143 300205.582710000 -0.0000 0.0000 280.0000
20379.0100 312533.2204 442.9415 300205.592710000 -0.0000 0.0000 280.0000
20379.0842 312533.2335 442.9686 300205.602710000 -0.0000 0.0000 280.0000
20379.1583 312533.2465 442.9957 300205.612710000 -0.0000 0.0000 280.0000
20379.2324 312533.2596 443.0228 300205.622710000 -0.0000 0.0000 280.0000
20379.3065 312533.2727 443.0500 300205.632710000 -0.0000 0.0000 280.0000
20379.3806 312533.2858 443.0771 300205.642710000 -0.0000 0.0000 280.0000
20379.4548 312533.2988 443.1042 300205.652710000 -0.0000 0.0000 280.0000
20379.5289 312533.3119 443.1313 300205.662710000 -0.0000 0.0000 280.0000
20379.6030 312533.3250 443.1585 300205.672710000 -0.0000 0.0000 280.0000
20379.6771 312533.3380 443.1856 300205.682710000 -0.0000 0.0000 280.0000
20379.7512 312533.3511 443.2127 300205.692710000 -0.0000 0.0000 280.0000
20379.8253 312533.3642 443.2398 300205.702710000 -0.0000 0.0000 280.0000
20379.8995 312533.3772 443.2670 300205.712710000 -0.0000 0.0000 280.0000
20379.9736 312533.3903 443.2941 300205.722710000 -0.0000 0.0000 280.0000
20380.0477 312533.4034 443.3212 300205.732710000 -0.0000 0.0000 280.0000
20380.1218 312533.4164 443.3483 300205.742710000 -0.0000 0.0000 280.0000
20380.1959 312533.4295 443.3754 300205.752710000 -0.0000 0.0000 280.0000
20380.2701 312533.4426 443.4026 300205.762710000 -0.0000 0.0000 280.0000
20380.3442 312533.4557 443.4297 300205.772710000 -0.0000 0.0000 280.0000
20380.4183 312533.4687 443.4568 300205.782710000 -0.0000 0.0000 280.0000
20380.4924 312533.4818 443.4839 300205.792710000 -0.0000 0.0000 280.0000
20380.5665 312533.4949 443.5111 300205.802710000 -0.0000 0.0000 280.0000
20380.6406 312533.5079 443.5382 300205.812710000 -0.0000 0.0000 280.0000
20380.7148 312533.5210 443.5653 300205.822710000 -0.0000 0.0000 280.0000
20380.7889 312533.5341 443.5924 300205.832710000 -0.0000 0.0000 280.0000
20380.8630 312533.5471 443.6196 300205.842710000 -0.0000 0.0000 280.0000
20380.9371 312533.5602 443.6467 300205.852710000 -0.0000 0.0000 280.0000
20381.0112 312533.5733 443.6738 300205.862710000 -0.0000 0.0000 280.0000
20381.0853 312533.5863 443.7009 300205.872710000 -0.0000 0.0000 280.0000
20381.1595 312533.5994 443.7281 300205.882710000 -0.0000 0.0000 280.0000
20381.2336 312533.6125 443.7552 300205.892710000 -0.0000 0.0000 280.0000
20381.3077 312533.6255 443.7823 300205.902710000 -0.0000 0.0000 280.0000
20381.3818 312533.6386 443.8094 300205.912710000 -0.0000 0.0000 280.0000
20381.4559 312533.6517 443.8366 300205.922710000 -0.0000 0.0000 280.0000
20381.5301 312533.6648 443.8637 300205.932710000 -0.0000 0.0000 280.0000
20381.6042 312533.6778 443.8908 300205.942710000 -0.0000 0.0000 280.0000
20381.6783 312533.6909 443.9179 300205.952710000 -0.0000 0.0000 280.0000
20381.7524 312533.7040 443.9451 300205.962710000 -0.0000 0.0000 280.0000
20381.8265 312533.7170 443.9722 300205.972710000 -0.0000 0.0000 280.0000
20381.9006 312533.7301 443.9993 300205.982710000 -0.0000 0.0000 280.0000
20381.9748 312533.7432 444.0264 300205.992710000 -0.0000 0.0000 280.0000
20382.0489 312533.7562 444.0536 300206.002710000 -0.0000 0.0000 280.0000
20382.1230 312533.7693 444.0807 300206.012710000 -0.0000 0.0000 280.0000
20382.1971 312533.7824 444.1078 300206.022710000 -0.0000 0.0000 280.0000
20382.2712 312533.7954 444.1349 300206.032710000 -0.0000 0.0000 280.0000
20382.3454 312533.8085 444.1621 300206.042710000 -0.0000 0.0000 280.0000
20382.4195 312533.8216 444.1892 300206.052710000 -0.0000 0.0000 280.0000
20382.4936 312533.8347 444.2163 300206.062710000 -0.0000 0.0000 280.0000
20382.5677 312533.8477 444.2434 300206.072710000 -0.0000 0.0000 280.0000
20382.6418 312533.8608 444.2705 300206.082710000 -0.0000 0.0000 280.0000
20382.7159 312533.8739 444.2977 300206.092710000 -0.0000 0.0000 280.0000
20382.7901 312533.8869 444.3248 300206.102710000 -0.0000 0.0000 280.0000
20382.8642 312533.9000 444.3519 300206.112710000 -0.0000 0.0000 280.0000
20382.9383 312533.9131 444.3790 300206.122710000 -0.0000 0.0000 280.0000
20383.0124 312533.9261 444.4062 300206.132710000 -0.0000 0.0000 280.0000
20383.0865 312533.9392 444.4333 300206.142710000 -0.0000 0.0000 280.0000
20383.1607 312533.9523 444.4604 300206.152710000 -0.0000 0.0000 280.0000
20383.2348 312533.9653 444.4875 300206.162710000 -0.0000 0.0000 280.0000
20383.3089 312533.9784 444.5147 300206.172710000 -0.0000 0.0000 280.0000
20383.3830 312533.9915 444.5418 300206.182710000 -0.0000 0.0000 280.0000
20383.4571 312534.0046 444.5689 300206.192710000 -0.0000 0.0000 280.0000
20383.5312 312534.0176 444.5960 300206.202710000 -0.0000 0.0000 280.0000
20383.6054 312534.0307 444.6232 300206.212710000 -0.0000 0.0000 280.0000
20383.6795 312534.0438 444.6503 300206.222710000 -0.0000 0.0000 280.0000
20383.7536 312534.0568 444.6774 300206.232710000 -0.0000 0.0000 280.0000
20383.8277 312534.0699 444.7045 300206.242710000 -0.0000 0.0000 280.0000
20383.9018 312534.0830 444.7317 300206.252710000 -0.0000 0.0000 280.0000
20383.9760 312534.0960 444.7588 300206.262710000 -0.0000 0.0000 280.0000
20384.0501 312534.1091 444.7859 300206.272710000 -0.0000 0.0000 280.0000
20384.1242 312534.1222 444.8130 300206.282710000 -0.0000 0.0000 280.0000
20384.1983 312534.1352 444.8402 300206.292710000 -0.0000 0.0000 280.0000
20384.2724 312534.1483 444.8673 300206.302710000 -0.0000 0.0000 280.0000
20384.3465 312534.1614 444.8944 300206.312710000 -0.0000 0.0000 280.0000
20384.4207 312534.1744 444.9215 300206.322710000 -0.0000 0.0000 280.0000
20384.4948 312534.1875 444.9487 300206.332710000 -0.0000 0.0000 280.0000
20384.5689 312534.2006 444.9758 300206.342710000 -0.0000 0.0000 280.0000
20384.6430 312534.2137 445.0029 300206.352710000 -0.0000 0.0000 280.0000
20384.7171 312534.2267 445.0300 300206.362710000 -0.0000 0.0000 280.0000
20384.7912 312534.2398 445.0572 300206.372710000 -0.0000 0.0000 280.0000
20384.8654 312534.2529 445.0843 300206.382710000 -0.0000 0.0000 280.0000
20384.9395 312534.2659 445.1114 300206.392710000 -0.0000 0.0000 280.0000
20385.0136 312534.2790 445.1385 300206.402710000 -0.0000 0.0000 280.0000
20385.0877 312534.2921 445.1656 300206.412710000 -0.0000 0.0000 280.0000
20385.1618 312534.3051 445.1928 300206.422710000 -0.0000 0.0000 280.0000
20385.2360 312534.3182 445.2199 300206.432710000 -0.0000 0.0000 280.0000
20385.3101 312534.3313 445.2470 300206.442710000 -0.0000 0.0000 280.0000
20385.3842 312534.3443 445.2741 300206.452710000 -0.0000 0.0000 280.0000
20385.4583 312534.3574 445.3013 300206.462710000 -0.0000 0.0000 280.0000
20385.5324 312534.3705 445.3284 300206.472710000 -0.0000 0.0000 280.0000
20385.6065 312534.3836 445.3555 300206.482710000 -0.0000 0.0000 280.0000
20385.6807 312534.3966 445.3826 300206.492710000 -0.0000 0.0000 280.0000
20385.7548 312534.4097 445.4098 300206.502710000 -0.0000 0.0000 280.0000
20385.8289 312534.4228 445.4369 300206.512710000 -0.0000 0.0000 280.0000
20385.9030 312534.4358 445.4640 300206.522710000 -0.0000 0.0000 280.0000
20385.9771 312534.4489 445.4911 300206.532710000 -0.0000 0.0000 280.0000
20386.0513 312534.4620 445.5183 300206.542710000 -0.0000 0.0000 280.0000
20386.1254 312534.4750 445.5454 300206.552710000 -0.0000 0.0000 280.0000
20386.1995 312534.4881 445.5725 300206.562710000 -0.0000 0.0000 280.0000
20386.2736 312534.5012 445.5996 300206.572710000 -0.0000 0.0000 280.0000
20386.3477 312534.5142 445.6268 300206.582710000 -0.0000 0.0000 280.0000
20386.4218 312534.5273 445.6539 300206.592710000 -0.0000 0.0000 280.0000
20386.4960 312534.5404 445.6810 300206.602710000 -0.0000 0.0000 280.0000
20386.5701 312534.5534 445.7081 300206.612710000 -0.0000 0.0000 280.0000
20386.6442 312534.5665 445.7353 300206.622710000 -0.0000 0.0000 280.0000
20386.7183 312534.5796 445.7624 300206.632710000 -0.0000 0.0000 280.0000
20386.7924 312534.5927 445.7895 300206.642710000 -0.0000 0.0000 280.0000
20386.8666 312534.6057 445.8166 300206.652710000 -0.0000 0.0000 280.0000
20386.9407 312534.6188 445.8438 300206.662710000 -0.0000 0.0000 280.0000
20387.0148 312534.6319 445.8709 300206.672710000 -0.0000 0.0000 280.0000
20387.0889 312534.6449 445.8980 300206.682710000 -0.0000 0.0000 280.0000
20387.1630 312534.6580 445.9251 300206.692710000 -0.0000 0.0000 280.0000
20387.2371 312534.6711 445.9522 300206.702710000 -0.0000 0.0000 280.0000
20387.3113 312534.6841 445.9794 300206.712710000 -0.0000 0.0000 280.0000
20387.3854 312534.6972 446.0065 300206.722710000 -0.0000 0.0000 280.0000
20387.4595 312534.7103 446.0336 300206.732710000 -0.0000 0.0000 280.0000
20387.5336 312534.7233 446.0607 300206.742710000 -0.0000 0.0000 280.0000
20387.6077 312534.7364 446.0879 300206.752710000 -0.0000 0.0000 280.0000
20387.6819 312534.7495 446.1150 300206.762710000 -0.0000 0.0000 280.0000
20387.7560 312534.7626 446.1421 300206.772710000 -0.0000 0.0000 280.0000
20387.8301 312534.7756 446.1692 300206.782710000 -0.0000 0.0000 280.0000
20387.9042 312534.7887 446.1964 300206.792710000 -0.0000 0.0000 280.0000
20387.9783 312534.8018 446.2235 300206.802710000 -0.0000 0.0000 280.0000
20388.0524 312534.8148 446.2506 300206.812710000 -0.0000 0.0000 280.0000
20388.1266 312534.8279 446.2777 300206.822710000 -0.0000 0.0000 280.0000
20388.2007 312534.8410 446.3049 300206.832710000 -0.0000 0.0000 280.0000
20388.2748 312534.8540 446.3320 300206.842710000 -0.0000 0.0000 280.0000
20388.3489 312534.8671 446.3591 300206.852710000 -0.0000 0.0000 280.0000
20388.4230 312534.8802 446.3862 300206.862710000 -0.0000 0.0000 280.0000
20388.4972 312534.8932 446.4134 300206.872710000 -0.0000 0.0000 280.0000
20388.5713 312534.9063 446.4405 300206.882710000 -0.0000 0.0000 280.0000
20388.6454 312534.9194 446.4676 300206.892710000 -0.0000 0.0000 280.0000
20388.7195 312534.9324 446.4947 300206.902710000 -0.0000 0.0000 280.0000
20388.7936 312534.9455 446.5219 300206.912710000 -0.0000 0.0000 280.0000
20388.8677 312534.9586 446.5490 300206.922710000 -0.0000 0.0000 280.0000
20388.9419 312534.9717 446.5761 300206.932710000 -0.0000 0.0000 280.0000
20389.0160 312534.9847 446.6032 300206.942710000 -0.0000 0.0000 280.0000
20389.0901 312534.9978 446.6304 300206.952710000 -0.0000 0.0000 280.0000
20389.1642 312535.0109 446.6575 300206.962710000 -0.0000 0.0000 280.0000
20389.2383 312535.0239 446.6846 300206.972710000 -0.0000 0.0000 280.0000
20389.3124 312535.0370 446.7117 300206.982710000 -0.0000 0.0000 280.0000
20389.3866 312535.0501 446.7389 300206.992710000 -0.0000 0.0000 280.0000
20389.4607 312535.0631 446.7660 300207.002710000 -0.0000 0.0000 280.0000
20389.5348 312535.0762 446.7931 300207.012710000 -0.0000 0.0000 280.0000
20389.6089 312535.0893 446.8202 300207.022710000 -0.0000 0.0000 280.0000
20389.6830 312535.1023 446.8473 300207.032710000 -0.0000 0.0000 280.0000
20389.7572 312535.1154 446.8745 300207.042710000 -0.0000 0.0000 280.0000
20389.8313 312535.1285 446.9016 300207.052710000 -0.0000 0.0000 280.0000
20389.9054 312535.1416 446.9287 300207.062710000 -0.0000 0.0000 280.0000
20389.9795 312535.1546 446.9558 300207.072710000 -0.0000 0.0000 280.0000
20390.0536 312535.1677 446.9830 300207.082710000 -0.0000 0.0000 280.0000
20390.1277 312535.1808 447.0101 300207.092710000 -0.0000 0.0000 280.0000
20390.2019 312535.1938 447.0372 300207.102710000 -0.0000 0.0000 280.0000
20390.2760 312535.2069 447.0643 300207.112710000 -0.0000 0.0000 280.0000
20390.3501 312535.2200 447.0915 300207.122710000 -0.0000 0.0000 280.0000
20390.4242 312535.2330 447.1186 300207.132710000 -0.0000 0.0000 280.0000
20390.4983 312535.2461 447.1457 300207.142710000 -0.0000 0.0000 280.0000
20390.5725 312535.2592 447.1728 300207.152710000 -0.0000 0.0000 280.0000
20390.6466 312535.2722 447.2000 300207.162710000 -0.0000 0.0000 280.0000
20390.7207 312535.2853 447.2271 300207.172710000 -0.0000 0.0000 280.0000
20390.7948 312535.2984 447.2542 300207.182710000 -0.0000 0.0000 280.0000
20390.8689 312535.3114 447.2813 300207.192710000 -0.0000 0.0000 280.0000
20390.9430 312535.3245 447.3085 300207.202710000 -0.0000 0.0000 280.0000
20391.0172 312535.3376 447.3356 300207.212710000 -0.0000 0.0000 280.0000
20391.0913 312535.3507 447.3627 300207.222710000 -0.0000 0.0000 280.0000
20391.1654 312535.3637 447.3898 300207.232710000 -0.0000 0.0000 280.0000
20391.2395 312535.3768 447.4170 300207.242710000 -0.0000 0.0000 280.0000
20391.3136 312535.3899 447.4441 300207.252710000 -0.0000 0.0000 280.0000
20391.3878 312535.4029 447.4712 300207.262710000 -0.0000 0.0000 280.0000
20391.4619 312535.4160 447.4983 300207.272710000 -0.0000 0.0000 280.0000
20391.5360 312535.4291 447.5255 300207.282710000 -0.0000 0.0000 280.0000
20391.6101 312535.4421 447.5526 300207.292710000 -0.0000 0.0000 280.0000
20391.6842 312535.4552 447.5797 300207.302710000 -0.0000 0.0000 280.0000
20391.7583 312535.4683 447.6068 300207.312710000 -0.0000 0.0000 280.0000
20391.8325 312535.4813 447.6339 300207.322710000 -0.0000 0.0000 280.0000
20391.9066 312535.4944 447.6611 300207.332710000 -0.0000 0.0000 280.0000
20391.9807 312535.5075 447.6882 300207.342710000 -0.0000 0.0000 280.0000
20392.0548 312535.5206 447.7153 300207.352710000 -0.0000 0.0000 280.0000
20392.1289 312535.5336 447.7424 300207.362710000 -0.0000 0.0000 280.0000
20392.2031 312535.5467 447.7696 300207.372710000 -0.0000 0.0000 280.0000
20392.2772 312535.5598 447.7967 300207.382710000 -0.0000 0.0000 280.0000
20392.3513 312535.5728 447.8238 300207.392710000 -0.0000 0.0000 280.0000
20392.4254 312535.5859 447.8509 300207.402710000 -0.0000 0.0000 280.0000
20392.4995 312535.5990 447.8781 300207.412710000 -0.0000 0.0000 280.0000
20392.5736 312535.6120 447.9052 300207.422710000 -0.0000 0.0000 280.0000
20392.6478 312535.6251 447.9323 300207.432710000 -0.0000 0.0000 280.0000
20392.7219 312535.6382 447.9594 300207.442710000 -0.0000 0.0000 280.0000
20392.7960 312535.6512 447.9866 300207.452710000 -0.0000 0.0000 280.0000
20392.8701 312535.6643 448.0137 300207.462710000 -0.0000 0.0000 280.0000
20392.9442 312535.6774 448.0408 300207.472710000 -0.0000 0.0000 280.0000
20393.0183 312535.6905 448.0679 300207.482710000 -0.0000 0.0000 280.0000
20393.0925 312535.7035 448.0951 300207.492710000 -0.0000 0.0000 280.0000
20393.1666 312535.7166 448.1222 300207.502710000 -0.0000 0.0000 280.0000
20393.2407 312535.7297 448.1493 300207.512710000 -0.0000 0.0000 280.0000
20393.3148 312535.7427 448.1764 300207.522710000 -0.0000 0.0000 280.0000
20393.3889 312535.7558 448.2036 300207.532710000 -0.0000 0.0000 280.0000
20393.4631 312535.7689 448.2307 300207.542710000 -0.0000 0.0000 280.0000
20393.5372 312535.7819 448.2578 300207.552710000 -0.0000 0.0000 280.0000
20393.6113 312535.7950 448.2849 300207.562710000 -0.0000 0.0000 280.0000
20393.6854 312535.8081 448.3121 300207.572710000 -0.0000 0.0000 280.0000
20393.7595 312535.8211 448.3392 300207.582710000 -0.0000 0.0000 280.0000
20393.8336 312535.8342 448.3663 300207.592710000 -0.0000 0.0000 280.0000
20393.9078 312535.8473 448.3934 300207.602710000 -0.0000 0.0000 280.0000
20393.9819 312535.8603 448.4206 300207.612710000 -0.0000 0.0000 280.0000
20394.0560 312535.8734 448.4477 300207.622710000 -0.0000 0.0000 280.0000
20394.1301 312535.8865 448.4748 300207.632710000 -0.0000 0.0000 280.0000
20394.2042 312535.8996 448.5019 300207.642710000 -0.0000 0.0000 280.0000
20394.2784 312535.9126 448.5290 300207.652710000 -0.0000 0.0000 280.0000
20394.3525 312535.9257 448.5562 300207.662710000 -0.0000 0.0000 280.0000
20394.4266 312535.9388 448.5833 300207.672710000 -0.0000 0.0000 280.0000
20394.5007 312535.9518 448.6104 300207.682710000 -0.0000 0.0000 280.0000
20394.5748 312535.9649 448.6375 300207.692710000 -0.0000 0.0000 280.0000
20394.6489 312535.9780 448.6647 300207.702710000 -0.0000 0.0000 280.0000
20394.7231 312535.9910 448.6918 300207.712710000 -0.0000 0.0000 280.0000
20394.7972 312536.0041 448.7189 300207.722710000 -0.0000 0.0000 280.0000
20394.8713 312536.0172 448.7460 300207.732710000 -0.0000 0.0000 280.0000
20394.9454 312536.0302 448.7732 300207.742710000 -0.0000 0.0000 280.0000
20395.0195 312536.0433 448.8003 300207.752710000 -0.0000 0.0000 280.0000
20395.0937 312536.0564 448.8274 300207.762710000 -0.0000 0.0000 280.0000
20395.1678 312536.0695 448.8545 300207.772710000 -0.0000 0.0000 280.0000
20395.2419 312536.0825 448.8817 300207.782710000 -0.0000 0.0000 280.0000
20395.3160 312536.0956 448.9088 300207.792710000 -0.0000 0.0000 280.0000
20395.3901 312536.1087 448.9359 300207.802710000 -0.0000 0.0000 280.0000
20395.4642 312536.1217 448.9630 300207.812710000 -0.0000 0.0000 280.0000
20395.5384 312536.1348 448.9902 300207.822710000 -0.0000 0.0000 280.0000
20395.6125 312536.1479 449.0173 300207.832710000 -0.0000 0.0000 280.0000
20395.6866 312536.1609 449.0444 300207.842710000 -0.0000 0.0000 280.0000
20395.7607 312536.1740 449.0715 300207.852710000 -0.0000 0.0000 280.0000
20395.8348 312536.1871 449.0987 300207.862710000 -0.0000 0.0000 280.0000
20395.9090 312536.2001 449.1258 300207.872710000 -0.0000 0.0000 280.0000
20395.9831 312536.2132 449.1529 300207.882710000 -0.0000 0.0000 280.0000
20396.0572 312536.2263 449.1800 300207.892710000 -0.0000 0.0000 280.0000
20396.1313 312536.2393 449.2072 300207.902710000 -0.0000 0.0000 280.0000
20396.2054 312536.2524 449.2343 300207.912710000 -0.0000 0.0000 280.0000
20396.2795 312536.2655 449.2614 300207.922710000 -0.0000 0.0000 280.0000
20396.3537 312536.2786 449.2885 300207.932710000 -0.0000 0.0000 280.0000
20396.4278 312536.2916 449.3157 300207.942710000 -0.0000 0.0000 280.0000
20396.5019 312536.3047 449.3428 300207.952710000 -0.0000 0.0000 280.0000
20396.5760 312536.3178 449.3699 300207.962710000 -0.0000 0.0000 280.0000
20396.6501 312536.3308 449.3970 300207.972710000 -0.0000 0.0000 280.0000
20396.7242 312536.3439 449.4241 300207.982710000 -0.0000 0.0000 280.0000
20396.7984 312536.3570 449.4513 300207.992710000 -0.0000 0.0000 280.0000
20396.8725 312536.3700 449.4784 300208.002710000 -0.0000 0.0000 280.0000
20396.9466 312536.3831 449.5055 300208.012710000 -0.0000 0.0000 280.0000
20397.0207 312536.3962 449.5326 300208.022710000 -0.0000 0.0000 280.0000
20397.0948 312536.4092 449.5598 300208.032710000 -0.0000 0.0000 280.0000
20397.1690 312536.4223 449.5869 300208.042710000 -0.0000 0.0000 280.0000
20397.2431 312536.4354 449.6140 300208.052710000 -0.0000 0.0000 280.0000
20397.3172 312536.4485 449.6411 300208.062710000 -0.0000 0.0000 280.0000
20397.3913 312536.4615 449.6683 300208.072710000 -0.0000 0.0000 280.0000
20397.4654 312536.4746 449.6954 300208.082710000 -0.0000 0.0000 280.0000
20397.5395 312536.4877 449.7225 300208.092710000 -0.0000 0.0000 280.0000
20397.6137 312536.5007 449.7496 300208.102710000 -0.0000 0.0000 280.0000
20397.6878 312536.5138 449.7768 300208.112710000 -0.0000 0.0000 280.0000
20397.7619 312536.5269 449.8039 300208.122710000 -0.0000 0.0000 280.0000
20397.8360 312536.5399 449.8310 300208.132710000 -0.0000 0.0000 280.0000
20397.9101 312536.5530 449.8581 300208.142710000 -0.0000 0.0000 280.0000
20397.9843 312536.5661 449.8853 300208.152710000 -0.0000 0.0000 280.0000
20398.0584 312536.5791 449.9124 300208.162710000 -0.0000 0.0000 280.0000
20398.1325 312536.5922 449.9395 300208.172710000 -0.0000 0.0000 280.0000
20398.2066 312536.6053 449.9666 300208.182710000 -0.0000 0.0000 280.0000
20398.2807 312536.6183 449.9938 300208.192710000 -0.0000 0.0000 280.0000
20398.3548 312536.6314 450.0209 300208.202710000 -0.0000 0.0000 280.0000
20398.4290 312536.6445 450.0480 300208.212710000 -0.0000 0.0000 280.0000
20398.5031 312536.6576 450.0751 300208.222710000 -0.0000 0.0000 280.0000
20398.5772 312536.6706 450.1023 300208.232710000 -0.0000 0.0000 280.0000
20398.6513 312536.6837 450.1294 300208.242710000 -0.0000 0.0000 280.0000
20398.7254 312536.6968 450.1565 300208.252710000 -0.0000 0.0000 280.0000
20398.7996 312536.7098 450.1836 300208.262710000 -0.0000 0.0000 280.0000
20398.8737 312536.7229 450.2107 300208.272710000 -0.0000 0.0000 280.0000
20398.9478 312536.7360 450.2379 300208.282710000 -0.0000 0.0000 280.0000
20399.0219 312536.7490 450.2650 300208.292710000 -0.0000 0.0000 280.0000
20399.0960 312536.7621 450.2921 300208.302710000 -0.0000 0.0000 280.0000
20399.1701 312536.7752 450.3192 300208.312710000 -0.0000 0.0000 280.0000
20399.2443 312536.7882 450.3464 300208.322710000 -0.0000 0.0000 280.0000
20399.3184 312536.8013 450.3735 300208.332710000 -0.0000 0.0000 280.0000
20399.3925 312536.8144 450.4006 300208.342710000 -0.0000 0.0000 280.0000
20399.4666 312536.8275 450.4277 300208.352710000 -0.0000 0.0000 280.0000
20399.5407 312536.8405 450.4549 300208.362710000 -0.0000 0.0000 280.0000
20399.6149 312536.8536 450.4820 300208.372710000 -0.0000 0.0000 280.0000
20399.6890 312536.8667 450.5091 300208.382710000 -0.0000 0.0000 280.0000
20399.7631 312536.8797 450.5362 300208.392710000 -0.0000 0.0000 280.0000
20399.8372 312536.8928 450.5634 300208.402710000 -0.0000 0.0000 280.0000
20399.9113 312536.9059 450.5905 300208.412710000 -0.0000 0.0000 280.0000
20399.9854 312536.9189 450.6176 300208.422710000 -0.0000 0.0000 280.0000
20400.0596 312536.9320 450.6447 300208.432710000 -0.0000 0.0000 280.0000
20400.1337 312536.9451 450.6719 300208.442710000 -0.0000 0.0000 280.0000
20400.2078 312536.9581 450.6990 300208.452710000 -0.0000 0.0000 280.0000
20400.2819 312536.9712 450.7261 300208.462710000 -0.0000 0.0000 280.0000
20400.3560 312536.9843 450.7532 300208.472710000 -0.0000 0.0000 280.0000
20400.4301 312536.9973 450.7804 300208.482710000 -0.0000 0.0000 280.0000
20400.5043 312537.0104 450.8075 300208.492710000 -0.0000 0.0000 280.0000
20400.5784 312537.0235 450.8346 300208.502710000 -0.0000 0.0000 280.0000
20400.6525 312537.0366 450.8617 300208.512710000 -0.0000 0.0000 280.0000
20400.7266 312537.0496 450.8889 300208.522710000 -0.0000 0.0000 280.0000
20400.8007 312537.0627 450.9160 300208.532710000 -0.0000 0.0000 280.0000
20400.8749 312537.0758 450.9431 300208.542710000 -0.0000 0.0000 280.0000
20400.9490 312537.0888 450.9702 300208.552710000 -0.0000 0.0000 280.0000
20401.0231 312537.1019 450.9974 300208.562710000 -0.0000 0.0000 280.0000
20401.0972 312537.1150 451.0245 300208.572710000 -0.0000 0.0000 280.0000
20401.1713 312537.1280 451.0516 300208.582710000 -0.0000 0.0000 280.0000
20401.2454 312537.1411 451.0787 300208.592710000 -0.0000 0.0000 280.0000
20401.3196 312537.1542 451.1058 300208.602710000 -0.0000 0.0000 280.0000
20401.3937 312537.1672 451.1330 300208.612710000 -0.0000 0.0000 280.0000
20401.4678 312537.1803 451.1601 300208.622710000 -0.0000 0.0000 280.0000
20401.5419 312537.1934 451.1872 300208.632710000 -0.0000 0.0000 280.0000
20401.6160 312537.2065 451.2143 300208.642710000 -0.0000 0.0000 280.0000
20401.6902 312537.2195 451.2415 300208.652710000 -0.0000 0.0000 280.0000
20401.7643 312537.2326 451.2686 300208.662710000 -0.0000 0.0000 280.0000
20401.8384 312537.2457 451.2957 300208.672710000 -0.0000 0.0000 280.0000
20401.9125 312537.2587 451.3228 300208.682710000 -0.0000 0.0000 280.0000
20401.9866 312537.2718 451.3500 300208.692710000 -0.0000 0.0000 280.0000
20402.0607 312537.2849 451.3771 300208.702710000 -0.0000 0.0000 280.0000
20402.1349 312537.2979 451.4042 300208.712710000 -0.0000 0.0000 280.0000
20402.2090 312537.3110 451.4313 300208.722710000 -0.0000 0.0000 280.0000
20402.2831 312537.3241 451.4585 300208.732710000 -0.0000 0.0000 280.0000
20402.3572 312537.3371 451.4856 300208.742710000 -0.0000 0.0000 280.0000
20402.4313 312537.3502 451.5127 300208.752710000 -0.0000 0.0000 280.0000
20402.5055 312537.3633 451.5398 300208.762710000 -0.0000 0.0000 280.0000
20402.5796 312537.3764 451.5670 300208.772710000 -0.0000 0.0000 280.0000
20402.6537 312537.3894 451.5941 300208.782710000 -0.0000 0.0000 280.0000
20402.7278 312537.4025 451.6212 300208.792710000 -0.0000 0.0000 280.0000
20402.8019 312537.4156 451.6483 300208.802710000 -0.0000 0.0000 280.0000
20402.8760 312537.4286 451.6755 300208.812710000 -0.0000 0.0000 280.0000
20402.9502 312537.4417 451.7026 300208.822710000 -0.0000 0.0000 280.0000
20403.0243 312537.4548 451.7297 300208.832710000 -0.0000 0.0000 280.0000
20403.0984 312537.4678 451.7568 300208.842710000 -0.0000 0.0000 280.0000
20403.1725 312537.4809 451.7840 300208.852710000 -0.0000 0.0000 280.0000
20403.2466 312537.4940 451.8111 300208.862710000 -0.0000 0.0000 280.0000
20403.3208 312537.5070 451.8382 300208.872710000 -0.0000 0.0000 280.0000
20403.3949 312537.5201 451.8653 300208.882710000 -0.0000 0.0000 280.0000
20403.4690 312537.5332 451.8925 300208.892710000 -0.0000 0.0000 280.0000
20403.5431 312537.5462 451.9196 300208.902710000 -0.0000 0.0000 280.0000
20403.6172 312537.5593 451.9467 300208.912710000 -0.0000 0.0000 280.0000
20403.6913 312537.5724 451.9738 300208.922710000 -0.0000 0.0000 280.0000
20403.7655 312537.5855 452.0009 300208.932710000 -0.0000 0.0000 280.0000
20403.8396 312537.5985 452.0281 300208.942710000 -0.0000 0.0000 280.0000
20403.9137 312537.6116 452.0552 300208.952710000 -0.0000 0.0000 280.0000
20403.9878 312537.6247 452.0823 300208.962710000 -0.0000 0.0000 280.0000
20404.0619 312537.6377 452.1094 300208.972710000 -0.0000 0.0000 280.0000
20404.1360 312537.6508 452.1366 300208.982710000 -0.0000 0.0000 280.0000
20404.2102 312537.6639 452.1637 300208.992710000 -0.0000 0.0000 280.0000
20404.2843 312537.6769 452.1908 300209.002710000 -0.0000 0.0000 280.0000
20404.3584 312537.6900 452.2179 300209.012710000 -0.0000 0.0000 280.0000
20404.4325 312537.7031 452.2451 300209.022710000 -0.0000 0.0000 280.0000
20404.5066 312537.7161 452.2722 300209.032710000 -0.0000 0.0000 280.0000
20404.5808 312537.7292 452.2993 300209.042710000 -0.0000 0.0000 280.0000
20404.6549 312537.7423 452.3264 300209.052710000 -0.0000 0.0000 280.0000
20404.7290 312537.7554 452.3536 300209.062710000 -0.0000 0.0000 280.0000
20404.8031 312537.7684 452.3807 300209.072710000 -0.0000 0.0000 280.0000
20404.8772 312537.7815 452.4078 300209.082710000 -0.0000 0.0000 280.0000
20404.9513 312537.7946 452.4349 300209.092710000 -0.0000 0.0000 280.0000
20405.0255 312537.8076 452.4621 300209.102710000 -0.0000 0.0000 280.0000
20405.0996 312537.8207 452.4892 300209.112710000 -0.0000 0.0000 280.0000
20405.1737 312537.8338 452.5163 300209.122710000 -0.0000 0.0000 280.0000
20405.2478 312537.8468 452.5434 300209.132710000 -0.0000 0.0000 280.0000
20405.3219 312537.8599 452.5706 300209.142710000 -0.0000 0.0000 280.0000
20405.3961 312537.8730 452.5977 300209.152710000 -0.0000 0.0000 280.0000
20405.4702 312537.8860 452.6248 300209.162710000 -0.0000 0.0000 280.0000
20405.5443 312537.8991 452.6519 300209.172710000 -0.0000 0.0000 280.0000
20405.6184 312537.9122 452.6791 300209.182710000 -0.0000 0.0000 280.0000
20405.6925 312537.9252 452.7062 300209.192710000 -0.0000 0.0000 280.0000
20405.7666 312537.9383 452.7333 300209.202710000 -0.0000 0.0000 280.0000
20405.8408 312537.9514 452.7604 300209.212710000 -0.0000 0.0000 280.0000
20405.9149 312537.9645 452.7875 300209.222710000 -0.0000 0.0000 280.0000
20405.9890 312537.9775 452.8147 300209.232710000 -0.0000 0.0000 280.0000
20406.0631 312537.9906 452.8418 300209.242710000 -0.0000 0.0000 280.0000
20406.1372 312538.0037 452.8689 300209.252710000 -0.0000 0.0000 280.0000
20406.2114 312538.0167 452.8960 300209.262710000 -0.0000 0.0000 280.0000
20406.2855 312538.0298 452.9232 300209.272710000 -0.0000 0.0000 280.0000
20406.3596 312538.0429 452.9503 300209.282710000 -0.0000 0.0000 280.0000
20406.4337 312538.0559 452.9774 300209.292710000 -0.0000 0.0000 280.0000
20406.5078 312538.0690 453.0045 300209.302710000 -0.0000 0.0000 280.0000
