20419.5354 312464.2091 437.4460 300160.823340000 -0.0000 0.0000 100.0000
20419.4581 312464.1955 437.4307 300160.833340000 -0.0000 0.0000 100.0000
20419.3808 312464.1819 437.4154 300160.843340000 -0.0000 0.0000 100.0000
20419.3034 312464.1682 437.4000 300160.853340000 -0.0000 0.0000 100.0000
20419.2261 312464.1546 437.3847 300160.863340000 -0.0000 0.0000 100.0000
20419.1488 312464.1410 437.3694 300160.873340000 -0.0000 0.0000 100.0000
20419.0715 312464.1273 437.3541 300160.883340000 -0.0000 0.0000 100.0000
20418.9941 312464.1137 437.3387 300160.893340000 -0.0000 0.0000 100.0000
20418.9168 312464.1000 437.3234 300160.903340000 -0.0000 0.0000 100.0000
20418.8395 312464.0864 437.3081 300160.913340000 -0.0000 0.0000 100.0000
20418.7622 312464.0728 437.2928 300160.923340000 -0.0000 0.0000 100.0000
20418.6848 312464.0591 437.2775 300160.933340000 -0.0000 0.0000 100.0000
20418.6075 312464.0455 437.2621 300160.943340000 -0.0000 0.0000 100.0000
20418.5302 312464.0319 437.2468 300160.953340000 -0.0000 0.0000 100.0000
20418.4528 312464.0182 437.2315 300160.963340000 -0.0000 0.0000 100.0000
20418.3755 312464.0046 437.2162 300160.973340000 -0.0000 0.0000 100.0000
20418.2982 312463.9910 437.2009 300160.983340000 -0.0000 0.0000 100.0000
20418.2209 312463.9773 437.1855 300160.993340000 -0.0000 0.0000 100.0000
20418.1435 312463.9637 437.1702 300161.003340000 -0.0000 0.0000 100.0000
20418.0662 312463.9501 437.1549 300161.013340000 -0.0000 0.0000 100.0000
20417.9889 312463.9364 437.1396 300161.023340000 -0.0000 0.0000 100.0000
20417.9116 312463.9228 437.1242 300161.033340000 -0.0000 0.0000 100.0000
20417.8342 312463.9092 437.1089 300161.043340000 -0.0000 0.0000 100.0000
20417.7569 312463.8955 437.0936 300161.053340000 -0.0000 0.0000 100.0000
20417.6796 312463.8819 437.0783 300161.063340000 -0.0000 0.0000 100.0000
20417.6023 312463.8683 437.0630 300161.073340000 -0.0000 0.0000 100.0000
20417.5249 312463.8546 437.0476 300161.083340000 -0.0000 0.0000 100.0000
20417.4476 312463.8410 437.0323 300161.093340000 -0.0000 0.0000 100.0000
20417.3703 312463.8274 437.0170 300161.103340000 -0.0000 0.0000 100.0000
20417.2930 312463.8137 437.0017 300161.113340000 -0.0000 0.0000 100.0000
20417.2156 312463.8001 436.9863 300161.123340000 -0.0000 0.0000 100.0000
20417.1383 312463.7865 436.9710 300161.133340000 -0.0000 0.0000 100.0000
20417.0610 312463.7728 436.9557 300161.143340000 -0.0000 0.0000 100.0000
20416.9836 312463.7592 436.9404 300161.153340000 -0.0000 0.0000 100.0000
20416.9063 312463.7455 436.9251 300161.163340000 -0.0000 0.0000 100.0000
20416.8290 312463.7319 436.9097 300161.173340000 -0.0000 0.0000 100.0000
20416.7517 312463.7183 436.8944 300161.183340000 -0.0000 0.0000 100.0000
20416.6743 312463.7046 436.8791 300161.193340000 -0.0000 0.0000 100.0000
20416.5970 312463.6910 436.8638 300161.203340000 -0.0000 0.0000 100.0000
20416.5197 312463.6774 436.8485 300161.213340000 -0.0000 0.0000 100.0000
20416.4424 312463.6637 436.8331 300161.223340000 -0.0000 0.0000 100.0000
20416.3650 312463.6501 436.8178 300161.233340000 -0.0000 0.0000 100.0000
20416.2877 312463.6365 436.8025 300161.243340000 -0.0000 0.0000 100.0000
20416.2104 312463.6228 436.7872 300161.253340000 -0.0000 0.0000 100.0000
20416.1331 312463.6092 436.7718 300161.263340000 -0.0000 0.0000 100.0000
20416.0557 312463.5956 436.7565 300161.273340000 -0.0000 0.0000 100.0000
20415.9784 312463.5819 436.7412 300161.283340000 -0.0000 0.0000 100.0000
20415.9011 312463.5683 436.7259 300161.293340000 -0.0000 0.0000 100.0000
20415.8238 312463.5547 436.7106 300161.303340000 -0.0000 0.0000 100.0000
20415.7464 312463.5410 436.6952 300161.313340000 -0.0000 0.0000 100.0000
20415.6691 312463.5274 436.6799 300161.323340000 -0.0000 0.0000 100.0000
20415.5918 312463.5138 436.6646 300161.333340000 -0.0000 0.0000 100.0000
20415.5145 312463.5001 436.6493 300161.343340000 -0.0000 0.0000 100.0000
20415.4371 312463.4865 436.6340 300161.353340000 -0.0000 0.0000 100.0000
20415.3598 312463.4729 436.6186 300161.363340000 -0.0000 0.0000 100.0000
20415.2825 312463.4592 436.6033 300161.373340000 -0.0000 0.0000 100.0000
20415.2051 312463.4456 436.5880 300161.383340000 -0.0000 0.0000 100.0000
20415.1278 312463.4319 436.5727 300161.393340000 -0.0000 0.0000 100.0000
20415.0505 312463.4183 436.5573 300161.403340000 -0.0000 0.0000 100.0000
20414.9732 312463.4047 436.5420 300161.413340000 -0.0000 0.0000 100.0000
20414.8958 312463.3910 436.5267 300161.423340000 -0.0000 0.0000 100.0000
20414.8185 312463.3774 436.5114 300161.433340000 -0.0000 0.0000 100.0000
20414.7412 312463.3638 436.4961 300161.443340000 -0.0000 0.0000 100.0000
20414.6639 312463.3501 436.4807 300161.453340000 -0.0000 0.0000 100.0000
20414.5865 312463.3365 436.4654 300161.463340000 -0.0000 0.0000 100.0000
20414.5092 312463.3229 436.4501 300161.473340000 -0.0000 0.0000 100.0000
20414.4319 312463.3092 436.4348 300161.483340000 -0.0000 0.0000 100.0000
20414.3546 312463.2956 436.4194 300161.493340000 -0.0000 0.0000 100.0000
20414.2772 312463.2820 436.4041 300161.503340000 -0.0000 0.0000 100.0000
20414.1999 312463.2683 436.3888 300161.513340000 -0.0000 0.0000 100.0000
20414.1226 312463.2547 436.3735 300161.523340000 -0.0000 0.0000 100.0000
20414.0453 312463.2411 436.3582 300161.533340000 -0.0000 0.0000 100.0000
20413.9679 312463.2274 436.3428 300161.543340000 -0.0000 0.0000 100.0000
20413.8906 312463.2138 436.3275 300161.553340000 -0.0000 0.0000 100.0000
20413.8133 312463.2002 436.3122 300161.563340000 -0.0000 0.0000 100.0000
20413.7359 312463.1865 436.2969 300161.573340000 -0.0000 0.0000 100.0000
20413.6586 312463.1729 436.2816 300161.583340000 -0.0000 0.0000 100.0000
20413.5813 312463.1593 436.2662 300161.593340000 -0.0000 0.0000 100.0000
20413.5040 312463.1456 436.2509 300161.603340000 -0.0000 0.0000 100.0000
20413.4266 312463.1320 436.2356 300161.613340000 -0.0000 0.0000 100.0000
20413.3493 312463.1184 436.2203 300161.623340000 -0.0000 0.0000 100.0000
20413.2720 312463.1047 436.2049 300161.633340000 -0.0000 0.0000 100.0000
20413.1947 312463.0911 436.1896 300161.643340000 -0.0000 0.0000 100.0000
20413.1173 312463.0774 436.1743 300161.653340000 -0.0000 0.0000 100.0000
20413.0400 312463.0638 436.1590 300161.663340000 -0.0000 0.0000 100.0000
20412.9627 312463.0502 436.1437 300161.673340000 -0.0000 0.0000 100.0000
20412.8854 312463.0365 436.1283 300161.683340000 -0.0000 0.0000 100.0000
20412.8080 312463.0229 436.1130 300161.693340000 -0.0000 0.0000 100.0000
20412.7307 312463.0093 436.0977 300161.703340000 -0.0000 0.0000 100.0000
20412.6534 312462.9956 436.0824 300161.713340000 -0.0000 0.0000 100.0000
20412.5761 312462.9820 436.0670 300161.723340000 -0.0000 0.0000 100.0000
20412.4987 312462.9684 436.0517 300161.733340000 -0.0000 0.0000 100.0000
20412.4214 312462.9547 436.0364 300161.743340000 -0.0000 0.0000 100.0000
20412.3441 312462.9411 436.0211 300161.753340000 -0.0000 0.0000 100.0000
20412.2668 312462.9275 436.0058 300161.763340000 -0.0000 0.0000 100.0000
20412.1894 312462.9138 435.9904 300161.773340000 -0.0000 0.0000 100.0000
20412.1121 312462.9002 435.9751 300161.783340000 -0.0000 0.0000 100.0000
20412.0348 312462.8866 435.9598 300161.793340000 -0.0000 0.0000 100.0000
20411.9574 312462.8729 435.9445 300161.803340000 -0.0000 0.0000 100.0000
20411.8801 312462.8593 435.9292 300161.813340000 -0.0000 0.0000 100.0000
20411.8028 312462.8457 435.9138 300161.823340000 -0.0000 0.0000 100.0000
20411.7255 312462.8320 435.8985 300161.833340000 -0.0000 0.0000 100.0000
20411.6481 312462.8184 435.8832 300161.843340000 -0.0000 0.0000 100.0000
20411.5708 312462.8048 435.8679 300161.853340000 -0.0000 0.0000 100.0000
20411.4935 312462.7911 435.8525 300161.863340000 -0.0000 0.0000 100.0000
20411.4162 312462.7775 435.8372 300161.873340000 -0.0000 0.0000 100.0000
20411.3388 312462.7638 435.8219 300161.883340000 -0.0000 0.0000 100.0000
20411.2615 312462.7502 435.8066 300161.893340000 -0.0000 0.0000 100.0000
20411.1842 312462.7366 435.7913 300161.903340000 -0.0000 0.0000 100.0000
20411.1069 312462.7229 435.7759 300161.913340000 -0.0000 0.0000 100.0000
20411.0295 312462.7093 435.7606 300161.923340000 -0.0000 0.0000 100.0000
20410.9522 312462.6957 435.7453 300161.933340000 -0.0000 0.0000 100.0000
20410.8749 312462.6820 435.7300 300161.943340000 -0.0000 0.0000 100.0000
20410.7976 312462.6684 435.7146 300161.953340000 -0.0000 0.0000 100.0000
20410.7202 312462.6548 435.6993 300161.963340000 -0.0000 0.0000 100.0000
20410.6429 312462.6411 435.6840 300161.973340000 -0.0000 0.0000 100.0000
20410.5656 312462.6275 435.6687 300161.983340000 -0.0000 0.0000 100.0000
20410.4882 312462.6139 435.6534 300161.993340000 -0.0000 0.0000 100.0000
20410.4109 312462.6002 435.6380 300162.003340000 -0.0000 0.0000 100.0000
20410.3336 312462.5866 435.6227 300162.013340000 -0.0000 0.0000 100.0000
20410.2563 312462.5730 435.6074 300162.023340000 -0.0000 0.0000 100.0000
20410.1789 312462.5593 435.5921 300162.033340000 -0.0000 0.0000 100.0000
20410.1016 312462.5457 435.5768 300162.043340000 -0.0000 0.0000 100.0000
20410.0243 312462.5321 435.5614 300162.053340000 -0.0000 0.0000 100.0000
20409.9470 312462.5184 435.5461 300162.063340000 -0.0000 0.0000 100.0000
20409.8696 312462.5048 435.5308 300162.073340000 -0.0000 0.0000 100.0000
20409.7923 312462.4912 435.5155 300162.083340000 -0.0000 0.0000 100.0000
20409.7150 312462.4775 435.5001 300162.093340000 -0.0000 0.0000 100.0000
20409.6377 312462.4639 435.4848 300162.103340000 -0.0000 0.0000 100.0000
20409.5603 312462.4503 435.4695 300162.113340000 -0.0000 0.0000 100.0000
20409.4830 312462.4366 435.4542 300162.123340000 -0.0000 0.0000 100.0000
20409.4057 312462.4230 435.4389 300162.133340000 -0.0000 0.0000 100.0000
20409.3284 312462.4093 435.4235 300162.143340000 -0.0000 0.0000 100.0000
20409.2510 312462.3957 435.4082 300162.153340000 -0.0000 0.0000 100.0000
20409.1737 312462.3821 435.3929 300162.163340000 -0.0000 0.0000 100.0000
20409.0964 312462.3684 435.3776 300162.173340000 -0.0000 0.0000 100.0000
20409.0191 312462.3548 435.3623 300162.183340000 -0.0000 0.0000 100.0000
20408.9417 312462.3412 435.3469 300162.193340000 -0.0000 0.0000 100.0000
20408.8644 312462.3275 435.3316 300162.203340000 -0.0000 0.0000 100.0000
20408.7871 312462.3139 435.3163 300162.213340000 -0.0000 0.0000 100.0000
20408.7097 312462.3003 435.3010 300162.223340000 -0.0000 0.0000 100.0000
20408.6324 312462.2866 435.2856 300162.233340000 -0.0000 0.0000 100.0000
20408.5551 312462.2730 435.2703 300162.243340000 -0.0000 0.0000 100.0000
20408.4778 312462.2594 435.2550 300162.253340000 -0.0000 0.0000 100.0000
20408.4004 312462.2457 435.2397 300162.263340000 -0.0000 0.0000 100.0000
20408.3231 312462.2321 435.2244 300162.273340000 -0.0000 0.0000 100.0000
20408.2458 312462.2185 435.2090 300162.283340000 -0.0000 0.0000 100.0000
20408.1685 312462.2048 435.1937 300162.293340000 -0.0000 0.0000 100.0000
20408.0911 312462.1912 435.1784 300162.303340000 -0.0000 0.0000 100.0000
20408.0138 312462.1776 435.1631 300162.313340000 -0.0000 0.0000 100.0000
20407.9365 312462.1639 435.1477 300162.323340000 -0.0000 0.0000 100.0000
20407.8592 312462.1503 435.1324 300162.333340000 -0.0000 0.0000 100.0000
20407.7818 312462.1367 435.1171 300162.343340000 -0.0000 0.0000 100.0000
20407.7045 312462.1230 435.1018 300162.353340000 -0.0000 0.0000 100.0000
20407.6272 312462.1094 435.0865 300162.363340000 -0.0000 0.0000 100.0000
20407.5499 312462.0957 435.0711 300162.373340000 -0.0000 0.0000 100.0000
20407.4725 312462.0821 435.0558 300162.383340000 -0.0000 0.0000 100.0000
20407.3952 312462.0685 435.0405 300162.393340000 -0.0000 0.0000 100.0000
20407.3179 312462.0548 435.0252 300162.403340000 -0.0000 0.0000 100.0000
20407.2405 312462.0412 435.0099 300162.413340000 -0.0000 0.0000 100.0000
20407.1632 312462.0276 434.9945 300162.423340000 -0.0000 0.0000 100.0000
20407.0859 312462.0139 434.9792 300162.433340000 -0.0000 0.0000 100.0000
20407.0086 312462.0003 434.9639 300162.443340000 -0.0000 0.0000 100.0000
20406.9312 312461.9867 434.9486 300162.453340000 -0.0000 0.0000 100.0000
20406.8539 312461.9730 434.9332 300162.463340000 -0.0000 0.0000 100.0000
20406.7766 312461.9594 434.9179 300162.473340000 -0.0000 0.0000 100.0000
20406.6993 312461.9458 434.9026 300162.483340000 -0.0000 0.0000 100.0000
20406.6219 312461.9321 434.8873 300162.493340000 -0.0000 0.0000 100.0000
20406.5446 312461.9185 434.8720 300162.503340000 -0.0000 0.0000 100.0000
20406.4673 312461.9049 434.8566 300162.513340000 -0.0000 0.0000 100.0000
20406.3900 312461.8912 434.8413 300162.523340000 -0.0000 0.0000 100.0000
20406.3126 312461.8776 434.8260 300162.533340000 -0.0000 0.0000 100.0000
20406.2353 312461.8640 434.8107 300162.543340000 -0.0000 0.0000 100.0000
20406.1580 312461.8503 434.7953 300162.553340000 -0.0000 0.0000 100.0000
20406.0807 312461.8367 434.7800 300162.563340000 -0.0000 0.0000 100.0000
20406.0033 312461.8231 434.7647 300162.573340000 -0.0000 0.0000 100.0000
20405.9260 312461.8094 434.7494 300162.583340000 -0.0000 0.0000 100.0000
20405.8487 312461.7958 434.7341 300162.593340000 -0.0000 0.0000 100.0000
20405.7714 312461.7822 434.7187 300162.603340000 -0.0000 0.0000 100.0000
20405.6940 312461.7685 434.7034 300162.613340000 -0.0000 0.0000 100.0000
20405.6167 312461.7549 434.6881 300162.623340000 -0.0000 0.0000 100.0000
20405.5394 312461.7412 434.6728 300162.633340000 -0.0000 0.0000 100.0000
20405.4620 312461.7276 434.6575 300162.643340000 -0.0000 0.0000 100.0000
20405.3847 312461.7140 434.6421 300162.653340000 -0.0000 0.0000 100.0000
20405.3074 312461.7003 434.6268 300162.663340000 -0.0000 0.0000 100.0000
20405.2301 312461.6867 434.6115 300162.673340000 -0.0000 0.0000 100.0000
20405.1527 312461.6731 434.5962 300162.683340000 -0.0000 0.0000 100.0000
20405.0754 312461.6594 434.5808 300162.693340000 -0.0000 0.0000 100.0000
20404.9981 312461.6458 434.5655 300162.703340000 -0.0000 0.0000 100.0000
20404.9208 312461.6322 434.5502 300162.713340000 -0.0000 0.0000 100.0000
20404.8434 312461.6185 434.5349 300162.723340000 -0.0000 0.0000 100.0000
20404.7661 312461.6049 434.5196 300162.733340000 -0.0000 0.0000 100.0000
20404.6888 312461.5913 434.5042 300162.743340000 -0.0000 0.0000 100.0000
20404.6115 312461.5776 434.4889 300162.753340000 -0.0000 0.0000 100.0000
20404.5341 312461.5640 434.4736 300162.763340000 -0.0000 0.0000 100.0000
20404.4568 312461.5504 434.4583 300162.773340000 -0.0000 0.0000 100.0000
20404.3795 312461.5367 434.4429 300162.783340000 -0.0000 0.0000 100.0000
20404.3022 312461.5231 434.4276 300162.793340000 -0.0000 0.0000 100.0000
20404.2248 312461.5095 434.4123 300162.803340000 -0.0000 0.0000 100.0000
20404.1475 312461.4958 434.3970 300162.813340000 -0.0000 0.0000 100.0000
20404.0702 312461.4822 434.3817 300162.823340000 -0.0000 0.0000 100.0000
20403.9928 312461.4686 434.3663 300162.833340000 -0.0000 0.0000 100.0000
20403.9155 312461.4549 434.3510 300162.843340000 -0.0000 0.0000 100.0000
20403.8382 312461.4413 434.3357 300162.853340000 -0.0000 0.0000 100.0000
20403.7609 312461.4276 434.3204 300162.863340000 -0.0000 0.0000 100.0000
20403.6835 312461.4140 434.3051 300162.873340000 -0.0000 0.0000 100.0000
20403.6062 312461.4004 434.2897 300162.883340000 -0.0000 0.0000 100.0000
20403.5289 312461.3867 434.2744 300162.893340000 -0.0000 0.0000 100.0000
20403.4516 312461.3731 434.2591 300162.903340000 -0.0000 0.0000 100.0000
20403.3742 312461.3595 434.2438 300162.913340000 -0.0000 0.0000 100.0000
20403.2969 312461.3458 434.2284 300162.923340000 -0.0000 0.0000 100.0000
20403.2196 312461.3322 434.2131 300162.933340000 -0.0000 0.0000 100.0000
20403.1423 312461.3186 434.1978 300162.943340000 -0.0000 0.0000 100.0000
20403.0649 312461.3049 434.1825 300162.953340000 -0.0000 0.0000 100.0000
20402.9876 312461.2913 434.1672 300162.963340000 -0.0000 0.0000 100.0000
20402.9103 312461.2777 434.1518 300162.973340000 -0.0000 0.0000 100.0000
20402.8330 312461.2640 434.1365 300162.983340000 -0.0000 0.0000 100.0000
20402.7556 312461.2504 434.1212 300162.993340000 -0.0000 0.0000 100.0000
20402.6783 312461.2368 434.1059 300163.003340000 -0.0000 0.0000 100.0000
20402.6010 312461.2231 434.0906 300163.013340000 -0.0000 0.0000 100.0000
20402.5237 312461.2095 434.0752 300163.023340000 -0.0000 0.0000 100.0000
20402.4463 312461.1959 434.0599 300163.033340000 -0.0000 0.0000 100.0000
20402.3690 312461.1822 434.0446 300163.043340000 -0.0000 0.0000 100.0000
20402.2917 312461.1686 434.0293 300163.053340000 -0.0000 0.0000 100.0000
20402.2143 312461.1550 434.0139 300163.063340000 -0.0000 0.0000 100.0000
20402.1370 312461.1413 433.9986 300163.073340000 -0.0000 0.0000 100.0000
20402.0597 312461.1277 433.9833 300163.083340000 -0.0000 0.0000 100.0000
20401.9824 312461.1141 433.9680 300163.093340000 -0.0000 0.0000 100.0000
20401.9050 312461.1004 433.9527 300163.103340000 -0.0000 0.0000 100.0000
20401.8277 312461.0868 433.9373 300163.113340000 -0.0000 0.0000 100.0000
20401.7504 312461.0731 433.9220 300163.123340000 -0.0000 0.0000 100.0000
20401.6731 312461.0595 433.9067 300163.133340000 -0.0000 0.0000 100.0000
20401.5957 312461.0459 433.8914 300163.143340000 -0.0000 0.0000 100.0000
20401.5184 312461.0322 433.8760 300163.153340000 -0.0000 0.0000 100.0000
20401.4411 312461.0186 433.8607 300163.163340000 -0.0000 0.0000 100.0000
20401.3638 312461.0050 433.8454 300163.173340000 -0.0000 0.0000 100.0000
20401.2864 312460.9913 433.8301 300163.183340000 -0.0000 0.0000 100.0000
20401.2091 312460.9777 433.8148 300163.193340000 -0.0000 0.0000 100.0000
20401.1318 312460.9641 433.7994 300163.203340000 -0.0000 0.0000 100.0000
20401.0545 312460.9504 433.7841 300163.213340000 -0.0000 0.0000 100.0000
20400.9771 312460.9368 433.7688 300163.223340000 -0.0000 0.0000 100.0000
20400.8998 312460.9232 433.7535 300163.233340000 -0.0000 0.0000 100.0000
20400.8225 312460.9095 433.7382 300163.243340000 -0.0000 0.0000 100.0000
20400.7451 312460.8959 433.7228 300163.253340000 -0.0000 0.0000 100.0000
20400.6678 312460.8823 433.7075 300163.263340000 -0.0000 0.0000 100.0000
20400.5905 312460.8686 433.6922 300163.273340000 -0.0000 0.0000 100.0000
20400.5132 312460.8550 433.6769 300163.283340000 -0.0000 0.0000 100.0000
20400.4358 312460.8414 433.6615 300163.293340000 -0.0000 0.0000 100.0000
20400.3585 312460.8277 433.6462 300163.303340000 -0.0000 0.0000 100.0000
20400.2812 312460.8141 433.6309 300163.313340000 -0.0000 0.0000 100.0000
20400.2039 312460.8005 433.6156 300163.323340000 -0.0000 0.0000 100.0000
20400.1265 312460.7868 433.6003 300163.333340000 -0.0000 0.0000 100.0000
20400.0492 312460.7732 433.5849 300163.343340000 -0.0000 0.0000 100.0000
20399.9719 312460.7595 433.5696 300163.353340000 -0.0000 0.0000 100.0000
20399.8946 312460.7459 433.5543 300163.363340000 -0.0000 0.0000 100.0000
20399.8172 312460.7323 433.5390 300163.373340000 -0.0000 0.0000 100.0000
20399.7399 312460.7186 433.5236 300163.383340000 -0.0000 0.0000 100.0000
20399.6626 312460.7050 433.5083 300163.393340000 -0.0000 0.0000 100.0000
20399.5853 312460.6914 433.4930 300163.403340000 -0.0000 0.0000 100.0000
20399.5079 312460.6777 433.4777 300163.413340000 -0.0000 0.0000 100.0000
20399.4306 312460.6641 433.4624 300163.423340000 -0.0000 0.0000 100.0000
20399.3533 312460.6505 433.4470 300163.433340000 -0.0000 0.0000 100.0000
20399.2760 312460.6368 433.4317 300163.443340000 -0.0000 0.0000 100.0000
20399.1986 312460.6232 433.4164 300163.453340000 -0.0000 0.0000 100.0000
20399.1213 312460.6096 433.4011 300163.463340000 -0.0000 0.0000 100.0000
20399.0440 312460.5959 433.3858 300163.473340000 -0.0000 0.0000 100.0000
20398.9666 312460.5823 433.3704 300163.483340000 -0.0000 0.0000 100.0000
20398.8893 312460.5687 433.3551 300163.493340000 -0.0000 0.0000 100.0000
20398.8120 312460.5550 433.3398 300163.503340000 -0.0000 0.0000 100.0000
20398.7347 312460.5414 433.3245 300163.513340000 -0.0000 0.0000 100.0000
20398.6573 312460.5278 433.3091 300163.523340000 -0.0000 0.0000 100.0000
20398.5800 312460.5141 433.2938 300163.533340000 -0.0000 0.0000 100.0000
20398.5027 312460.5005 433.2785 300163.543340000 -0.0000 0.0000 100.0000
20398.4254 312460.4869 433.2632 300163.553340000 -0.0000 0.0000 100.0000
20398.3480 312460.4732 433.2479 300163.563340000 -0.0000 0.0000 100.0000
20398.2707 312460.4596 433.2325 300163.573340000 -0.0000 0.0000 100.0000
20398.1934 312460.4460 433.2172 300163.583340000 -0.0000 0.0000 100.0000
20398.1161 312460.4323 433.2019 300163.593340000 -0.0000 0.0000 100.0000
20398.0387 312460.4187 433.1866 300163.603340000 -0.0000 0.0000 100.0000
20397.9614 312460.4050 433.1712 300163.613340000 -0.0000 0.0000 100.0000
20397.8841 312460.3914 433.1559 300163.623340000 -0.0000 0.0000 100.0000
20397.8068 312460.3778 433.1406 300163.633340000 -0.0000 0.0000 100.0000
20397.7294 312460.3641 433.1253 300163.643340000 -0.0000 0.0000 100.0000
20397.6521 312460.3505 433.1100 300163.653340000 -0.0000 0.0000 100.0000
20397.5748 312460.3369 433.0946 300163.663340000 -0.0000 0.0000 100.0000
20397.4974 312460.3232 433.0793 300163.673340000 -0.0000 0.0000 100.0000
20397.4201 312460.3096 433.0640 300163.683340000 -0.0000 0.0000 100.0000
20397.3428 312460.2960 433.0487 300163.693340000 -0.0000 0.0000 100.0000
20397.2655 312460.2823 433.0334 300163.703340000 -0.0000 0.0000 100.0000
20397.1881 312460.2687 433.0180 300163.713340000 -0.0000 0.0000 100.0000
20397.1108 312460.2551 433.0027 300163.723340000 -0.0000 0.0000 100.0000
20397.0335 312460.2414 432.9874 300163.733340000 -0.0000 0.0000 100.0000
20396.9562 312460.2278 432.9721 300163.743340000 -0.0000 0.0000 100.0000
20396.8788 312460.2142 432.9567 300163.753340000 -0.0000 0.0000 100.0000
20396.8015 312460.2005 432.9414 300163.763340000 -0.0000 0.0000 100.0000
20396.7242 312460.1869 432.9261 300163.773340000 -0.0000 0.0000 100.0000
20396.6469 312460.1733 432.9108 300163.783340000 -0.0000 0.0000 100.0000
20396.5695 312460.1596 432.8955 300163.793340000 -0.0000 0.0000 100.0000
20396.4922 312460.1460 432.8801 300163.803340000 -0.0000 0.0000 100.0000
20396.4149 312460.1324 432.8648 300163.813340000 -0.0000 0.0000 100.0000
20396.3376 312460.1187 432.8495 300163.823340000 -0.0000 0.0000 100.0000
20396.2602 312460.1051 432.8342 300163.833340000 -0.0000 0.0000 100.0000
20396.1829 312460.0914 432.8188 300163.843340000 -0.0000 0.0000 100.0000
20396.1056 312460.0778 432.8035 300163.853340000 -0.0000 0.0000 100.0000
20396.0282 312460.0642 432.7882 300163.863340000 -0.0000 0.0000 100.0000
20395.9509 312460.0505 432.7729 300163.873340000 -0.0000 0.0000 100.0000
20395.8736 312460.0369 432.7576 300163.883340000 -0.0000 0.0000 100.0000
20395.7963 312460.0233 432.7422 300163.893340000 -0.0000 0.0000 100.0000
20395.7189 312460.0096 432.7269 300163.903340000 -0.0000 0.0000 100.0000
20395.6416 312459.9960 432.7116 300163.913340000 -0.0000 0.0000 100.0000
20395.5643 312459.9824 432.6963 300163.923340000 -0.0000 0.0000 100.0000
20395.4870 312459.9687 432.6810 300163.933340000 -0.0000 0.0000 100.0000
20395.4096 312459.9551 432.6656 300163.943340000 -0.0000 0.0000 100.0000
20395.3323 312459.9415 432.6503 300163.953340000 -0.0000 0.0000 100.0000
20395.2550 312459.9278 432.6350 300163.963340000 -0.0000 0.0000 100.0000
20395.1777 312459.9142 432.6197 300163.973340000 -0.0000 0.0000 100.0000
20395.1003 312459.9006 432.6043 300163.983340000 -0.0000 0.0000 100.0000
20395.0230 312459.8869 432.5890 300163.993340000 -0.0000 0.0000 100.0000
20394.9457 312459.8733 432.5737 300164.003340000 -0.0000 0.0000 100.0000
20394.8684 312459.8597 432.5584 300164.013340000 -0.0000 0.0000 100.0000
20394.7910 312459.8460 432.5431 300164.023340000 -0.0000 0.0000 100.0000
20394.7137 312459.8324 432.5277 300164.033340000 -0.0000 0.0000 100.0000
20394.6364 312459.8188 432.5124 300164.043340000 -0.0000 0.0000 100.0000
20394.5591 312459.8051 432.4971 300164.053340000 -0.0000 0.0000 100.0000
20394.4817 312459.7915 432.4818 300164.063340000 -0.0000 0.0000 100.0000
20394.4044 312459.7779 432.4665 300164.073340000 -0.0000 0.0000 100.0000
20394.3271 312459.7642 432.4511 300164.083340000 -0.0000 0.0000 100.0000
20394.2497 312459.7506 432.4358 300164.093340000 -0.0000 0.0000 100.0000
20394.1724 312459.7369 432.4205 300164.103340000 -0.0000 0.0000 100.0000
20394.0951 312459.7233 432.4052 300164.113340000 -0.0000 0.0000 100.0000
20394.0178 312459.7097 432.3898 300164.123340000 -0.0000 0.0000 100.0000
20393.9404 312459.6960 432.3745 300164.133340000 -0.0000 0.0000 100.0000
20393.8631 312459.6824 432.3592 300164.143340000 -0.0000 0.0000 100.0000
20393.7858 312459.6688 432.3439 300164.153340000 -0.0000 0.0000 100.0000
20393.7085 312459.6551 432.3286 300164.163340000 -0.0000 0.0000 100.0000
20393.6311 312459.6415 432.3132 300164.173340000 -0.0000 0.0000 100.0000
20393.5538 312459.6279 432.2979 300164.183340000 -0.0000 0.0000 100.0000
20393.4765 312459.6142 432.2826 300164.193340000 -0.0000 0.0000 100.0000
20393.3992 312459.6006 432.2673 300164.203340000 -0.0000 0.0000 100.0000
20393.3218 312459.5870 432.2519 300164.213340000 -0.0000 0.0000 100.0000
20393.2445 312459.5733 432.2366 300164.223340000 -0.0000 0.0000 100.0000
20393.1672 312459.5597 432.2213 300164.233340000 -0.0000 0.0000 100.0000
20393.0899 312459.5461 432.2060 300164.243340000 -0.0000 0.0000 100.0000
20393.0125 312459.5324 432.1907 300164.253340000 -0.0000 0.0000 100.0000
20392.9352 312459.5188 432.1753 300164.263340000 -0.0000 0.0000 100.0000
20392.8579 312459.5052 432.1600 300164.273340000 -0.0000 0.0000 100.0000
20392.7805 312459.4915 432.1447 300164.283340000 -0.0000 0.0000 100.0000
20392.7032 312459.4779 432.1294 300164.293340000 -0.0000 0.0000 100.0000
20392.6259 312459.4643 432.1141 300164.303340000 -0.0000 0.0000 100.0000
20392.5486 312459.4506 432.0987 300164.313340000 -0.0000 0.0000 100.0000
20392.4712 312459.4370 432.0834 300164.323340000 -0.0000 0.0000 100.0000
20392.3939 312459.4233 432.0681 300164.333340000 -0.0000 0.0000 100.0000
20392.3166 312459.4097 432.0528 300164.343340000 -0.0000 0.0000 100.0000
20392.2393 312459.3961 432.0374 300164.353340000 -0.0000 0.0000 100.0000
20392.1619 312459.3824 432.0221 300164.363340000 -0.0000 0.0000 100.0000
20392.0846 312459.3688 432.0068 300164.373340000 -0.0000 0.0000 100.0000
20392.0073 312459.3552 431.9915 300164.383340000 -0.0000 0.0000 100.0000
20391.9300 312459.3415 431.9762 300164.393340000 -0.0000 0.0000 100.0000
20391.8526 312459.3279 431.9608 300164.403340000 -0.0000 0.0000 100.0000
20391.7753 312459.3143 431.9455 300164.413340000 -0.0000 0.0000 100.0000
20391.6980 312459.3006 431.9302 300164.423340000 -0.0000 0.0000 100.0000
20391.6207 312459.2870 431.9149 300164.433340000 -0.0000 0.0000 100.0000
20391.5433 312459.2734 431.8995 300164.443340000 -0.0000 0.0000 100.0000
20391.4660 312459.2597 431.8842 300164.453340000 -0.0000 0.0000 100.0000
20391.3887 312459.2461 431.8689 300164.463340000 -0.0000 0.0000 100.0000
20391.3114 312459.2325 431.8536 300164.473340000 -0.0000 0.0000 100.0000
20391.2340 312459.2188 431.8383 300164.483340000 -0.0000 0.0000 100.0000
20391.1567 312459.2052 431.8229 300164.493340000 -0.0000 0.0000 100.0000
20391.0794 312459.1916 431.8076 300164.503340000 -0.0000 0.0000 100.0000
20391.0020 312459.1779 431.7923 300164.513340000 -0.0000 0.0000 100.0000
20390.9247 312459.1643 431.7770 300164.523340000 -0.0000 0.0000 100.0000
20390.8474 312459.1507 431.7617 300164.533340000 -0.0000 0.0000 100.0000
20390.7701 312459.1370 431.7463 300164.543340000 -0.0000 0.0000 100.0000
20390.6927 312459.1234 431.7310 300164.553340000 -0.0000 0.0000 100.0000
20390.6154 312459.1098 431.7157 300164.563340000 -0.0000 0.0000 100.0000
20390.5381 312459.0961 431.7004 300164.573340000 -0.0000 0.0000 100.0000
20390.4608 312459.0825 431.6850 300164.583340000 -0.0000 0.0000 100.0000
20390.3834 312459.0688 431.6697 300164.593340000 -0.0000 0.0000 100.0000
20390.3061 312459.0552 431.6544 300164.603340000 -0.0000 0.0000 100.0000
20390.2288 312459.0416 431.6391 300164.613340000 -0.0000 0.0000 100.0000
20390.1515 312459.0279 431.6238 300164.623340000 -0.0000 0.0000 100.0000
20390.0741 312459.0143 431.6084 300164.633340000 -0.0000 0.0000 100.0000
20389.9968 312459.0007 431.5931 300164.643340000 -0.0000 0.0000 100.0000
20389.9195 312458.9870 431.5778 300164.653340000 -0.0000 0.0000 100.0000
20389.8422 312458.9734 431.5625 300164.663340000 -0.0000 0.0000 100.0000
20389.7648 312458.9598 431.5471 300164.673340000 -0.0000 0.0000 100.0000
20389.6875 312458.9461 431.5318 300164.683340000 -0.0000 0.0000 100.0000
20389.6102 312458.9325 431.5165 300164.693340000 -0.0000 0.0000 100.0000
20389.5328 312458.9189 431.5012 300164.703340000 -0.0000 0.0000 100.0000
20389.4555 312458.9052 431.4859 300164.713340000 -0.0000 0.0000 100.0000
20389.3782 312458.8916 431.4705 300164.723340000 -0.0000 0.0000 100.0000
20389.3009 312458.8780 431.4552 300164.733340000 -0.0000 0.0000 100.0000
20389.2235 312458.8643 431.4399 300164.743340000 -0.0000 0.0000 100.0000
20389.1462 312458.8507 431.4246 300164.753340000 -0.0000 0.0000 100.0000
20389.0689 312458.8371 431.4093 300164.763340000 -0.0000 0.0000 100.0000
20388.9916 312458.8234 431.3939 300164.773340000 -0.0000 0.0000 100.0000
20388.9142 312458.8098 431.3786 300164.783340000 -0.0000 0.0000 100.0000
20388.8369 312458.7962 431.3633 300164.793340000 -0.0000 0.0000 100.0000
20388.7596 312458.7825 431.3480 300164.803340000 -0.0000 0.0000 100.0000
20388.6823 312458.7689 431.3326 300164.813340000 -0.0000 0.0000 100.0000
20388.6049 312458.7552 431.3173 300164.823340000 -0.0000 0.0000 100.0000
20388.5276 312458.7416 431.3020 300164.833340000 -0.0000 0.0000 100.0000
20388.4503 312458.7280 431.2867 300164.843340000 -0.0000 0.0000 100.0000
20388.3730 312458.7143 431.2714 300164.853340000 -0.0000 0.0000 100.0000
20388.2956 312458.7007 431.2560 300164.863340000 -0.0000 0.0000 100.0000
20388.2183 312458.6871 431.2407 300164.873340000 -0.0000 0.0000 100.0000
20388.1410 312458.6734 431.2254 300164.883340000 -0.0000 0.0000 100.0000
20388.0637 312458.6598 431.2101 300164.893340000 -0.0000 0.0000 100.0000
20387.9863 312458.6462 431.1948 300164.903340000 -0.0000 0.0000 100.0000
20387.9090 312458.6325 431.1794 300164.913340000 -0.0000 0.0000 100.0000
20387.8317 312458.6189 431.1641 300164.923340000 -0.0000 0.0000 100.0000
20387.7543 312458.6053 431.1488 300164.933340000 -0.0000 0.0000 100.0000
20387.6770 312458.5916 431.1335 300164.943340000 -0.0000 0.0000 100.0000
20387.5997 312458.5780 431.1181 300164.953340000 -0.0000 0.0000 100.0000
20387.5224 312458.5644 431.1028 300164.963340000 -0.0000 0.0000 100.0000
20387.4450 312458.5507 431.0875 300164.973340000 -0.0000 0.0000 100.0000
20387.3677 312458.5371 431.0722 300164.983340000 -0.0000 0.0000 100.0000
20387.2904 312458.5235 431.0569 300164.993340000 -0.0000 0.0000 100.0000
20387.2131 312458.5098 431.0415 300165.003340000 -0.0000 0.0000 100.0000
20387.1357 312458.4962 431.0262 300165.013340000 -0.0000 0.0000 100.0000
20387.0584 312458.4826 431.0109 300165.023340000 -0.0000 0.0000 100.0000
20386.9811 312458.4689 430.9956 300165.033340000 -0.0000 0.0000 100.0000
20386.9038 312458.4553 430.9802 300165.043340000 -0.0000 0.0000 100.0000
20386.8264 312458.4417 430.9649 300165.053340000 -0.0000 0.0000 100.0000
20386.7491 312458.4280 430.9496 300165.063340000 -0.0000 0.0000 100.0000
20386.6718 312458.4144 430.9343 300165.073340000 -0.0000 0.0000 100.0000
20386.5945 312458.4007 430.9190 300165.083340000 -0.0000 0.0000 100.0000
20386.5171 312458.3871 430.9036 300165.093340000 -0.0000 0.0000 100.0000
20386.4398 312458.3735 430.8883 300165.103340000 -0.0000 0.0000 100.0000
20386.3625 312458.3598 430.8730 300165.113340000 -0.0000 0.0000 100.0000
20386.2851 312458.3462 430.8577 300165.123340000 -0.0000 0.0000 100.0000
20386.2078 312458.3326 430.8424 300165.133340000 -0.0000 0.0000 100.0000
20386.1305 312458.3189 430.8270 300165.143340000 -0.0000 0.0000 100.0000
20386.0532 312458.3053 430.8117 300165.153340000 -0.0000 0.0000 100.0000
20385.9758 312458.2917 430.7964 300165.163340000 -0.0000 0.0000 100.0000
20385.8985 312458.2780 430.7811 300165.173340000 -0.0000 0.0000 100.0000
20385.8212 312458.2644 430.7657 300165.183340000 -0.0000 0.0000 100.0000
20385.7439 312458.2508 430.7504 300165.193340000 -0.0000 0.0000 100.0000
20385.6665 312458.2371 430.7351 300165.203340000 -0.0000 0.0000 100.0000
20385.5892 312458.2235 430.7198 300165.213340000 -0.0000 0.0000 100.0000
20385.5119 312458.2099 430.7045 300165.223340000 -0.0000 0.0000 100.0000
20385.4346 312458.1962 430.6891 300165.233340000 -0.0000 0.0000 100.0000
20385.3572 312458.1826 430.6738 300165.243340000 -0.0000 0.0000 100.0000
20385.2799 312458.1690 430.6585 300165.253340000 -0.0000 0.0000 100.0000
20385.2026 312458.1553 430.6432 300165.263340000 -0.0000 0.0000 100.0000
20385.1253 312458.1417 430.6278 300165.273340000 -0.0000 0.0000 100.0000
20385.0479 312458.1281 430.6125 300165.283340000 -0.0000 0.0000 100.0000
20384.9706 312458.1144 430.5972 300165.293340000 -0.0000 0.0000 100.0000
20384.8933 312458.1008 430.5819 300165.303340000 -0.0000 0.0000 100.0000
20384.8160 312458.0871 430.5666 300165.313340000 -0.0000 0.0000 100.0000
20384.7386 312458.0735 430.5512 300165.323340000 -0.0000 0.0000 100.0000
20384.6613 312458.0599 430.5359 300165.333340000 -0.0000 0.0000 100.0000
20384.5840 312458.0462 430.5206 300165.343340000 -0.0000 0.0000 100.0000
20384.5066 312458.0326 430.5053 300165.353340000 -0.0000 0.0000 100.0000
20384.4293 312458.0190 430.4900 300165.363340000 -0.0000 0.0000 100.0000
20384.3520 312458.0053 430.4746 300165.373340000 -0.0000 0.0000 100.0000
20384.2747 312457.9917 430.4593 300165.383340000 -0.0000 0.0000 100.0000
20384.1973 312457.9781 430.4440 300165.393340000 -0.0000 0.0000 100.0000
20384.1200 312457.9644 430.4287 300165.403340000 -0.0000 0.0000 100.0000
20384.0427 312457.9508 430.4133 300165.413340000 -0.0000 0.0000 100.0000
20383.9654 312457.9372 430.3980 300165.423340000 -0.0000 0.0000 100.0000
20383.8880 312457.9235 430.3827 300165.433340000 -0.0000 0.0000 100.0000
20383.8107 312457.9099 430.3674 300165.443340000 -0.0000 0.0000 100.0000
20383.7334 312457.8963 430.3521 300165.453340000 -0.0000 0.0000 100.0000
20383.6561 312457.8826 430.3367 300165.463340000 -0.0000 0.0000 100.0000
20383.5787 312457.8690 430.3214 300165.473340000 -0.0000 0.0000 100.0000
20383.5014 312457.8554 430.3061 300165.483340000 -0.0000 0.0000 100.0000
20383.4241 312457.8417 430.2908 300165.493340000 -0.0000 0.0000 100.0000
20383.3468 312457.8281 430.2754 300165.503340000 -0.0000 0.0000 100.0000
20383.2694 312457.8145 430.2601 300165.513340000 -0.0000 0.0000 100.0000
20383.1921 312457.8008 430.2448 300165.523340000 -0.0000 0.0000 100.0000
20383.1148 312457.7872 430.2295 300165.533340000 -0.0000 0.0000 100.0000
20383.0374 312457.7736 430.2142 300165.543340000 -0.0000 0.0000 100.0000
20382.9601 312457.7599 430.1988 300165.553340000 -0.0000 0.0000 100.0000
20382.8828 312457.7463 430.1835 300165.563340000 -0.0000 0.0000 100.0000
20382.8055 312457.7326 430.1682 300165.573340000 -0.0000 0.0000 100.0000
20382.7281 312457.7190 430.1529 300165.583340000 -0.0000 0.0000 100.0000
20382.6508 312457.7054 430.1376 300165.593340000 -0.0000 0.0000 100.0000
20382.5735 312457.6917 430.1222 300165.603340000 -0.0000 0.0000 100.0000
20382.4962 312457.6781 430.1069 300165.613340000 -0.0000 0.0000 100.0000
20382.4188 312457.6645 430.0916 300165.623340000 -0.0000 0.0000 100.0000
20382.3415 312457.6508 430.0763 300165.633340000 -0.0000 0.0000 100.0000
20382.2642 312457.6372 430.0609 300165.643340000 -0.0000 0.0000 100.0000
20382.1869 312457.6236 430.0456 300165.653340000 -0.0000 0.0000 100.0000
20382.1095 312457.6099 430.0303 300165.663340000 -0.0000 0.0000 100.0000
20382.0322 312457.5963 430.0150 300165.673340000 -0.0000 0.0000 100.0000
20381.9549 312457.5827 429.9997 300165.683340000 -0.0000 0.0000 100.0000
20381.8776 312457.5690 429.9843 300165.693340000 -0.0000 0.0000 100.0000
20381.8002 312457.5554 429.9690 300165.703340000 -0.0000 0.0000 100.0000
20381.7229 312457.5418 429.9537 300165.713340000 -0.0000 0.0000 100.0000
20381.6456 312457.5281 429.9384 300165.723340000 -0.0000 0.0000 100.0000
20381.5683 312457.5145 429.9231 300165.733340000 -0.0000 0.0000 100.0000
20381.4909 312457.5009 429.9077 300165.743340000 -0.0000 0.0000 100.0000
20381.4136 312457.4872 429.8924 300165.753340000 -0.0000 0.0000 100.0000
20381.3363 312457.4736 429.8771 300165.763340000 -0.0000 0.0000 100.0000
20381.2589 312457.4600 429.8618 300165.773340000 -0.0000 0.0000 100.0000
20381.1816 312457.4463 429.8464 300165.783340000 -0.0000 0.0000 100.0000
20381.1043 312457.4327 429.8311 300165.793340000 -0.0000 0.0000 100.0000
20381.0270 312457.4190 429.8158 300165.803340000 -0.0000 0.0000 100.0000
20380.9496 312457.4054 429.8005 300165.813340000 -0.0000 0.0000 100.0000
20380.8723 312457.3918 429.7852 300165.823340000 -0.0000 0.0000 100.0000
20380.7950 312457.3781 429.7698 300165.833340000 -0.0000 0.0000 100.0000
20380.7177 312457.3645 429.7545 300165.843340000 -0.0000 0.0000 100.0000
20380.6403 312457.3509 429.7392 300165.853340000 -0.0000 0.0000 100.0000
20380.5630 312457.3372 429.7239 300165.863340000 -0.0000 0.0000 100.0000
20380.4857 312457.3236 429.7085 300165.873340000 -0.0000 0.0000 100.0000
20380.4084 312457.3100 429.6932 300165.883340000 -0.0000 0.0000 100.0000
20380.3310 312457.2963 429.6779 300165.893340000 -0.0000 0.0000 100.0000
20380.2537 312457.2827 429.6626 300165.903340000 -0.0000 0.0000 100.0000
20380.1764 312457.2691 429.6473 300165.913340000 -0.0000 0.0000 100.0000
20380.0991 312457.2554 429.6319 300165.923340000 -0.0000 0.0000 100.0000
20380.0217 312457.2418 429.6166 300165.933340000 -0.0000 0.0000 100.0000
20379.9444 312457.2282 429.6013 300165.943340000 -0.0000 0.0000 100.0000
20379.8671 312457.2145 429.5860 300165.953340000 -0.0000 0.0000 100.0000
20379.7897 312457.2009 429.5707 300165.963340000 -0.0000 0.0000 100.0000
20379.7124 312457.1873 429.5553 300165.973340000 -0.0000 0.0000 100.0000
20379.6351 312457.1736 429.5400 300165.983340000 -0.0000 0.0000 100.0000
20379.5578 312457.1600 429.5247 300165.993340000 -0.0000 0.0000 100.0000
20379.4804 312457.1464 429.5094 300166.003340000 -0.0000 0.0000 100.0000
20379.4031 312457.1327 429.4940 300166.013340000 -0.0000 0.0000 100.0000
20379.3258 312457.1191 429.4787 300166.023340000 -0.0000 0.0000 100.0000
20379.2485 312457.1055 429.4634 300166.033340000 -0.0000 0.0000 100.0000
20379.1711 312457.0918 429.4481 300166.043340000 -0.0000 0.0000 100.0000
20379.0938 312457.0782 429.4328 300166.053340000 -0.0000 0.0000 100.0000
20379.0165 312457.0645 429.4174 300166.063340000 -0.0000 0.0000 100.0000
20378.9392 312457.0509 429.4021 300166.073340000 -0.0000 0.0000 100.0000
20378.8618 312457.0373 429.3868 300166.083340000 -0.0000 0.0000 100.0000
20378.7845 312457.0236 429.3715 300166.093340000 -0.0000 0.0000 100.0000
20378.7072 312457.0100 429.3561 300166.103340000 -0.0000 0.0000 100.0000
20378.6299 312456.9964 429.3408 300166.113340000 -0.0000 0.0000 100.0000
20378.5525 312456.9827 429.3255 300166.123340000 -0.0000 0.0000 100.0000
20378.4752 312456.9691 429.3102 300166.133340000 -0.0000 0.0000 100.0000
20378.3979 312456.9555 429.2949 300166.143340000 -0.0000 0.0000 100.0000
20378.3206 312456.9418 429.2795 300166.153340000 -0.0000 0.0000 100.0000
20378.2432 312456.9282 429.2642 300166.163340000 -0.0000 0.0000 100.0000
20378.1659 312456.9146 429.2489 300166.173340000 -0.0000 0.0000 100.0000
20378.0886 312456.9009 429.2336 300166.183340000 -0.0000 0.0000 100.0000
20378.0112 312456.8873 429.2183 300166.193340000 -0.0000 0.0000 100.0000
20377.9339 312456.8737 429.2029 300166.203340000 -0.0000 0.0000 100.0000
20377.8566 312456.8600 429.1876 300166.213340000 -0.0000 0.0000 100.0000
20377.7793 312456.8464 429.1723 300166.223340000 -0.0000 0.0000 100.0000
20377.7019 312456.8328 429.1570 300166.233340000 -0.0000 0.0000 100.0000
20377.6246 312456.8191 429.1416 300166.243340000 -0.0000 0.0000 100.0000
20377.5473 312456.8055 429.1263 300166.253340000 -0.0000 0.0000 100.0000
20377.4700 312456.7919 429.1110 300166.263340000 -0.0000 0.0000 100.0000
20377.3926 312456.7782 429.0957 300166.273340000 -0.0000 0.0000 100.0000
20377.3153 312456.7646 429.0804 300166.283340000 -0.0000 0.0000 100.0000
20377.2380 312456.7509 429.0650 300166.293340000 -0.0000 0.0000 100.0000
20377.1607 312456.7373 429.0497 300166.303340000 -0.0000 0.0000 100.0000
20377.0833 312456.7237 429.0344 300166.313340000 -0.0000 0.0000 100.0000
20377.0060 312456.7100 429.0191 300166.323340000 -0.0000 0.0000 100.0000
20376.9287 312456.6964 429.0037 300166.333340000 -0.0000 0.0000 100.0000
20376.8514 312456.6828 428.9884 300166.343340000 -0.0000 0.0000 100.0000
20376.7740 312456.6691 428.9731 300166.353340000 -0.0000 0.0000 100.0000
20376.6967 312456.6555 428.9578 300166.363340000 -0.0000 0.0000 100.0000
20376.6194 312456.6419 428.9425 300166.373340000 -0.0000 0.0000 100.0000
20376.5420 312456.6282 428.9271 300166.383340000 -0.0000 0.0000 100.0000
20376.4647 312456.6146 428.9118 300166.393340000 -0.0000 0.0000 100.0000
20376.3874 312456.6010 428.8965 300166.403340000 -0.0000 0.0000 100.0000
20376.3101 312456.5873 428.8812 300166.413340000 -0.0000 0.0000 100.0000
20376.2327 312456.5737 428.8659 300166.423340000 -0.0000 0.0000 100.0000
20376.1554 312456.5601 428.8505 300166.433340000 -0.0000 0.0000 100.0000
20376.0781 312456.5464 428.8352 300166.443340000 -0.0000 0.0000 100.0000
20376.0008 312456.5328 428.8199 300166.453340000 -0.0000 0.0000 100.0000
20375.9234 312456.5192 428.8046 300166.463340000 -0.0000 0.0000 100.0000
20375.8461 312456.5055 428.7892 300166.473340000 -0.0000 0.0000 100.0000
20375.7688 312456.4919 428.7739 300166.483340000 -0.0000 0.0000 100.0000
20375.6915 312456.4783 428.7586 300166.493340000 -0.0000 0.0000 100.0000
20375.6141 312456.4646 428.7433 300166.503340000 -0.0000 0.0000 100.0000
20375.5368 312456.4510 428.7280 300166.513340000 -0.0000 0.0000 100.0000
20375.4595 312456.4374 428.7126 300166.523340000 -0.0000 0.0000 100.0000
20375.3822 312456.4237 428.6973 300166.533340000 -0.0000 0.0000 100.0000
20375.3048 312456.4101 428.6820 300166.543340000 -0.0000 0.0000 100.0000
20375.2275 312456.3964 428.6667 300166.553340000 -0.0000 0.0000 100.0000
20375.1502 312456.3828 428.6514 300166.563340000 -0.0000 0.0000 100.0000
20375.0729 312456.3692 428.6360 300166.573340000 -0.0000 0.0000 100.0000
20374.9955 312456.3555 428.6207 300166.583340000 -0.0000 0.0000 100.0000
20374.9182 312456.3419 428.6054 300166.593340000 -0.0000 0.0000 100.0000
20374.8409 312456.3283 428.5901 300166.603340000 -0.0000 0.0000 100.0000
20374.7635 312456.3146 428.5747 300166.613340000 -0.0000 0.0000 100.0000
20374.6862 312456.3010 428.5594 300166.623340000 -0.0000 0.0000 100.0000
20374.6089 312456.2874 428.5441 300166.633340000 -0.0000 0.0000 100.0000
20374.5316 312456.2737 428.5288 300166.643340000 -0.0000 0.0000 100.0000
20374.4542 312456.2601 428.5135 300166.653340000 -0.0000 0.0000 100.0000
20374.3769 312456.2465 428.4981 300166.663340000 -0.0000 0.0000 100.0000
20374.2996 312456.2328 428.4828 300166.673340000 -0.0000 0.0000 100.0000
20374.2223 312456.2192 428.4675 300166.683340000 -0.0000 0.0000 100.0000
20374.1449 312456.2056 428.4522 300166.693340000 -0.0000 0.0000 100.0000
20374.0676 312456.1919 428.4368 300166.703340000 -0.0000 0.0000 100.0000
20373.9903 312456.1783 428.4215 300166.713340000 -0.0000 0.0000 100.0000
20373.9130 312456.1647 428.4062 300166.723340000 -0.0000 0.0000 100.0000
20373.8356 312456.1510 428.3909 300166.733340000 -0.0000 0.0000 100.0000
20373.7583 312456.1374 428.3756 300166.743340000 -0.0000 0.0000 100.0000
20373.6810 312456.1238 428.3602 300166.753340000 -0.0000 0.0000 100.0000
20373.6037 312456.1101 428.3449 300166.763340000 -0.0000 0.0000 100.0000
20373.5263 312456.0965 428.3296 300166.773340000 -0.0000 0.0000 100.0000
20373.4490 312456.0828 428.3143 300166.783340000 -0.0000 0.0000 100.0000
20373.3717 312456.0692 428.2990 300166.793340000 -0.0000 0.0000 100.0000
20373.2943 312456.0556 428.2836 300166.803340000 -0.0000 0.0000 100.0000
20373.2170 312456.0419 428.2683 300166.813340000 -0.0000 0.0000 100.0000
20373.1397 312456.0283 428.2530 300166.823340000 -0.0000 0.0000 100.0000
20373.0624 312456.0147 428.2377 300166.833340000 -0.0000 0.0000 100.0000
20372.9850 312456.0010 428.2223 300166.843340000 -0.0000 0.0000 100.0000
20372.9077 312455.9874 428.2070 300166.853340000 -0.0000 0.0000 100.0000
20372.8304 312455.9738 428.1917 300166.863340000 -0.0000 0.0000 100.0000
20372.7531 312455.9601 428.1764 300166.873340000 -0.0000 0.0000 100.0000
20372.6757 312455.9465 428.1611 300166.883340000 -0.0000 0.0000 100.0000
20372.5984 312455.9329 428.1457 300166.893340000 -0.0000 0.0000 100.0000
20372.5211 312455.9192 428.1304 300166.903340000 -0.0000 0.0000 100.0000
20372.4438 312455.9056 428.1151 300166.913340000 -0.0000 0.0000 100.0000
20372.3664 312455.8920 428.0998 300166.923340000 -0.0000 0.0000 100.0000
20372.2891 312455.8783 428.0844 300166.933340000 -0.0000 0.0000 100.0000
20372.2118 312455.8647 428.0691 300166.943340000 -0.0000 0.0000 100.0000
20372.1345 312455.8511 428.0538 300166.953340000 -0.0000 0.0000 100.0000
20372.0571 312455.8374 428.0385 300166.963340000 -0.0000 0.0000 100.0000
20371.9798 312455.8238 428.0232 300166.973340000 -0.0000 0.0000 100.0000
20371.9025 312455.8102 428.0078 300166.983340000 -0.0000 0.0000 100.0000
20371.8251 312455.7965 427.9925 300166.993340000 -0.0000 0.0000 100.0000
20371.7478 312455.7829 427.9772 300167.003340000 -0.0000 0.0000 100.0000
20371.6705 312455.7693 427.9619 300167.013340000 -0.0000 0.0000 100.0000
20371.5932 312455.7556 427.9466 300167.023340000 -0.0000 0.0000 100.0000
20371.5158 312455.7420 427.9312 300167.033340000 -0.0000 0.0000 100.0000
20371.4385 312455.7283 427.9159 300167.043340000 -0.0000 0.0000 100.0000
20371.3612 312455.7147 427.9006 300167.053340000 -0.0000 0.0000 100.0000
20371.2839 312455.7011 427.8853 300167.063340000 -0.0000 0.0000 100.0000
20371.2065 312455.6874 427.8699 300167.073340000 -0.0000 0.0000 100.0000
20371.1292 312455.6738 427.8546 300167.083340000 -0.0000 0.0000 100.0000
20371.0519 312455.6602 427.8393 300167.093340000 -0.0000 0.0000 100.0000
20370.9746 312455.6465 427.8240 300167.103340000 -0.0000 0.0000 100.0000
20370.8972 312455.6329 427.8087 300167.113340000 -0.0000 0.0000 100.0000
20370.8199 312455.6193 427.7933 300167.123340000 -0.0000 0.0000 100.0000
20370.7426 312455.6056 427.7780 300167.133340000 -0.0000 0.0000 100.0000
20370.6653 312455.5920 427.7627 300167.143340000 -0.0000 0.0000 100.0000
20370.5879 312455.5784 427.7474 300167.153340000 -0.0000 0.0000 100.0000
20370.5106 312455.5647 427.7320 300167.163340000 -0.0000 0.0000 100.0000
20370.4333 312455.5511 427.7167 300167.173340000 -0.0000 0.0000 100.0000
20370.3560 312455.5375 427.7014 300167.183340000 -0.0000 0.0000 100.0000
20370.2786 312455.5238 427.6861 300167.193340000 -0.0000 0.0000 100.0000
20370.2013 312455.5102 427.6708 300167.203340000 -0.0000 0.0000 100.0000
20370.1240 312455.4966 427.6554 300167.213340000 -0.0000 0.0000 100.0000
20370.0466 312455.4829 427.6401 300167.223340000 -0.0000 0.0000 100.0000
20369.9693 312455.4693 427.6248 300167.233340000 -0.0000 0.0000 100.0000
20369.8920 312455.4557 427.6095 300167.243340000 -0.0000 0.0000 100.0000
20369.8147 312455.4420 427.5942 300167.253340000 -0.0000 0.0000 100.0000
20369.7373 312455.4284 427.5788 300167.263340000 -0.0000 0.0000 100.0000
20369.6600 312455.4147 427.5635 300167.273340000 -0.0000 0.0000 100.0000
20369.5827 312455.4011 427.5482 300167.283340000 -0.0000 0.0000 100.0000
20369.5054 312455.3875 427.5329 300167.293340000 -0.0000 0.0000 100.0000
20369.4280 312455.3738 427.5175 300167.303340000 -0.0000 0.0000 100.0000
20369.3507 312455.3602 427.5022 300167.313340000 -0.0000 0.0000 100.0000
20369.2734 312455.3466 427.4869 300167.323340000 -0.0000 0.0000 100.0000
20369.1961 312455.3329 427.4716 300167.333340000 -0.0000 0.0000 100.0000
20369.1187 312455.3193 427.4563 300167.343340000 -0.0000 0.0000 100.0000
20369.0414 312455.3057 427.4409 300167.353340000 -0.0000 0.0000 100.0000
20368.9641 312455.2920 427.4256 300167.363340000 -0.0000 0.0000 100.0000
20368.8868 312455.2784 427.4103 300167.373340000 -0.0000 0.0000 100.0000
20368.8094 312455.2648 427.3950 300167.383340000 -0.0000 0.0000 100.0000
20368.7321 312455.2511 427.3796 300167.393340000 -0.0000 0.0000 100.0000
20368.6548 312455.2375 427.3643 300167.403340000 -0.0000 0.0000 100.0000
20368.5774 312455.2239 427.3490 300167.413340000 -0.0000 0.0000 100.0000
20368.5001 312455.2102 427.3337 300167.423340000 -0.0000 0.0000 100.0000
20368.4228 312455.1966 427.3184 300167.433340000 -0.0000 0.0000 100.0000
20368.3455 312455.1830 427.3030 300167.443340000 -0.0000 0.0000 100.0000
20368.2681 312455.1693 427.2877 300167.453340000 -0.0000 0.0000 100.0000
20368.1908 312455.1557 427.2724 300167.463340000 -0.0000 0.0000 100.0000
20368.1135 312455.1421 427.2571 300167.473340000 -0.0000 0.0000 100.0000
20368.0362 312455.1284 427.2418 300167.483340000 -0.0000 0.0000 100.0000
20367.9588 312455.1148 427.2264 300167.493340000 -0.0000 0.0000 100.0000
20367.8815 312455.1012 427.2111 300167.503340000 -0.0000 0.0000 100.0000
20367.8042 312455.0875 427.1958 300167.513340000 -0.0000 0.0000 100.0000
20367.7269 312455.0739 427.1805 300167.523340000 -0.0000 0.0000 100.0000
20367.6495 312455.0602 427.1651 300167.533340000 -0.0000 0.0000 100.0000
20367.5722 312455.0466 427.1498 300167.543340000 -0.0000 0.0000 100.0000
20367.4949 312455.0330 427.1345 300167.553340000 -0.0000 0.0000 100.0000
20367.4176 312455.0193 427.1192 300167.563340000 -0.0000 0.0000 100.0000
20367.3402 312455.0057 427.1039 300167.573340000 -0.0000 0.0000 100.0000
20367.2629 312454.9921 427.0885 300167.583340000 -0.0000 0.0000 100.0000
20367.1856 312454.9784 427.0732 300167.593340000 -0.0000 0.0000 100.0000
20367.1083 312454.9648 427.0579 300167.603340000 -0.0000 0.0000 100.0000
20367.0309 312454.9512 427.0426 300167.613340000 -0.0000 0.0000 100.0000
20366.9536 312454.9375 427.0273 300167.623340000 -0.0000 0.0000 100.0000
20366.8763 312454.9239 427.0119 300167.633340000 -0.0000 0.0000 100.0000
20366.7989 312454.9103 426.9966 300167.643340000 -0.0000 0.0000 100.0000
20366.7216 312454.8966 426.9813 300167.653340000 -0.0000 0.0000 100.0000
20366.6443 312454.8830 426.9660 300167.663340000 -0.0000 0.0000 100.0000
20366.5670 312454.8694 426.9506 300167.673340000 -0.0000 0.0000 100.0000
20366.4896 312454.8557 426.9353 300167.683340000 -0.0000 0.0000 100.0000
20366.4123 312454.8421 426.9200 300167.693340000 -0.0000 0.0000 100.0000
20366.3350 312454.8285 426.9047 300167.703340000 -0.0000 0.0000 100.0000
20366.2577 312454.8148 426.8894 300167.713340000 -0.0000 0.0000 100.0000
20366.1803 312454.8012 426.8740 300167.723340000 -0.0000 0.0000 100.0000
20366.1030 312454.7876 426.8587 300167.733340000 -0.0000 0.0000 100.0000
20366.0257 312454.7739 426.8434 300167.743340000 -0.0000 0.0000 100.0000
20365.9484 312454.7603 426.8281 300167.753340000 -0.0000 0.0000 100.0000
20365.8710 312454.7466 426.8127 300167.763340000 -0.0000 0.0000 100.0000
20365.7937 312454.7330 426.7974 300167.773340000 -0.0000 0.0000 100.0000
20365.7164 312454.7194 426.7821 300167.783340000 -0.0000 0.0000 100.0000
20365.6391 312454.7057 426.7668 300167.793340000 -0.0000 0.0000 100.0000
20365.5617 312454.6921 426.7515 300167.803340000 -0.0000 0.0000 100.0000
20365.4844 312454.6785 426.7361 300167.813340000 -0.0000 0.0000 100.0000
20365.4071 312454.6648 426.7208 300167.823340000 -0.0000 0.0000 100.0000
20365.3297 312454.6512 426.7055 300167.833340000 -0.0000 0.0000 100.0000
20365.2524 312454.6376 426.6902 300167.843340000 -0.0000 0.0000 100.0000
20365.1751 312454.6239 426.6749 300167.853340000 -0.0000 0.0000 100.0000
20365.0978 312454.6103 426.6595 300167.863340000 -0.0000 0.0000 100.0000
20365.0204 312454.5967 426.6442 300167.873340000 -0.0000 0.0000 100.0000
20364.9431 312454.5830 426.6289 300167.883340000 -0.0000 0.0000 100.0000
20364.8658 312454.5694 426.6136 300167.893340000 -0.0000 0.0000 100.0000
20364.7885 312454.5558 426.5982 300167.903340000 -0.0000 0.0000 100.0000
20364.7111 312454.5421 426.5829 300167.913340000 -0.0000 0.0000 100.0000
20364.6338 312454.5285 426.5676 300167.923340000 -0.0000 0.0000 100.0000
20364.5565 312454.5149 426.5523 300167.933340000 -0.0000 0.0000 100.0000
20364.4792 312454.5012 426.5370 300167.943340000 -0.0000 0.0000 100.0000
20364.4018 312454.4876 426.5216 300167.953340000 -0.0000 0.0000 100.0000
20364.3245 312454.4740 426.5063 300167.963340000 -0.0000 0.0000 100.0000
20364.2472 312454.4603 426.4910 300167.973340000 -0.0000 0.0000 100.0000
20364.1699 312454.4467 426.4757 300167.983340000 -0.0000 0.0000 100.0000
20364.0925 312454.4331 426.4603 300167.993340000 -0.0000 0.0000 100.0000
20364.0152 312454.4194 426.4450 300168.003340000 -0.0000 0.0000 100.0000
20363.9379 312454.4058 426.4297 300168.013340000 -0.0000 0.0000 100.0000
20363.8606 312454.3921 426.4144 300168.023340000 -0.0000 0.0000 100.0000
20363.7832 312454.3785 426.3991 300168.033340000 -0.0000 0.0000 100.0000
20363.7059 312454.3649 426.3837 300168.043340000 -0.0000 0.0000 100.0000
20363.6286 312454.3512 426.3684 300168.053340000 -0.0000 0.0000 100.0000
20363.5512 312454.3376 426.3531 300168.063340000 -0.0000 0.0000 100.0000
20363.4739 312454.3240 426.3378 300168.073340000 -0.0000 0.0000 100.0000
20363.3966 312454.3103 426.3225 300168.083340000 -0.0000 0.0000 100.0000
20363.3193 312454.2967 426.3071 300168.093340000 -0.0000 0.0000 100.0000
20363.2419 312454.2831 426.2918 300168.103340000 -0.0000 0.0000 100.0000
20363.1646 312454.2694 426.2765 300168.113340000 -0.0000 0.0000 100.0000
20363.0873 312454.2558 426.2612 300168.123340000 -0.0000 0.0000 100.0000
20363.0100 312454.2422 426.2458 300168.133340000 -0.0000 0.0000 100.0000
20362.9326 312454.2285 426.2305 300168.143340000 -0.0000 0.0000 100.0000
20362.8553 312454.2149 426.2152 300168.153340000 -0.0000 0.0000 100.0000
20362.7780 312454.2013 426.1999 300168.163340000 -0.0000 0.0000 100.0000
20362.7007 312454.1876 426.1846 300168.173340000 -0.0000 0.0000 100.0000
20362.6233 312454.1740 426.1692 300168.183340000 -0.0000 0.0000 100.0000
20362.5460 312454.1604 426.1539 300168.193340000 -0.0000 0.0000 100.0000
20362.4687 312454.1467 426.1386 300168.203340000 -0.0000 0.0000 100.0000
20362.3914 312454.1331 426.1233 300168.213340000 -0.0000 0.0000 100.0000
20362.3140 312454.1195 426.1079 300168.223340000 -0.0000 0.0000 100.0000
20362.2367 312454.1058 426.0926 300168.233340000 -0.0000 0.0000 100.0000
20362.1594 312454.0922 426.0773 300168.243340000 -0.0000 0.0000 100.0000
20362.0820 312454.0785 426.0620 300168.253340000 -0.0000 0.0000 100.0000
20362.0047 312454.0649 426.0467 300168.263340000 -0.0000 0.0000 100.0000
20361.9274 312454.0513 426.0313 300168.273340000 -0.0000 0.0000 100.0000
20361.8501 312454.0376 426.0160 300168.283340000 -0.0000 0.0000 100.0000
20361.7727 312454.0240 426.0007 300168.293340000 -0.0000 0.0000 100.0000
20361.6954 312454.0104 425.9854 300168.303340000 -0.0000 0.0000 100.0000
20361.6181 312453.9967 425.9701 300168.313340000 -0.0000 0.0000 100.0000
20361.5408 312453.9831 425.9547 300168.323340000 -0.0000 0.0000 100.0000
20361.4634 312453.9695 425.9394 300168.333340000 -0.0000 0.0000 100.0000
20361.3861 312453.9558 425.9241 300168.343340000 -0.0000 0.0000 100.0000
20361.3088 312453.9422 425.9088 300168.353340000 -0.0000 0.0000 100.0000
20361.2315 312453.9286 425.8934 300168.363340000 -0.0000 0.0000 100.0000
20361.1541 312453.9149 425.8781 300168.373340000 -0.0000 0.0000 100.0000
20361.0768 312453.9013 425.8628 300168.383340000 -0.0000 0.0000 100.0000
20360.9995 312453.8877 425.8475 300168.393340000 -0.0000 0.0000 100.0000
20360.9222 312453.8740 425.8322 300168.403340000 -0.0000 0.0000 100.0000
20360.8448 312453.8604 425.8168 300168.413340000 -0.0000 0.0000 100.0000
20360.7675 312453.8468 425.8015 300168.423340000 -0.0000 0.0000 100.0000
20360.6902 312453.8331 425.7862 300168.433340000 -0.0000 0.0000 100.0000
20360.6129 312453.8195 425.7709 300168.443340000 -0.0000 0.0000 100.0000
20360.5355 312453.8059 425.7556 300168.453340000 -0.0000 0.0000 100.0000
20360.4582 312453.7922 425.7402 300168.463340000 -0.0000 0.0000 100.0000
20360.3809 312453.7786 425.7249 300168.473340000 -0.0000 0.0000 100.0000
20360.3035 312453.7650 425.7096 300168.483340000 -0.0000 0.0000 100.0000
20360.2262 312453.7513 425.6943 300168.493340000 -0.0000 0.0000 100.0000
20360.1489 312453.7377 425.6789 300168.503340000 -0.0000 0.0000 100.0000
20360.0716 312453.7240 425.6636 300168.513340000 -0.0000 0.0000 100.0000
20359.9942 312453.7104 425.6483 300168.523340000 -0.0000 0.0000 100.0000
20359.9169 312453.6968 425.6330 300168.533340000 -0.0000 0.0000 100.0000
20359.8396 312453.6831 425.6177 300168.543340000 -0.0000 0.0000 100.0000
20359.7623 312453.6695 425.6023 300168.553340000 -0.0000 0.0000 100.0000
20359.6849 312453.6559 425.5870 300168.563340000 -0.0000 0.0000 100.0000
20359.6076 312453.6422 425.5717 300168.573340000 -0.0000 0.0000 100.0000
20359.5303 312453.6286 425.5564 300168.583340000 -0.0000 0.0000 100.0000
20359.4530 312453.6150 425.5410 300168.593340000 -0.0000 0.0000 100.0000
20359.3756 312453.6013 425.5257 300168.603340000 -0.0000 0.0000 100.0000
20359.2983 312453.5877 425.5104 300168.613340000 -0.0000 0.0000 100.0000
20359.2210 312453.5741 425.4951 300168.623340000 -0.0000 0.0000 100.0000
20359.1437 312453.5604 425.4798 300168.633340000 -0.0000 0.0000 100.0000
20359.0663 312453.5468 425.4644 300168.643340000 -0.0000 0.0000 100.0000
20358.9890 312453.5332 425.4491 300168.653340000 -0.0000 0.0000 100.0000
20358.9117 312453.5195 425.4338 300168.663340000 -0.0000 0.0000 100.0000
20358.8343 312453.5059 425.4185 300168.673340000 -0.0000 0.0000 100.0000
20358.7570 312453.4923 425.4032 300168.683340000 -0.0000 0.0000 100.0000
20358.6797 312453.4786 425.3878 300168.693340000 -0.0000 0.0000 100.0000
20358.6024 312453.4650 425.3725 300168.703340000 -0.0000 0.0000 100.0000
20358.5250 312453.4514 425.3572 300168.713340000 -0.0000 0.0000 100.0000
20358.4477 312453.4377 425.3419 300168.723340000 -0.0000 0.0000 100.0000
20358.3704 312453.4241 425.3265 300168.733340000 -0.0000 0.0000 100.0000
20358.2931 312453.4104 425.3112 300168.743340000 -0.0000 0.0000 100.0000
20358.2157 312453.3968 425.2959 300168.753340000 -0.0000 0.0000 100.0000
20358.1384 312453.3832 425.2806 300168.763340000 -0.0000 0.0000 100.0000
20358.0611 312453.3695 425.2653 300168.773340000 -0.0000 0.0000 100.0000
20357.9838 312453.3559 425.2499 300168.783340000 -0.0000 0.0000 100.0000
20357.9064 312453.3423 425.2346 300168.793340000 -0.0000 0.0000 100.0000
20357.8291 312453.3286 425.2193 300168.803340000 -0.0000 0.0000 100.0000
20357.7518 312453.3150 425.2040 300168.813340000 -0.0000 0.0000 100.0000
20357.6745 312453.3014 425.1886 300168.823340000 -0.0000 0.0000 100.0000
20357.5971 312453.2877 425.1733 300168.833340000 -0.0000 0.0000 100.0000
20357.5198 312453.2741 425.1580 300168.843340000 -0.0000 0.0000 100.0000
20357.4425 312453.2605 425.1427 300168.853340000 -0.0000 0.0000 100.0000
20357.3652 312453.2468 425.1274 300168.863340000 -0.0000 0.0000 100.0000
20357.2878 312453.2332 425.1120 300168.873340000 -0.0000 0.0000 100.0000
20357.2105 312453.2196 425.0967 300168.883340000 -0.0000 0.0000 100.0000
20357.1332 312453.2059 425.0814 300168.893340000 -0.0000 0.0000 100.0000
20357.0558 312453.1923 425.0661 300168.903340000 -0.0000 0.0000 100.0000
20356.9785 312453.1787 425.0508 300168.913340000 -0.0000 0.0000 100.0000
20356.9012 312453.1650 425.0354 300168.923340000 -0.0000 0.0000 100.0000
20356.8239 312453.1514 425.0201 300168.933340000 -0.0000 0.0000 100.0000
20356.7465 312453.1378 425.0048 300168.943340000 -0.0000 0.0000 100.0000
20356.6692 312453.1241 424.9895 300168.953340000 -0.0000 0.0000 100.0000
20356.5919 312453.1105 424.9741 300168.963340000 -0.0000 0.0000 100.0000
20356.5146 312453.0969 424.9588 300168.973340000 -0.0000 0.0000 100.0000
20356.4372 312453.0832 424.9435 300168.983340000 -0.0000 0.0000 100.0000
20356.3599 312453.0696 424.9282 300168.993340000 -0.0000 0.0000 100.0000
20356.2826 312453.0559 424.9129 300169.003340000 -0.0000 0.0000 100.0000
20356.2053 312453.0423 424.8975 300169.013340000 -0.0000 0.0000 100.0000
20356.1279 312453.0287 424.8822 300169.023340000 -0.0000 0.0000 100.0000
20356.0506 312453.0150 424.8669 300169.033340000 -0.0000 0.0000 100.0000
20355.9733 312453.0014 424.8516 300169.043340000 -0.0000 0.0000 100.0000
20355.8960 312452.9878 424.8362 300169.053340000 -0.0000 0.0000 100.0000
20355.8186 312452.9741 424.8209 300169.063340000 -0.0000 0.0000 100.0000
20355.7413 312452.9605 424.8056 300169.073340000 -0.0000 0.0000 100.0000
20355.6640 312452.9469 424.7903 300169.083340000 -0.0000 0.0000 100.0000
20355.5866 312452.9332 424.7750 300169.093340000 -0.0000 0.0000 100.0000
20355.5093 312452.9196 424.7596 300169.103340000 -0.0000 0.0000 100.0000
20355.4320 312452.9060 424.7443 300169.113340000 -0.0000 0.0000 100.0000
20355.3547 312452.8923 424.7290 300169.123340000 -0.0000 0.0000 100.0000
20355.2773 312452.8787 424.7137 300169.133340000 -0.0000 0.0000 100.0000
20355.2000 312452.8651 424.6984 300169.143340000 -0.0000 0.0000 100.0000
20355.1227 312452.8514 424.6830 300169.153340000 -0.0000 0.0000 100.0000
20355.0454 312452.8378 424.6677 300169.163340000 -0.0000 0.0000 100.0000
20354.9680 312452.8242 424.6524 300169.173340000 -0.0000 0.0000 100.0000
20354.8907 312452.8105 424.6371 300169.183340000 -0.0000 0.0000 100.0000
20354.8134 312452.7969 424.6217 300169.193340000 -0.0000 0.0000 100.0000
20354.7361 312452.7833 424.6064 300169.203340000 -0.0000 0.0000 100.0000
20354.6587 312452.7696 424.5911 300169.213340000 -0.0000 0.0000 100.0000
20354.5814 312452.7560 424.5758 300169.223340000 -0.0000 0.0000 100.0000
20354.5041 312452.7423 424.5605 300169.233340000 -0.0000 0.0000 100.0000
20354.4268 312452.7287 424.5451 300169.243340000 -0.0000 0.0000 100.0000
20354.3494 312452.7151 424.5298 300169.253340000 -0.0000 0.0000 100.0000
20354.2721 312452.7014 424.5145 300169.263340000 -0.0000 0.0000 100.0000
20354.1948 312452.6878 424.4992 300169.273340000 -0.0000 0.0000 100.0000
20354.1175 312452.6742 424.4839 300169.283340000 -0.0000 0.0000 100.0000
20354.0401 312452.6605 424.4685 300169.293340000 -0.0000 0.0000 100.0000
20353.9628 312452.6469 424.4532 300169.303340000 -0.0000 0.0000 100.0000
20353.8855 312452.6333 424.4379 300169.313340000 -0.0000 0.0000 100.0000
20353.8081 312452.6196 424.4226 300169.323340000 -0.0000 0.0000 100.0000
20353.7308 312452.6060 424.4072 300169.333340000 -0.0000 0.0000 100.0000
20353.6535 312452.5924 424.3919 300169.343340000 -0.0000 0.0000 100.0000
20353.5762 312452.5787 424.3766 300169.353340000 -0.0000 0.0000 100.0000
20353.4988 312452.5651 424.3613 300169.363340000 -0.0000 0.0000 100.0000
20353.4215 312452.5515 424.3460 300169.373340000 -0.0000 0.0000 100.0000
20353.3442 312452.5378 424.3306 300169.383340000 -0.0000 0.0000 100.0000
20353.2669 312452.5242 424.3153 300169.393340000 -0.0000 0.0000 100.0000
20353.1895 312452.5106 424.3000 300169.403340000 -0.0000 0.0000 100.0000
20353.1122 312452.4969 424.2847 300169.413340000 -0.0000 0.0000 100.0000
20353.0349 312452.4833 424.2693 300169.423340000 -0.0000 0.0000 100.0000
20352.9576 312452.4697 424.2540 300169.433340000 -0.0000 0.0000 100.0000
20352.8802 312452.4560 424.2387 300169.443340000 -0.0000 0.0000 100.0000
20352.8029 312452.4424 424.2234 300169.453340000 -0.0000 0.0000 100.0000
20352.7256 312452.4288 424.2081 300169.463340000 -0.0000 0.0000 100.0000
20352.6483 312452.4151 424.1927 300169.473340000 -0.0000 0.0000 100.0000
20352.5709 312452.4015 424.1774 300169.483340000 -0.0000 0.0000 100.0000
20352.4936 312452.3878 424.1621 300169.493340000 -0.0000 0.0000 100.0000
20352.4163 312452.3742 424.1468 300169.503340000 -0.0000 0.0000 100.0000
20352.3389 312452.3606 424.1315 300169.513340000 -0.0000 0.0000 100.0000
20352.2616 312452.3469 424.1161 300169.523340000 -0.0000 0.0000 100.0000
20352.1843 312452.3333 424.1008 300169.533340000 -0.0000 0.0000 100.0000
20352.1070 312452.3197 424.0855 300169.543340000 -0.0000 0.0000 100.0000
20352.0296 312452.3060 424.0702 300169.553340000 -0.0000 0.0000 100.0000
20351.9523 312452.2924 424.0548 300169.563340000 -0.0000 0.0000 100.0000
20351.8750 312452.2788 424.0395 300169.573340000 -0.0000 0.0000 100.0000
20351.7977 312452.2651 424.0242 300169.583340000 -0.0000 0.0000 100.0000
20351.7203 312452.2515 424.0089 300169.593340000 -0.0000 0.0000 100.0000
20351.6430 312452.2379 423.9936 300169.603340000 -0.0000 0.0000 100.0000
20351.5657 312452.2242 423.9782 300169.613340000 -0.0000 0.0000 100.0000
20351.4884 312452.2106 423.9629 300169.623340000 -0.0000 0.0000 100.0000
20351.4110 312452.1970 423.9476 300169.633340000 -0.0000 0.0000 100.0000
20351.3337 312452.1833 423.9323 300169.643340000 -0.0000 0.0000 100.0000
20351.2564 312452.1697 423.9169 300169.653340000 -0.0000 0.0000 100.0000
20351.1791 312452.1561 423.9016 300169.663340000 -0.0000 0.0000 100.0000
20351.1017 312452.1424 423.8863 300169.673340000 -0.0000 0.0000 100.0000
20351.0244 312452.1288 423.8710 300169.683340000 -0.0000 0.0000 100.0000
20350.9471 312452.1152 423.8557 300169.693340000 -0.0000 0.0000 100.0000
20350.8698 312452.1015 423.8403 300169.703340000 -0.0000 0.0000 100.0000
20350.7924 312452.0879 423.8250 300169.713340000 -0.0000 0.0000 100.0000
20350.7151 312452.0742 423.8097 300169.723340000 -0.0000 0.0000 100.0000
20350.6378 312452.0606 423.7944 300169.733340000 -0.0000 0.0000 100.0000
20350.5604 312452.0470 423.7791 300169.743340000 -0.0000 0.0000 100.0000
20350.4831 312452.0333 423.7637 300169.753340000 -0.0000 0.0000 100.0000
20350.4058 312452.0197 423.7484 300169.763340000 -0.0000 0.0000 100.0000
20350.3285 312452.0061 423.7331 300169.773340000 -0.0000 0.0000 100.0000
20350.2511 312451.9924 423.7178 300169.783340000 -0.0000 0.0000 100.0000
20350.1738 312451.9788 423.7024 300169.793340000 -0.0000 0.0000 100.0000
20350.0965 312451.9652 423.6871 300169.803340000 -0.0000 0.0000 100.0000
20350.0192 312451.9515 423.6718 300169.813340000 -0.0000 0.0000 100.0000
20349.9418 312451.9379 423.6565 300169.823340000 -0.0000 0.0000 100.0000
20349.8645 312451.9243 423.6412 300169.833340000 -0.0000 0.0000 100.0000
20349.7872 312451.9106 423.6258 300169.843340000 -0.0000 0.0000 100.0000
20349.7099 312451.8970 423.6105 300169.853340000 -0.0000 0.0000 100.0000
20349.6325 312451.8834 423.5952 300169.863340000 -0.0000 0.0000 100.0000
20349.5552 312451.8697 423.5799 300169.873340000 -0.0000 0.0000 100.0000
20349.4779 312451.8561 423.5645 300169.883340000 -0.0000 0.0000 100.0000
20349.4006 312451.8425 423.5492 300169.893340000 -0.0000 0.0000 100.0000
20349.3232 312451.8288 423.5339 300169.903340000 -0.0000 0.0000 100.0000
20349.2459 312451.8152 423.5186 300169.913340000 -0.0000 0.0000 100.0000
20349.1686 312451.8016 423.5033 300169.923340000 -0.0000 0.0000 100.0000
20349.0912 312451.7879 423.4879 300169.933340000 -0.0000 0.0000 100.0000
20349.0139 312451.7743 423.4726 300169.943340000 -0.0000 0.0000 100.0000
20348.9366 312451.7607 423.4573 300169.953340000 -0.0000 0.0000 100.0000
20348.8593 312451.7470 423.4420 300169.963340000 -0.0000 0.0000 100.0000
20348.7819 312451.7334 423.4267 300169.973340000 -0.0000 0.0000 100.0000
20348.7046 312451.7197 423.4113 300169.983340000 -0.0000 0.0000 100.0000
20348.6273 312451.7061 423.3960 300169.993340000 -0.0000 0.0000 100.0000
20348.5500 312451.6925 423.3807 300170.003340000 -0.0000 0.0000 100.0000
20348.4726 312451.6788 423.3654 300170.013340000 -0.0000 0.0000 100.0000
20348.3953 312451.6652 423.3500 300170.023340000 -0.0000 0.0000 100.0000
20348.3180 312451.6516 423.3347 300170.033340000 -0.0000 0.0000 100.0000
20348.2407 312451.6379 423.3194 300170.043340000 -0.0000 0.0000 100.0000
20348.1633 312451.6243 423.3041 300170.053340000 -0.0000 0.0000 100.0000
20348.0860 312451.6107 423.2888 300170.063340000 -0.0000 0.0000 100.0000
20348.0087 312451.5970 423.2734 300170.073340000 -0.0000 0.0000 100.0000
20347.9314 312451.5834 423.2581 300170.083340000 -0.0000 0.0000 100.0000
20347.8540 312451.5698 423.2428 300170.093340000 -0.0000 0.0000 100.0000
20347.7767 312451.5561 423.2275 300170.103340000 -0.0000 0.0000 100.0000
20347.6994 312451.5425 423.2122 300170.113340000 -0.0000 0.0000 100.0000
20347.6220 312451.5289 423.1968 300170.123340000 -0.0000 0.0000 100.0000
20347.5447 312451.5152 423.1815 300170.133340000 -0.0000 0.0000 100.0000
20347.4674 312451.5016 423.1662 300170.143340000 -0.0000 0.0000 100.0000
20347.3901 312451.4880 423.1509 300170.153340000 -0.0000 0.0000 100.0000
20347.3127 312451.4743 423.1355 300170.163340000 -0.0000 0.0000 100.0000
20347.2354 312451.4607 423.1202 300170.173340000 -0.0000 0.0000 100.0000
20347.1581 312451.4471 423.1049 300170.183340000 -0.0000 0.0000 100.0000
20347.0808 312451.4334 423.0896 300170.193340000 -0.0000 0.0000 100.0000
20347.0034 312451.4198 423.0743 300170.203340000 -0.0000 0.0000 100.0000
20346.9261 312451.4061 423.0589 300170.213340000 -0.0000 0.0000 100.0000
20346.8488 312451.3925 423.0436 300170.223340000 -0.0000 0.0000 100.0000
20346.7715 312451.3789 423.0283 300170.233340000 -0.0000 0.0000 100.0000
20346.6941 312451.3652 423.0130 300170.243340000 -0.0000 0.0000 100.0000
20346.6168 312451.3516 422.9976 300170.253340000 -0.0000 0.0000 100.0000
20346.5395 312451.3380 422.9823 300170.263340000 -0.0000 0.0000 100.0000
20346.4622 312451.3243 422.9670 300170.273340000 -0.0000 0.0000 100.0000
20346.3848 312451.3107 422.9517 300170.283340000 -0.0000 0.0000 100.0000
20346.3075 312451.2971 422.9364 300170.293340000 -0.0000 0.0000 100.0000
20346.2302 312451.2834 422.9210 300170.303340000 -0.0000 0.0000 100.0000
20346.1529 312451.2698 422.9057 300170.313340000 -0.0000 0.0000 100.0000
20346.0755 312451.2562 422.8904 300170.323340000 -0.0000 0.0000 100.0000
20345.9982 312451.2425 422.8751 300170.333340000 -0.0000 0.0000 100.0000
20345.9209 312451.2289 422.8598 300170.343340000 -0.0000 0.0000 100.0000
20345.8435 312451.2153 422.8444 300170.353340000 -0.0000 0.0000 100.0000
20345.7662 312451.2016 422.8291 300170.363340000 -0.0000 0.0000 100.0000
20345.6889 312451.1880 422.8138 300170.373340000 -0.0000 0.0000 100.0000
20345.6116 312451.1744 422.7985 300170.383340000 -0.0000 0.0000 100.0000
20345.5342 312451.1607 422.7831 300170.393340000 -0.0000 0.0000 100.0000
20345.4569 312451.1471 422.7678 300170.403340000 -0.0000 0.0000 100.0000
20345.3796 312451.1335 422.7525 300170.413340000 -0.0000 0.0000 100.0000
20345.3023 312451.1198 422.7372 300170.423340000 -0.0000 0.0000 100.0000
20345.2249 312451.1062 422.7219 300170.433340000 -0.0000 0.0000 100.0000
20345.1476 312451.0926 422.7065 300170.443340000 -0.0000 0.0000 100.0000
20345.0703 312451.0789 422.6912 300170.453340000 -0.0000 0.0000 100.0000
20344.9930 312451.0653 422.6759 300170.463340000 -0.0000 0.0000 100.0000
20344.9156 312451.0516 422.6606 300170.473340000 -0.0000 0.0000 100.0000
20344.8383 312451.0380 422.6452 300170.483340000 -0.0000 0.0000 100.0000
20344.7610 312451.0244 422.6299 300170.493340000 -0.0000 0.0000 100.0000
20344.6837 312451.0107 422.6146 300170.503340000 -0.0000 0.0000 100.0000
20344.6063 312450.9971 422.5993 300170.513340000 -0.0000 0.0000 100.0000
20344.5290 312450.9835 422.5840 300170.523340000 -0.0000 0.0000 100.0000
20344.4517 312450.9698 422.5686 300170.533340000 -0.0000 0.0000 100.0000
20344.3743 312450.9562 422.5533 300170.543340000 -0.0000 0.0000 100.0000
20344.2970 312450.9426 422.5380 300170.553340000 -0.0000 0.0000 100.0000
20344.2197 312450.9289 422.5227 300170.563340000 -0.0000 0.0000 100.0000
20344.1424 312450.9153 422.5074 300170.573340000 -0.0000 0.0000 100.0000
20344.0650 312450.9017 422.4920 300170.583340000 -0.0000 0.0000 100.0000
20343.9877 312450.8880 422.4767 300170.593340000 -0.0000 0.0000 100.0000
20343.9104 312450.8744 422.4614 300170.603340000 -0.0000 0.0000 100.0000
20343.8331 312450.8608 422.4461 300170.613340000 -0.0000 0.0000 100.0000
20343.7557 312450.8471 422.4307 300170.623340000 -0.0000 0.0000 100.0000
20343.6784 312450.8335 422.4154 300170.633340000 -0.0000 0.0000 100.0000
20343.6011 312450.8199 422.4001 300170.643340000 -0.0000 0.0000 100.0000
20343.5238 312450.8062 422.3848 300170.653340000 -0.0000 0.0000 100.0000
20343.4464 312450.7926 422.3695 300170.663340000 -0.0000 0.0000 100.0000
20343.3691 312450.7790 422.3541 300170.673340000 -0.0000 0.0000 100.0000
20343.2918 312450.7653 422.3388 300170.683340000 -0.0000 0.0000 100.0000
20343.2145 312450.7517 422.3235 300170.693340000 -0.0000 0.0000 100.0000
20343.1371 312450.7380 422.3082 300170.703340000 -0.0000 0.0000 100.0000
20343.0598 312450.7244 422.2928 300170.713340000 -0.0000 0.0000 100.0000
20342.9825 312450.7108 422.2775 300170.723340000 -0.0000 0.0000 100.0000
20342.9052 312450.6971 422.2622 300170.733340000 -0.0000 0.0000 100.0000
20342.8278 312450.6835 422.2469 300170.743340000 -0.0000 0.0000 100.0000
20342.7505 312450.6699 422.2316 300170.753340000 -0.0000 0.0000 100.0000
20342.6732 312450.6562 422.2162 300170.763340000 -0.0000 0.0000 100.0000
20342.5958 312450.6426 422.2009 300170.773340000 -0.0000 0.0000 100.0000
20342.5185 312450.6290 422.1856 300170.783340000 -0.0000 0.0000 100.0000
20342.4412 312450.6153 422.1703 300170.793340000 -0.0000 0.0000 100.0000
20342.3639 312450.6017 422.1550 300170.803340000 -0.0000 0.0000 100.0000
20342.2865 312450.5881 422.1396 300170.813340000 -0.0000 0.0000 100.0000
20342.2092 312450.5744 422.1243 300170.823340000 -0.0000 0.0000 100.0000
20342.1319 312450.5608 422.1090 300170.833340000 -0.0000 0.0000 100.0000
20342.0546 312450.5472 422.0937 300170.843340000 -0.0000 0.0000 100.0000
20341.9772 312450.5335 422.0783 300170.853340000 -0.0000 0.0000 100.0000
20341.8999 312450.5199 422.0630 300170.863340000 -0.0000 0.0000 100.0000
20341.8226 312450.5063 422.0477 300170.873340000 -0.0000 0.0000 100.0000
20341.7453 312450.4926 422.0324 300170.883340000 -0.0000 0.0000 100.0000
20341.6679 312450.4790 422.0171 300170.893340000 -0.0000 0.0000 100.0000
20341.5906 312450.4654 422.0017 300170.903340000 -0.0000 0.0000 100.0000
20341.5133 312450.4517 421.9864 300170.913340000 -0.0000 0.0000 100.0000
20341.4360 312450.4381 421.9711 300170.923340000 -0.0000 0.0000 100.0000
20341.3586 312450.4245 421.9558 300170.933340000 -0.0000 0.0000 100.0000
20341.2813 312450.4108 421.9404 300170.943340000 -0.0000 0.0000 100.0000
20341.2040 312450.3972 421.9251 300170.953340000 -0.0000 0.0000 100.0000
20341.1266 312450.3835 421.9098 300170.963340000 -0.0000 0.0000 100.0000
20341.0493 312450.3699 421.8945 300170.973340000 -0.0000 0.0000 100.0000
20340.9720 312450.3563 421.8792 300170.983340000 -0.0000 0.0000 100.0000
20340.8947 312450.3426 421.8638 300170.993340000 -0.0000 0.0000 100.0000
20340.8173 312450.3290 421.8485 300171.003340000 -0.0000 0.0000 100.0000
20340.7400 312450.3154 421.8332 300171.013340000 -0.0000 0.0000 100.0000
20340.6627 312450.3017 421.8179 300171.023340000 -0.0000 0.0000 100.0000
20340.5854 312450.2881 421.8026 300171.033340000 -0.0000 0.0000 100.0000
20340.5080 312450.2745 421.7872 300171.043340000 -0.0000 0.0000 100.0000
20340.4307 312450.2608 421.7719 300171.053340000 -0.0000 0.0000 100.0000
20340.3534 312450.2472 421.7566 300171.063340000 -0.0000 0.0000 100.0000
20340.2761 312450.2336 421.7413 300171.073340000 -0.0000 0.0000 100.0000
20340.1987 312450.2199 421.7259 300171.083340000 -0.0000 0.0000 100.0000
20340.1214 312450.2063 421.7106 300171.093340000 -0.0000 0.0000 100.0000
20340.0441 312450.1927 421.6953 300171.103340000 -0.0000 0.0000 100.0000
20339.9668 312450.1790 421.6800 300171.113340000 -0.0000 0.0000 100.0000
20339.8894 312450.1654 421.6647 300171.123340000 -0.0000 0.0000 100.0000
20339.8121 312450.1518 421.6493 300171.133340000 -0.0000 0.0000 100.0000
20339.7348 312450.1381 421.6340 300171.143340000 -0.0000 0.0000 100.0000
20339.6575 312450.1245 421.6187 300171.153340000 -0.0000 0.0000 100.0000
20339.5801 312450.1109 421.6034 300171.163340000 -0.0000 0.0000 100.0000
20339.5028 312450.0972 421.5881 300171.173340000 -0.0000 0.0000 100.0000
20339.4255 312450.0836 421.5727 300171.183340000 -0.0000 0.0000 100.0000
20339.3481 312450.0699 421.5574 300171.193340000 -0.0000 0.0000 100.0000
20339.2708 312450.0563 421.5421 300171.203340000 -0.0000 0.0000 100.0000
20339.1935 312450.0427 421.5268 300171.213340000 -0.0000 0.0000 100.0000
20339.1162 312450.0290 421.5114 300171.223340000 -0.0000 0.0000 100.0000
20339.0388 312450.0154 421.4961 300171.233340000 -0.0000 0.0000 100.0000
20338.9615 312450.0018 421.4808 300171.243340000 -0.0000 0.0000 100.0000
20338.8842 312449.9881 421.4655 300171.253340000 -0.0000 0.0000 100.0000
20338.8069 312449.9745 421.4502 300171.263340000 -0.0000 0.0000 100.0000
20338.7295 312449.9609 421.4348 300171.273340000 -0.0000 0.0000 100.0000
20338.6522 312449.9472 421.4195 300171.283340000 -0.0000 0.0000 100.0000
20338.5749 312449.9336 421.4042 300171.293340000 -0.0000 0.0000 100.0000
20338.4976 312449.9200 421.3889 300171.303340000 -0.0000 0.0000 100.0000
20338.4202 312449.9063 421.3735 300171.313340000 -0.0000 0.0000 100.0000
20338.3429 312449.8927 421.3582 300171.323340000 -0.0000 0.0000 100.0000
20338.2656 312449.8791 421.3429 300171.333340000 -0.0000 0.0000 100.0000
20338.1883 312449.8654 421.3276 300171.343340000 -0.0000 0.0000 100.0000
20338.1109 312449.8518 421.3123 300171.353340000 -0.0000 0.0000 100.0000
20338.0336 312449.8382 421.2969 300171.363340000 -0.0000 0.0000 100.0000
20337.9563 312449.8245 421.2816 300171.373340000 -0.0000 0.0000 100.0000
20337.8789 312449.8109 421.2663 300171.383340000 -0.0000 0.0000 100.0000
20337.8016 312449.7973 421.2510 300171.393340000 -0.0000 0.0000 100.0000
20337.7243 312449.7836 421.2357 300171.403340000 -0.0000 0.0000 100.0000
20337.6470 312449.7700 421.2203 300171.413340000 -0.0000 0.0000 100.0000
20337.5696 312449.7564 421.2050 300171.423340000 -0.0000 0.0000 100.0000
20337.4923 312449.7427 421.1897 300171.433340000 -0.0000 0.0000 100.0000
20337.4150 312449.7291 421.1744 300171.443340000 -0.0000 0.0000 100.0000
20337.3377 312449.7154 421.1590 300171.453340000 -0.0000 0.0000 100.0000
20337.2603 312449.7018 421.1437 300171.463340000 -0.0000 0.0000 100.0000
20337.1830 312449.6882 421.1284 300171.473340000 -0.0000 0.0000 100.0000
20337.1057 312449.6745 421.1131 300171.483340000 -0.0000 0.0000 100.0000
20337.0284 312449.6609 421.0978 300171.493340000 -0.0000 0.0000 100.0000
20336.9510 312449.6473 421.0824 300171.503340000 -0.0000 0.0000 100.0000
20336.8737 312449.6336 421.0671 300171.513340000 -0.0000 0.0000 100.0000
20336.7964 312449.6200 421.0518 300171.523340000 -0.0000 0.0000 100.0000
20336.7191 312449.6064 421.0365 300171.533340000 -0.0000 0.0000 100.0000
20336.6417 312449.5927 421.0211 300171.543340000 -0.0000 0.0000 100.0000
20336.5644 312449.5791 421.0058 300171.553340000 -0.0000 0.0000 100.0000
20336.4871 312449.5655 420.9905 300171.563340000 -0.0000 0.0000 100.0000
20336.4098 312449.5518 420.9752 300171.573340000 -0.0000 0.0000 100.0000
20336.3324 312449.5382 420.9599 300171.583340000 -0.0000 0.0000 100.0000
20336.2551 312449.5246 420.9445 300171.593340000 -0.0000 0.0000 100.0000
20336.1778 312449.5109 420.9292 300171.603340000 -0.0000 0.0000 100.0000
20336.1004 312449.4973 420.9139 300171.613340000 -0.0000 0.0000 100.0000
20336.0231 312449.4837 420.8986 300171.623340000 -0.0000 0.0000 100.0000
20335.9458 312449.4700 420.8833 300171.633340000 -0.0000 0.0000 100.0000
20335.8685 312449.4564 420.8679 300171.643340000 -0.0000 0.0000 100.0000
20335.7911 312449.4428 420.8526 300171.653340000 -0.0000 0.0000 100.0000
20335.7138 312449.4291 420.8373 300171.663340000 -0.0000 0.0000 100.0000
20335.6365 312449.4155 420.8220 300171.673340000 -0.0000 0.0000 100.0000
20335.5592 312449.4018 420.8066 300171.683340000 -0.0000 0.0000 100.0000
20335.4818 312449.3882 420.7913 300171.693340000 -0.0000 0.0000 100.0000
20335.4045 312449.3746 420.7760 300171.703340000 -0.0000 0.0000 100.0000
20335.3272 312449.3609 420.7607 300171.713340000 -0.0000 0.0000 100.0000
20335.2499 312449.3473 420.7454 300171.723340000 -0.0000 0.0000 100.0000
20335.1725 312449.3337 420.7300 300171.733340000 -0.0000 0.0000 100.0000
20335.0952 312449.3200 420.7147 300171.743340000 -0.0000 0.0000 100.0000
20335.0179 312449.3064 420.6994 300171.753340000 -0.0000 0.0000 100.0000
20334.9406 312449.2928 420.6841 300171.763340000 -0.0000 0.0000 100.0000
20334.8632 312449.2791 420.6687 300171.773340000 -0.0000 0.0000 100.0000
20334.7859 312449.2655 420.6534 300171.783340000 -0.0000 0.0000 100.0000
20334.7086 312449.2519 420.6381 300171.793340000 -0.0000 0.0000 100.0000
20334.6312 312449.2382 420.6228 300171.803340000 -0.0000 0.0000 100.0000
20334.5539 312449.2246 420.6075 300171.813340000 -0.0000 0.0000 100.0000
20334.4766 312449.2110 420.5921 300171.823340000 -0.0000 0.0000 100.0000
20334.3993 312449.1973 420.5768 300171.833340000 -0.0000 0.0000 100.0000
20334.3219 312449.1837 420.5615 300171.843340000 -0.0000 0.0000 100.0000
20334.2446 312449.1701 420.5462 300171.853340000 -0.0000 0.0000 100.0000
20334.1673 312449.1564 420.5309 300171.863340000 -0.0000 0.0000 100.0000
20334.0900 312449.1428 420.5155 300171.873340000 -0.0000 0.0000 100.0000
20334.0126 312449.1292 420.5002 300171.883340000 -0.0000 0.0000 100.0000
20333.9353 312449.1155 420.4849 300171.893340000 -0.0000 0.0000 100.0000
20333.8580 312449.1019 420.4696 300171.903340000 -0.0000 0.0000 100.0000
20333.7807 312449.0882 420.4542 300171.913340000 -0.0000 0.0000 100.0000
20333.7033 312449.0746 420.4389 300171.923340000 -0.0000 0.0000 100.0000
20333.6260 312449.0610 420.4236 300171.933340000 -0.0000 0.0000 100.0000
20333.5487 312449.0473 420.4083 300171.943340000 -0.0000 0.0000 100.0000
20333.4714 312449.0337 420.3930 300171.953340000 -0.0000 0.0000 100.0000
20333.3940 312449.0201 420.3776 300171.963340000 -0.0000 0.0000 100.0000
20333.3167 312449.0064 420.3623 300171.973340000 -0.0000 0.0000 100.0000
20333.2394 312448.9928 420.3470 300171.983340000 -0.0000 0.0000 100.0000
20333.1621 312448.9792 420.3317 300171.993340000 -0.0000 0.0000 100.0000
20333.0847 312448.9655 420.3164 300172.003340000 -0.0000 0.0000 100.0000
20333.0074 312448.9519 420.3010 300172.013340000 -0.0000 0.0000 100.0000
20332.9301 312448.9383 420.2857 300172.023340000 -0.0000 0.0000 100.0000
20332.8527 312448.9246 420.2704 300172.033340000 -0.0000 0.0000 100.0000
20332.7754 312448.9110 420.2551 300172.043340000 -0.0000 0.0000 100.0000
20332.6981 312448.8974 420.2397 300172.053340000 -0.0000 0.0000 100.0000
20332.6208 312448.8837 420.2244 300172.063340000 -0.0000 0.0000 100.0000
20332.5434 312448.8701 420.2091 300172.073340000 -0.0000 0.0000 100.0000
20332.4661 312448.8565 420.1938 300172.083340000 -0.0000 0.0000 100.0000
20332.3888 312448.8428 420.1785 300172.093340000 -0.0000 0.0000 100.0000
20332.3115 312448.8292 420.1631 300172.103340000 -0.0000 0.0000 100.0000
20332.2341 312448.8156 420.1478 300172.113340000 -0.0000 0.0000 100.0000
20332.1568 312448.8019 420.1325 300172.123340000 -0.0000 0.0000 100.0000
20332.0795 312448.7883 420.1172 300172.133340000 -0.0000 0.0000 100.0000
20332.0022 312448.7747 420.1018 300172.143340000 -0.0000 0.0000 100.0000
20331.9248 312448.7610 420.0865 300172.153340000 -0.0000 0.0000 100.0000
20331.8475 312448.7474 420.0712 300172.163340000 -0.0000 0.0000 100.0000
20331.7702 312448.7337 420.0559 300172.173340000 -0.0000 0.0000 100.0000
20331.6929 312448.7201 420.0406 300172.183340000 -0.0000 0.0000 100.0000
20331.6155 312448.7065 420.0252 300172.193340000 -0.0000 0.0000 100.0000
20331.5382 312448.6928 420.0099 300172.203340000 -0.0000 0.0000 100.0000
20331.4609 312448.6792 419.9946 300172.213340000 -0.0000 0.0000 100.0000
20331.3835 312448.6656 419.9793 300172.223340000 -0.0000 0.0000 100.0000
20331.3062 312448.6519 419.9640 300172.233340000 -0.0000 0.0000 100.0000
20331.2289 312448.6383 419.9486 300172.243340000 -0.0000 0.0000 100.0000
20331.1516 312448.6247 419.9333 300172.253340000 -0.0000 0.0000 100.0000
20331.0742 312448.6110 419.9180 300172.263340000 -0.0000 0.0000 100.0000
20330.9969 312448.5974 419.9027 300172.273340000 -0.0000 0.0000 100.0000
20330.9196 312448.5838 419.8873 300172.283340000 -0.0000 0.0000 100.0000
20330.8423 312448.5701 419.8720 300172.293340000 -0.0000 0.0000 100.0000
20330.7649 312448.5565 419.8567 300172.303340000 -0.0000 0.0000 100.0000
20330.6876 312448.5429 419.8414 300172.313340000 -0.0000 0.0000 100.0000
20330.6103 312448.5292 419.8261 300172.323340000 -0.0000 0.0000 100.0000
20330.5330 312448.5156 419.8107 300172.333340000 -0.0000 0.0000 100.0000
20330.4556 312448.5020 419.7954 300172.343340000 -0.0000 0.0000 100.0000
20330.3783 312448.4883 419.7801 300172.353340000 -0.0000 0.0000 100.0000
20330.3010 312448.4747 419.7648 300172.363340000 -0.0000 0.0000 100.0000
20330.2237 312448.4611 419.7494 300172.373340000 -0.0000 0.0000 100.0000
20330.1463 312448.4474 419.7341 300172.383340000 -0.0000 0.0000 100.0000
20330.0690 312448.4338 419.7188 300172.393340000 -0.0000 0.0000 100.0000
20329.9917 312448.4201 419.7035 300172.403340000 -0.0000 0.0000 100.0000
20329.9144 312448.4065 419.6882 300172.413340000 -0.0000 0.0000 100.0000
20329.8370 312448.3929 419.6728 300172.423340000 -0.0000 0.0000 100.0000
20329.7597 312448.3792 419.6575 300172.433340000 -0.0000 0.0000 100.0000
20329.6824 312448.3656 419.6422 300172.443340000 -0.0000 0.0000 100.0000
20329.6050 312448.3520 419.6269 300172.453340000 -0.0000 0.0000 100.0000
20329.5277 312448.3383 419.6116 300172.463340000 -0.0000 0.0000 100.0000
20329.4504 312448.3247 419.5962 300172.473340000 -0.0000 0.0000 100.0000
20329.3731 312448.3111 419.5809 300172.483340000 -0.0000 0.0000 100.0000
20329.2957 312448.2974 419.5656 300172.493340000 -0.0000 0.0000 100.0000
20329.2184 312448.2838 419.5503 300172.503340000 -0.0000 0.0000 100.0000
20329.1411 312448.2702 419.5349 300172.513340000 -0.0000 0.0000 100.0000
20329.0638 312448.2565 419.5196 300172.523340000 -0.0000 0.0000 100.0000
20328.9864 312448.2429 419.5043 300172.533340000 -0.0000 0.0000 100.0000
20328.9091 312448.2293 419.4890 300172.543340000 -0.0000 0.0000 100.0000
20328.8318 312448.2156 419.4737 300172.553340000 -0.0000 0.0000 100.0000
20328.7545 312448.2020 419.4583 300172.563340000 -0.0000 0.0000 100.0000
20328.6771 312448.1884 419.4430 300172.573340000 -0.0000 0.0000 100.0000
20328.5998 312448.1747 419.4277 300172.583340000 -0.0000 0.0000 100.0000
20328.5225 312448.1611 419.4124 300172.593340000 -0.0000 0.0000 100.0000
20328.4452 312448.1475 419.3970 300172.603340000 -0.0000 0.0000 100.0000
20328.3678 312448.1338 419.3817 300172.613340000 -0.0000 0.0000 100.0000
20328.2905 312448.1202 419.3664 300172.623340000 -0.0000 0.0000 100.0000
20328.2132 312448.1066 419.3511 300172.633340000 -0.0000 0.0000 100.0000
20328.1358 312448.0929 419.3358 300172.643340000 -0.0000 0.0000 100.0000
20328.0585 312448.0793 419.3204 300172.653340000 -0.0000 0.0000 100.0000
20327.9812 312448.0656 419.3051 300172.663340000 -0.0000 0.0000 100.0000
20327.9039 312448.0520 419.2898 300172.673340000 -0.0000 0.0000 100.0000
20327.8265 312448.0384 419.2745 300172.683340000 -0.0000 0.0000 100.0000
20327.7492 312448.0247 419.2592 300172.693340000 -0.0000 0.0000 100.0000
20327.6719 312448.0111 419.2438 300172.703340000 -0.0000 0.0000 100.0000
20327.5946 312447.9975 419.2285 300172.713340000 -0.0000 0.0000 100.0000
20327.5172 312447.9838 419.2132 300172.723340000 -0.0000 0.0000 100.0000
20327.4399 312447.9702 419.1979 300172.733340000 -0.0000 0.0000 100.0000
20327.3626 312447.9566 419.1825 300172.743340000 -0.0000 0.0000 100.0000
20327.2853 312447.9429 419.1672 300172.753340000 -0.0000 0.0000 100.0000
20327.2079 312447.9293 419.1519 300172.763340000 -0.0000 0.0000 100.0000
20327.1306 312447.9157 419.1366 300172.773340000 -0.0000 0.0000 100.0000
20327.0533 312447.9020 419.1213 300172.783340000 -0.0000 0.0000 100.0000
20326.9760 312447.8884 419.1059 300172.793340000 -0.0000 0.0000 100.0000
20326.8986 312447.8748 419.0906 300172.803340000 -0.0000 0.0000 100.0000
20326.8213 312447.8611 419.0753 300172.813340000 -0.0000 0.0000 100.0000
20326.7440 312447.8475 419.0600 300172.823340000 -0.0000 0.0000 100.0000
20326.6667 312447.8339 419.0447 300172.833340000 -0.0000 0.0000 100.0000
20326.5893 312447.8202 419.0293 300172.843340000 -0.0000 0.0000 100.0000
20326.5120 312447.8066 419.0140 300172.853340000 -0.0000 0.0000 100.0000
20326.4347 312447.7930 418.9987 300172.863340000 -0.0000 0.0000 100.0000
20326.3573 312447.7793 418.9834 300172.873340000 -0.0000 0.0000 100.0000
20326.2800 312447.7657 418.9680 300172.883340000 -0.0000 0.0000 100.0000
20326.2027 312447.7520 418.9527 300172.893340000 -0.0000 0.0000 100.0000
20326.1254 312447.7384 418.9374 300172.903340000 -0.0000 0.0000 100.0000
20326.0480 312447.7248 418.9221 300172.913340000 -0.0000 0.0000 100.0000
20325.9707 312447.7111 418.9068 300172.923340000 -0.0000 0.0000 100.0000
20325.8934 312447.6975 418.8914 300172.933340000 -0.0000 0.0000 100.0000
20325.8161 312447.6839 418.8761 300172.943340000 -0.0000 0.0000 100.0000
20325.7387 312447.6702 418.8608 300172.953340000 -0.0000 0.0000 100.0000
20325.6614 312447.6566 418.8455 300172.963340000 -0.0000 0.0000 100.0000
20325.5841 312447.6430 418.8301 300172.973340000 -0.0000 0.0000 100.0000
20325.5068 312447.6293 418.8148 300172.983340000 -0.0000 0.0000 100.0000
20325.4294 312447.6157 418.7995 300172.993340000 -0.0000 0.0000 100.0000
20325.3521 312447.6021 418.7842 300173.003340000 -0.0000 0.0000 100.0000
20325.2748 312447.5884 418.7689 300173.013340000 -0.0000 0.0000 100.0000
20325.1975 312447.5748 418.7535 300173.023340000 -0.0000 0.0000 100.0000
20325.1201 312447.5612 418.7382 300173.033340000 -0.0000 0.0000 100.0000
20325.0428 312447.5475 418.7229 300173.043340000 -0.0000 0.0000 100.0000
20324.9655 312447.5339 418.7076 300173.053340000 -0.0000 0.0000 100.0000
20324.8881 312447.5203 418.6923 300173.063340000 -0.0000 0.0000 100.0000
20324.8108 312447.5066 418.6769 300173.073340000 -0.0000 0.0000 100.0000
20324.7335 312447.4930 418.6616 300173.083340000 -0.0000 0.0000 100.0000
20324.6562 312447.4794 418.6463 300173.093340000 -0.0000 0.0000 100.0000
20324.5788 312447.4657 418.6310 300173.103340000 -0.0000 0.0000 100.0000
20324.5015 312447.4521 418.6156 300173.113340000 -0.0000 0.0000 100.0000
20324.4242 312447.4385 418.6003 300173.123340000 -0.0000 0.0000 100.0000
20324.3469 312447.4248 418.5850 300173.133340000 -0.0000 0.0000 100.0000
20324.2695 312447.4112 418.5697 300173.143340000 -0.0000 0.0000 100.0000
20324.1922 312447.3975 418.5544 300173.153340000 -0.0000 0.0000 100.0000
20324.1149 312447.3839 418.5390 300173.163340000 -0.0000 0.0000 100.0000
20324.0376 312447.3703 418.5237 300173.173340000 -0.0000 0.0000 100.0000
20323.9602 312447.3566 418.5084 300173.183340000 -0.0000 0.0000 100.0000
20323.8829 312447.3430 418.4931 300173.193340000 -0.0000 0.0000 100.0000
20323.8056 312447.3294 418.4777 300173.203340000 -0.0000 0.0000 100.0000
20323.7283 312447.3157 418.4624 300173.213340000 -0.0000 0.0000 100.0000
20323.6509 312447.3021 418.4471 300173.223340000 -0.0000 0.0000 100.0000
20323.5736 312447.2885 418.4318 300173.233340000 -0.0000 0.0000 100.0000
20323.4963 312447.2748 418.4165 300173.243340000 -0.0000 0.0000 100.0000
20323.4189 312447.2612 418.4011 300173.253340000 -0.0000 0.0000 100.0000
20323.3416 312447.2476 418.3858 300173.263340000 -0.0000 0.0000 100.0000
20323.2643 312447.2339 418.3705 300173.273340000 -0.0000 0.0000 100.0000
20323.1870 312447.2203 418.3552 300173.283340000 -0.0000 0.0000 100.0000
20323.1096 312447.2067 418.3399 300173.293340000 -0.0000 0.0000 100.0000
20323.0323 312447.1930 418.3245 300173.303340000 -0.0000 0.0000 100.0000
20322.9550 312447.1794 418.3092 300173.313340000 -0.0000 0.0000 100.0000
20322.8777 312447.1658 418.2939 300173.323340000 -0.0000 0.0000 100.0000
20322.8003 312447.1521 418.2786 300173.333340000 -0.0000 0.0000 100.0000
20322.7230 312447.1385 418.2632 300173.343340000 -0.0000 0.0000 100.0000
20322.6457 312447.1249 418.2479 300173.353340000 -0.0000 0.0000 100.0000
20322.5684 312447.1112 418.2326 300173.363340000 -0.0000 0.0000 100.0000
20322.4910 312447.0976 418.2173 300173.373340000 -0.0000 0.0000 100.0000
20322.4137 312447.0839 418.2020 300173.383340000 -0.0000 0.0000 100.0000
20322.3364 312447.0703 418.1866 300173.393340000 -0.0000 0.0000 100.0000
20322.2591 312447.0567 418.1713 300173.403340000 -0.0000 0.0000 100.0000
20322.1817 312447.0430 418.1560 300173.413340000 -0.0000 0.0000 100.0000
20322.1044 312447.0294 418.1407 300173.423340000 -0.0000 0.0000 100.0000
20322.0271 312447.0158 418.1253 300173.433340000 -0.0000 0.0000 100.0000
20321.9498 312447.0021 418.1100 300173.443340000 -0.0000 0.0000 100.0000
20321.8724 312446.9885 418.0947 300173.453340000 -0.0000 0.0000 100.0000
20321.7951 312446.9749 418.0794 300173.463340000 -0.0000 0.0000 100.0000
20321.7178 312446.9612 418.0641 300173.473340000 -0.0000 0.0000 100.0000
20321.6404 312446.9476 418.0487 300173.483340000 -0.0000 0.0000 100.0000
20321.5631 312446.9340 418.0334 300173.493340000 -0.0000 0.0000 100.0000
20321.4858 312446.9203 418.0181 300173.503340000 -0.0000 0.0000 100.0000
20321.4085 312446.9067 418.0028 300173.513340000 -0.0000 0.0000 100.0000
20321.3311 312446.8931 417.9875 300173.523340000 -0.0000 0.0000 100.0000
20321.2538 312446.8794 417.9721 300173.533340000 -0.0000 0.0000 100.0000
20321.1765 312446.8658 417.9568 300173.543340000 -0.0000 0.0000 100.0000
20321.0992 312446.8522 417.9415 300173.553340000 -0.0000 0.0000 100.0000
20321.0218 312446.8385 417.9262 300173.563340000 -0.0000 0.0000 100.0000
20320.9445 312446.8249 417.9108 300173.573340000 -0.0000 0.0000 100.0000
20320.8672 312446.8113 417.8955 300173.583340000 -0.0000 0.0000 100.0000
20320.7899 312446.7976 417.8802 300173.593340000 -0.0000 0.0000 100.0000
20320.7125 312446.7840 417.8649 300173.603340000 -0.0000 0.0000 100.0000
20320.6352 312446.7704 417.8496 300173.613340000 -0.0000 0.0000 100.0000
20320.5579 312446.7567 417.8342 300173.623340000 -0.0000 0.0000 100.0000
20320.4806 312446.7431 417.8189 300173.633340000 -0.0000 0.0000 100.0000
20320.4032 312446.7294 417.8036 300173.643340000 -0.0000 0.0000 100.0000
20320.3259 312446.7158 417.7883 300173.653340000 -0.0000 0.0000 100.0000
20320.2486 312446.7022 417.7729 300173.663340000 -0.0000 0.0000 100.0000
20320.1712 312446.6885 417.7576 300173.673340000 -0.0000 0.0000 100.0000
20320.0939 312446.6749 417.7423 300173.683340000 -0.0000 0.0000 100.0000
20320.0166 312446.6613 417.7270 300173.693340000 -0.0000 0.0000 100.0000
20319.9393 312446.6476 417.7117 300173.703340000 -0.0000 0.0000 100.0000
20319.8619 312446.6340 417.6963 300173.713340000 -0.0000 0.0000 100.0000
20319.7846 312446.6204 417.6810 300173.723340000 -0.0000 0.0000 100.0000
20319.7073 312446.6067 417.6657 300173.733340000 -0.0000 0.0000 100.0000
20319.6300 312446.5931 417.6504 300173.743340000 -0.0000 0.0000 100.0000
20319.5526 312446.5795 417.6351 300173.753340000 -0.0000 0.0000 100.0000
20319.4753 312446.5658 417.6197 300173.763340000 -0.0000 0.0000 100.0000
20319.3980 312446.5522 417.6044 300173.773340000 -0.0000 0.0000 100.0000
20319.3207 312446.5386 417.5891 300173.783340000 -0.0000 0.0000 100.0000
20319.2433 312446.5249 417.5738 300173.793340000 -0.0000 0.0000 100.0000
20319.1660 312446.5113 417.5584 300173.803340000 -0.0000 0.0000 100.0000
20319.0887 312446.4977 417.5431 300173.813340000 -0.0000 0.0000 100.0000
20319.0114 312446.4840 417.5278 300173.823340000 -0.0000 0.0000 100.0000
20318.9340 312446.4704 417.5125 300173.833340000 -0.0000 0.0000 100.0000
20318.8567 312446.4568 417.4972 300173.843340000 -0.0000 0.0000 100.0000
20318.7794 312446.4431 417.4818 300173.853340000 -0.0000 0.0000 100.0000
20318.7021 312446.4295 417.4665 300173.863340000 -0.0000 0.0000 100.0000
20318.6247 312446.4158 417.4512 300173.873340000 -0.0000 0.0000 100.0000
20318.5474 312446.4022 417.4359 300173.883340000 -0.0000 0.0000 100.0000
20318.4701 312446.3886 417.4206 300173.893340000 -0.0000 0.0000 100.0000
20318.3927 312446.3749 417.4052 300173.903340000 -0.0000 0.0000 100.0000
20318.3154 312446.3613 417.3899 300173.913340000 -0.0000 0.0000 100.0000
20318.2381 312446.3477 417.3746 300173.923340000 -0.0000 0.0000 100.0000
20318.1608 312446.3340 417.3593 300173.933340000 -0.0000 0.0000 100.0000
20318.0834 312446.3204 417.3439 300173.943340000 -0.0000 0.0000 100.0000
20318.0061 312446.3068 417.3286 300173.953340000 -0.0000 0.0000 100.0000
20317.9288 312446.2931 417.3133 300173.963340000 -0.0000 0.0000 100.0000
20317.8515 312446.2795 417.2980 300173.973340000 -0.0000 0.0000 100.0000
20317.7741 312446.2659 417.2827 300173.983340000 -0.0000 0.0000 100.0000
20317.6968 312446.2522 417.2673 300173.993340000 -0.0000 0.0000 100.0000
20317.6195 312446.2386 417.2520 300174.003340000 -0.0000 0.0000 100.0000
20317.5422 312446.2250 417.2367 300174.013340000 -0.0000 0.0000 100.0000
20317.4648 312446.2113 417.2214 300174.023340000 -0.0000 0.0000 100.0000
20317.3875 312446.1977 417.2060 300174.033340000 -0.0000 0.0000 100.0000
20317.3102 312446.1841 417.1907 300174.043340000 -0.0000 0.0000 100.0000
20317.2329 312446.1704 417.1754 300174.053340000 -0.0000 0.0000 100.0000
20317.1555 312446.1568 417.1601 300174.063340000 -0.0000 0.0000 100.0000
20317.0782 312446.1432 417.1448 300174.073340000 -0.0000 0.0000 100.0000
20317.0009 312446.1295 417.1294 300174.083340000 -0.0000 0.0000 100.0000
20316.9235 312446.1159 417.1141 300174.093340000 -0.0000 0.0000 100.0000
20316.8462 312446.1023 417.0988 300174.103340000 -0.0000 0.0000 100.0000
20316.7689 312446.0886 417.0835 300174.113340000 -0.0000 0.0000 100.0000
20316.6916 312446.0750 417.0682 300174.123340000 -0.0000 0.0000 100.0000
20316.6142 312446.0613 417.0528 300174.133340000 -0.0000 0.0000 100.0000
20316.5369 312446.0477 417.0375 300174.143340000 -0.0000 0.0000 100.0000
20316.4596 312446.0341 417.0222 300174.153340000 -0.0000 0.0000 100.0000
20316.3823 312446.0204 417.0069 300174.163340000 -0.0000 0.0000 100.0000
20316.3049 312446.0068 416.9915 300174.173340000 -0.0000 0.0000 100.0000
20316.2276 312445.9932 416.9762 300174.183340000 -0.0000 0.0000 100.0000
20316.1503 312445.9795 416.9609 300174.193340000 -0.0000 0.0000 100.0000
20316.0730 312445.9659 416.9456 300174.203340000 -0.0000 0.0000 100.0000
20315.9956 312445.9523 416.9303 300174.213340000 -0.0000 0.0000 100.0000
20315.9183 312445.9386 416.9149 300174.223340000 -0.0000 0.0000 100.0000
20315.8410 312445.9250 416.8996 300174.233340000 -0.0000 0.0000 100.0000
20315.7637 312445.9114 416.8843 300174.243340000 -0.0000 0.0000 100.0000
20315.6863 312445.8977 416.8690 300174.253340000 -0.0000 0.0000 100.0000
20315.6090 312445.8841 416.8536 300174.263340000 -0.0000 0.0000 100.0000
20315.5317 312445.8705 416.8383 300174.273340000 -0.0000 0.0000 100.0000
20315.4544 312445.8568 416.8230 300174.283340000 -0.0000 0.0000 100.0000
20315.3770 312445.8432 416.8077 300174.293340000 -0.0000 0.0000 100.0000
20315.2997 312445.8296 416.7924 300174.303340000 -0.0000 0.0000 100.0000
20315.2224 312445.8159 416.7770 300174.313340000 -0.0000 0.0000 100.0000
20315.1450 312445.8023 416.7617 300174.323340000 -0.0000 0.0000 100.0000
20315.0677 312445.7887 416.7464 300174.333340000 -0.0000 0.0000 100.0000
20314.9904 312445.7750 416.7311 300174.343340000 -0.0000 0.0000 100.0000
20314.9131 312445.7614 416.7158 300174.353340000 -0.0000 0.0000 100.0000
20314.8357 312445.7477 416.7004 300174.363340000 -0.0000 0.0000 100.0000
20314.7584 312445.7341 416.6851 300174.373340000 -0.0000 0.0000 100.0000
20314.6811 312445.7205 416.6698 300174.383340000 -0.0000 0.0000 100.0000
20314.6038 312445.7068 416.6545 300174.393340000 -0.0000 0.0000 100.0000
20314.5264 312445.6932 416.6391 300174.403340000 -0.0000 0.0000 100.0000
20314.4491 312445.6796 416.6238 300174.413340000 -0.0000 0.0000 100.0000
20314.3718 312445.6659 416.6085 300174.423340000 -0.0000 0.0000 100.0000
20314.2945 312445.6523 416.5932 300174.433340000 -0.0000 0.0000 100.0000
20314.2171 312445.6387 416.5779 300174.443340000 -0.0000 0.0000 100.0000
20314.1398 312445.6250 416.5625 300174.453340000 -0.0000 0.0000 100.0000
20314.0625 312445.6114 416.5472 300174.463340000 -0.0000 0.0000 100.0000
20313.9852 312445.5978 416.5319 300174.473340000 -0.0000 0.0000 100.0000
20313.9078 312445.5841 416.5166 300174.483340000 -0.0000 0.0000 100.0000
20313.8305 312445.5705 416.5012 300174.493340000 -0.0000 0.0000 100.0000
20313.7532 312445.5569 416.4859 300174.503340000 -0.0000 0.0000 100.0000
20313.6758 312445.5432 416.4706 300174.513340000 -0.0000 0.0000 100.0000
20313.5985 312445.5296 416.4553 300174.523340000 -0.0000 0.0000 100.0000
20313.5212 312445.5160 416.4400 300174.533340000 -0.0000 0.0000 100.0000
20313.4439 312445.5023 416.4246 300174.543340000 -0.0000 0.0000 100.0000
20313.3665 312445.4887 416.4093 300174.553340000 -0.0000 0.0000 100.0000
20313.2892 312445.4751 416.3940 300174.563340000 -0.0000 0.0000 100.0000
20313.2119 312445.4614 416.3787 300174.573340000 -0.0000 0.0000 100.0000
20313.1346 312445.4478 416.3634 300174.583340000 -0.0000 0.0000 100.0000
20313.0572 312445.4342 416.3480 300174.593340000 -0.0000 0.0000 100.0000
20312.9799 312445.4205 416.3327 300174.603340000 -0.0000 0.0000 100.0000
20312.9026 312445.4069 416.3174 300174.613340000 -0.0000 0.0000 100.0000
20312.8253 312445.3932 416.3021 300174.623340000 -0.0000 0.0000 100.0000
20312.7479 312445.3796 416.2867 300174.633340000 -0.0000 0.0000 100.0000
20312.6706 312445.3660 416.2714 300174.643340000 -0.0000 0.0000 100.0000
20312.5933 312445.3523 416.2561 300174.653340000 -0.0000 0.0000 100.0000
20312.5160 312445.3387 416.2408 300174.663340000 -0.0000 0.0000 100.0000
20312.4386 312445.3251 416.2255 300174.673340000 -0.0000 0.0000 100.0000
20312.3613 312445.3114 416.2101 300174.683340000 -0.0000 0.0000 100.0000
20312.2840 312445.2978 416.1948 300174.693340000 -0.0000 0.0000 100.0000
20312.2067 312445.2842 416.1795 300174.703340000 -0.0000 0.0000 100.0000
20312.1293 312445.2705 416.1642 300174.713340000 -0.0000 0.0000 100.0000
20312.0520 312445.2569 416.1489 300174.723340000 -0.0000 0.0000 100.0000
20311.9747 312445.2433 416.1335 300174.733340000 -0.0000 0.0000 100.0000
20311.8973 312445.2296 416.1182 300174.743340000 -0.0000 0.0000 100.0000
20311.8200 312445.2160 416.1029 300174.753340000 -0.0000 0.0000 100.0000
20311.7427 312445.2024 416.0876 300174.763340000 -0.0000 0.0000 100.0000
20311.6654 312445.1887 416.0722 300174.773340000 -0.0000 0.0000 100.0000
20311.5880 312445.1751 416.0569 300174.783340000 -0.0000 0.0000 100.0000
20311.5107 312445.1615 416.0416 300174.793340000 -0.0000 0.0000 100.0000
20311.4334 312445.1478 416.0263 300174.803340000 -0.0000 0.0000 100.0000
20311.3561 312445.1342 416.0110 300174.813340000 -0.0000 0.0000 100.0000
20311.2787 312445.1206 415.9956 300174.823340000 -0.0000 0.0000 100.0000
20311.2014 312445.1069 415.9803 300174.833340000 -0.0000 0.0000 100.0000
20311.1241 312445.0933 415.9650 300174.843340000 -0.0000 0.0000 100.0000
20311.0468 312445.0796 415.9497 300174.853340000 -0.0000 0.0000 100.0000
20310.9694 312445.0660 415.9343 300174.863340000 -0.0000 0.0000 100.0000
20310.8921 312445.0524 415.9190 300174.873340000 -0.0000 0.0000 100.0000
20310.8148 312445.0387 415.9037 300174.883340000 -0.0000 0.0000 100.0000
20310.7375 312445.0251 415.8884 300174.893340000 -0.0000 0.0000 100.0000
20310.6601 312445.0115 415.8731 300174.903340000 -0.0000 0.0000 100.0000
20310.5828 312444.9978 415.8577 300174.913340000 -0.0000 0.0000 100.0000
20310.5055 312444.9842 415.8424 300174.923340000 -0.0000 0.0000 100.0000
20310.4281 312444.9706 415.8271 300174.933340000 -0.0000 0.0000 100.0000
20310.3508 312444.9569 415.8118 300174.943340000 -0.0000 0.0000 100.0000
20310.2735 312444.9433 415.7965 300174.953340000 -0.0000 0.0000 100.0000
20310.1962 312444.9297 415.7811 300174.963340000 -0.0000 0.0000 100.0000
20310.1188 312444.9160 415.7658 300174.973340000 -0.0000 0.0000 100.0000
20310.0415 312444.9024 415.7505 300174.983340000 -0.0000 0.0000 100.0000
20309.9642 312444.8888 415.7352 300174.993340000 -0.0000 0.0000 100.0000
20309.8869 312444.8751 415.7198 300175.003340000 -0.0000 0.0000 100.0000
20309.8095 312444.8615 415.7045 300175.013340000 -0.0000 0.0000 100.0000
20309.7322 312444.8479 415.6892 300175.023340000 -0.0000 0.0000 100.0000
20309.6549 312444.8342 415.6739 300175.033340000 -0.0000 0.0000 100.0000
20309.5776 312444.8206 415.6586 300175.043340000 -0.0000 0.0000 100.0000
20309.5002 312444.8070 415.6432 300175.053340000 -0.0000 0.0000 100.0000
20309.4229 312444.7933 415.6279 300175.063340000 -0.0000 0.0000 100.0000
20309.3456 312444.7797 415.6126 300175.073340000 -0.0000 0.0000 100.0000
20309.2683 312444.7661 415.5973 300175.083340000 -0.0000 0.0000 100.0000
20309.1909 312444.7524 415.5819 300175.093340000 -0.0000 0.0000 100.0000
20309.1136 312444.7388 415.5666 300175.103340000 -0.0000 0.0000 100.0000
20309.0363 312444.7251 415.5513 300175.113340000 -0.0000 0.0000 100.0000
20308.9590 312444.7115 415.5360 300175.123340000 -0.0000 0.0000 100.0000
20308.8816 312444.6979 415.5207 300175.133340000 -0.0000 0.0000 100.0000
20308.8043 312444.6842 415.5053 300175.143340000 -0.0000 0.0000 100.0000
20308.7270 312444.6706 415.4900 300175.153340000 -0.0000 0.0000 100.0000
20308.6496 312444.6570 415.4747 300175.163340000 -0.0000 0.0000 100.0000
20308.5723 312444.6433 415.4594 300175.173340000 -0.0000 0.0000 100.0000
20308.4950 312444.6297 415.4441 300175.183340000 -0.0000 0.0000 100.0000
20308.4177 312444.6161 415.4287 300175.193340000 -0.0000 0.0000 100.0000
20308.3403 312444.6024 415.4134 300175.203340000 -0.0000 0.0000 100.0000
20308.2630 312444.5888 415.3981 300175.213340000 -0.0000 0.0000 100.0000
20308.1857 312444.5752 415.3828 300175.223340000 -0.0000 0.0000 100.0000
20308.1084 312444.5615 415.3674 300175.233340000 -0.0000 0.0000 100.0000
20308.0310 312444.5479 415.3521 300175.243340000 -0.0000 0.0000 100.0000
20307.9537 312444.5343 415.3368 300175.253340000 -0.0000 0.0000 100.0000
20307.8764 312444.5206 415.3215 300175.263340000 -0.0000 0.0000 100.0000
20307.7991 312444.5070 415.3062 300175.273340000 -0.0000 0.0000 100.0000
20307.7217 312444.4934 415.2908 300175.283340000 -0.0000 0.0000 100.0000
20307.6444 312444.4797 415.2755 300175.293340000 -0.0000 0.0000 100.0000
20307.5671 312444.4661 415.2602 300175.303340000 -0.0000 0.0000 100.0000
20307.4898 312444.4525 415.2449 300175.313340000 -0.0000 0.0000 100.0000
20307.4124 312444.4388 415.2295 300175.323340000 -0.0000 0.0000 100.0000
20307.3351 312444.4252 415.2142 300175.333340000 -0.0000 0.0000 100.0000
20307.2578 312444.4115 415.1989 300175.343340000 -0.0000 0.0000 100.0000
20307.1804 312444.3979 415.1836 300175.353340000 -0.0000 0.0000 100.0000
20307.1031 312444.3843 415.1683 300175.363340000 -0.0000 0.0000 100.0000
20307.0258 312444.3706 415.1529 300175.373340000 -0.0000 0.0000 100.0000
20306.9485 312444.3570 415.1376 300175.383340000 -0.0000 0.0000 100.0000
20306.8711 312444.3434 415.1223 300175.393340000 -0.0000 0.0000 100.0000
20306.7938 312444.3297 415.1070 300175.403340000 -0.0000 0.0000 100.0000
20306.7165 312444.3161 415.0917 300175.413340000 -0.0000 0.0000 100.0000
20306.6392 312444.3025 415.0763 300175.423340000 -0.0000 0.0000 100.0000
20306.5618 312444.2888 415.0610 300175.433340000 -0.0000 0.0000 100.0000
20306.4845 312444.2752 415.0457 300175.443340000 -0.0000 0.0000 100.0000
20306.4072 312444.2616 415.0304 300175.453340000 -0.0000 0.0000 100.0000
20306.3299 312444.2479 415.0150 300175.463340000 -0.0000 0.0000 100.0000
20306.2525 312444.2343 414.9997 300175.473340000 -0.0000 0.0000 100.0000
20306.1752 312444.2207 414.9844 300175.483340000 -0.0000 0.0000 100.0000
20306.0979 312444.2070 414.9691 300175.493340000 -0.0000 0.0000 100.0000
20306.0206 312444.1934 414.9538 300175.503340000 -0.0000 0.0000 100.0000
20305.9432 312444.1798 414.9384 300175.513340000 -0.0000 0.0000 100.0000
20305.8659 312444.1661 414.9231 300175.523340000 -0.0000 0.0000 100.0000
20305.7886 312444.1525 414.9078 300175.533340000 -0.0000 0.0000 100.0000
20305.7113 312444.1389 414.8925 300175.543340000 -0.0000 0.0000 100.0000
20305.6339 312444.1252 414.8772 300175.553340000 -0.0000 0.0000 100.0000
20305.5566 312444.1116 414.8618 300175.563340000 -0.0000 0.0000 100.0000
20305.4793 312444.0980 414.8465 300175.573340000 -0.0000 0.0000 100.0000
20305.4019 312444.0843 414.8312 300175.583340000 -0.0000 0.0000 100.0000
20305.3246 312444.0707 414.8159 300175.593340000 -0.0000 0.0000 100.0000
20305.2473 312444.0570 414.8005 300175.603340000 -0.0000 0.0000 100.0000
20305.1700 312444.0434 414.7852 300175.613340000 -0.0000 0.0000 100.0000
20305.0926 312444.0298 414.7699 300175.623340000 -0.0000 0.0000 100.0000
20305.0153 312444.0161 414.7546 300175.633340000 -0.0000 0.0000 100.0000
20304.9380 312444.0025 414.7393 300175.643340000 -0.0000 0.0000 100.0000
20304.8607 312443.9889 414.7239 300175.653340000 -0.0000 0.0000 100.0000
20304.7833 312443.9752 414.7086 300175.663340000 -0.0000 0.0000 100.0000
20304.7060 312443.9616 414.6933 300175.673340000 -0.0000 0.0000 100.0000
20304.6287 312443.9480 414.6780 300175.683340000 -0.0000 0.0000 100.0000
20304.5514 312443.9343 414.6626 300175.693340000 -0.0000 0.0000 100.0000
20304.4740 312443.9207 414.6473 300175.703340000 -0.0000 0.0000 100.0000
20304.3967 312443.9071 414.6320 300175.713340000 -0.0000 0.0000 100.0000
20304.3194 312443.8934 414.6167 300175.723340000 -0.0000 0.0000 100.0000
20304.2421 312443.8798 414.6014 300175.733340000 -0.0000 0.0000 100.0000
20304.1647 312443.8662 414.5860 300175.743340000 -0.0000 0.0000 100.0000
20304.0874 312443.8525 414.5707 300175.753340000 -0.0000 0.0000 100.0000
20304.0101 312443.8389 414.5554 300175.763340000 -0.0000 0.0000 100.0000
20303.9327 312443.8253 414.5401 300175.773340000 -0.0000 0.0000 100.0000
20303.8554 312443.8116 414.5248 300175.783340000 -0.0000 0.0000 100.0000
20303.7781 312443.7980 414.5094 300175.793340000 -0.0000 0.0000 100.0000
20303.7008 312443.7844 414.4941 300175.803340000 -0.0000 0.0000 100.0000
20303.6234 312443.7707 414.4788 300175.813340000 -0.0000 0.0000 100.0000
20303.5461 312443.7571 414.4635 300175.823340000 -0.0000 0.0000 100.0000
20303.4688 312443.7434 414.4481 300175.833340000 -0.0000 0.0000 100.0000
20303.3915 312443.7298 414.4328 300175.843340000 -0.0000 0.0000 100.0000
20303.3141 312443.7162 414.4175 300175.853340000 -0.0000 0.0000 100.0000
20303.2368 312443.7025 414.4022 300175.863340000 -0.0000 0.0000 100.0000
20303.1595 312443.6889 414.3869 300175.873340000 -0.0000 0.0000 100.0000
20303.0822 312443.6753 414.3715 300175.883340000 -0.0000 0.0000 100.0000
20303.0048 312443.6616 414.3562 300175.893340000 -0.0000 0.0000 100.0000
20302.9275 312443.6480 414.3409 300175.903340000 -0.0000 0.0000 100.0000
20302.8502 312443.6344 414.3256 300175.913340000 -0.0000 0.0000 100.0000
20302.7729 312443.6207 414.3102 300175.923340000 -0.0000 0.0000 100.0000
20302.6955 312443.6071 414.2949 300175.933340000 -0.0000 0.0000 100.0000
20302.6182 312443.5935 414.2796 300175.943340000 -0.0000 0.0000 100.0000
20302.5409 312443.5798 414.2643 300175.953340000 -0.0000 0.0000 100.0000
20302.4636 312443.5662 414.2490 300175.963340000 -0.0000 0.0000 100.0000
20302.3862 312443.5526 414.2336 300175.973340000 -0.0000 0.0000 100.0000
20302.3089 312443.5389 414.2183 300175.983340000 -0.0000 0.0000 100.0000
20302.2316 312443.5253 414.2030 300175.993340000 -0.0000 0.0000 100.0000
20302.1542 312443.5117 414.1877 300176.003340000 -0.0000 0.0000 100.0000
20302.0769 312443.4980 414.1724 300176.013340000 -0.0000 0.0000 100.0000
20301.9996 312443.4844 414.1570 300176.023340000 -0.0000 0.0000 100.0000
20301.9223 312443.4708 414.1417 300176.033340000 -0.0000 0.0000 100.0000
20301.8449 312443.4571 414.1264 300176.043340000 -0.0000 0.0000 100.0000
20301.7676 312443.4435 414.1111 300176.053340000 -0.0000 0.0000 100.0000
20301.6903 312443.4299 414.0957 300176.063340000 -0.0000 0.0000 100.0000
20301.6130 312443.4162 414.0804 300176.073340000 -0.0000 0.0000 100.0000
20301.5356 312443.4026 414.0651 300176.083340000 -0.0000 0.0000 100.0000
20301.4583 312443.3889 414.0498 300176.093340000 -0.0000 0.0000 100.0000
20301.3810 312443.3753 414.0345 300176.103340000 -0.0000 0.0000 100.0000
20301.3037 312443.3617 414.0191 300176.113340000 -0.0000 0.0000 100.0000
20301.2263 312443.3480 414.0038 300176.123340000 -0.0000 0.0000 100.0000
20301.1490 312443.3344 413.9885 300176.133340000 -0.0000 0.0000 100.0000
20301.0717 312443.3208 413.9732 300176.143340000 -0.0000 0.0000 100.0000
20300.9944 312443.3071 413.9578 300176.153340000 -0.0000 0.0000 100.0000
20300.9170 312443.2935 413.9425 300176.163340000 -0.0000 0.0000 100.0000
20300.8397 312443.2799 413.9272 300176.173340000 -0.0000 0.0000 100.0000
20300.7624 312443.2662 413.9119 300176.183340000 -0.0000 0.0000 100.0000
20300.6850 312443.2526 413.8966 300176.193340000 -0.0000 0.0000 100.0000
20300.6077 312443.2390 413.8812 300176.203340000 -0.0000 0.0000 100.0000
20300.5304 312443.2253 413.8659 300176.213340000 -0.0000 0.0000 100.0000
20300.4531 312443.2117 413.8506 300176.223340000 -0.0000 0.0000 100.0000
20300.3757 312443.1981 413.8353 300176.233340000 -0.0000 0.0000 100.0000
20300.2984 312443.1844 413.8200 300176.243340000 -0.0000 0.0000 100.0000
20300.2211 312443.1708 413.8046 300176.253340000 -0.0000 0.0000 100.0000
20300.1438 312443.1572 413.7893 300176.263340000 -0.0000 0.0000 100.0000
20300.0664 312443.1435 413.7740 300176.273340000 -0.0000 0.0000 100.0000
20299.9891 312443.1299 413.7587 300176.283340000 -0.0000 0.0000 100.0000
20299.9118 312443.1163 413.7433 300176.293340000 -0.0000 0.0000 100.0000
20299.8345 312443.1026 413.7280 300176.303340000 -0.0000 0.0000 100.0000
20299.7571 312443.0890 413.7127 300176.313340000 -0.0000 0.0000 100.0000
20299.6798 312443.0753 413.6974 300176.323340000 -0.0000 0.0000 100.0000
20299.6025 312443.0617 413.6821 300176.333340000 -0.0000 0.0000 100.0000
20299.5252 312443.0481 413.6667 300176.343340000 -0.0000 0.0000 100.0000
20299.4478 312443.0344 413.6514 300176.353340000 -0.0000 0.0000 100.0000
20299.3705 312443.0208 413.6361 300176.363340000 -0.0000 0.0000 100.0000
20299.2932 312443.0072 413.6208 300176.373340000 -0.0000 0.0000 100.0000
20299.2158 312442.9935 413.6055 300176.383340000 -0.0000 0.0000 100.0000
20299.1385 312442.9799 413.5901 300176.393340000 -0.0000 0.0000 100.0000
20299.0612 312442.9663 413.5748 300176.403340000 -0.0000 0.0000 100.0000
20298.9839 312442.9526 413.5595 300176.413340000 -0.0000 0.0000 100.0000
20298.9065 312442.9390 413.5442 300176.423340000 -0.0000 0.0000 100.0000
20298.8292 312442.9254 413.5288 300176.433340000 -0.0000 0.0000 100.0000
20298.7519 312442.9117 413.5135 300176.443340000 -0.0000 0.0000 100.0000
20298.6746 312442.8981 413.4982 300176.453340000 -0.0000 0.0000 100.0000
20298.5972 312442.8845 413.4829 300176.463340000 -0.0000 0.0000 100.0000
20298.5199 312442.8708 413.4676 300176.473340000 -0.0000 0.0000 100.0000
20298.4426 312442.8572 413.4522 300176.483340000 -0.0000 0.0000 100.0000
20298.3653 312442.8436 413.4369 300176.493340000 -0.0000 0.0000 100.0000
20298.2879 312442.8299 413.4216 300176.503340000 -0.0000 0.0000 100.0000
20298.2106 312442.8163 413.4063 300176.513340000 -0.0000 0.0000 100.0000
20298.1333 312442.8027 413.3909 300176.523340000 -0.0000 0.0000 100.0000
20298.0560 312442.7890 413.3756 300176.533340000 -0.0000 0.0000 100.0000
20297.9786 312442.7754 413.3603 300176.543340000 -0.0000 0.0000 100.0000
20297.9013 312442.7618 413.3450 300176.553340000 -0.0000 0.0000 100.0000
20297.8240 312442.7481 413.3297 300176.563340000 -0.0000 0.0000 100.0000
20297.7467 312442.7345 413.3143 300176.573340000 -0.0000 0.0000 100.0000
20297.6693 312442.7208 413.2990 300176.583340000 -0.0000 0.0000 100.0000
20297.5920 312442.7072 413.2837 300176.593340000 -0.0000 0.0000 100.0000
20297.5147 312442.6936 413.2684 300176.603340000 -0.0000 0.0000 100.0000
20297.4373 312442.6799 413.2531 300176.613340000 -0.0000 0.0000 100.0000
20297.3600 312442.6663 413.2377 300176.623340000 -0.0000 0.0000 100.0000
20297.2827 312442.6527 413.2224 300176.633340000 -0.0000 0.0000 100.0000
20297.2054 312442.6390 413.2071 300176.643340000 -0.0000 0.0000 100.0000
20297.1280 312442.6254 413.1918 300176.653340000 -0.0000 0.0000 100.0000
20297.0507 312442.6118 413.1764 300176.663340000 -0.0000 0.0000 100.0000
20296.9734 312442.5981 413.1611 300176.673340000 -0.0000 0.0000 100.0000
20296.8961 312442.5845 413.1458 300176.683340000 -0.0000 0.0000 100.0000
20296.8187 312442.5709 413.1305 300176.693340000 -0.0000 0.0000 100.0000
20296.7414 312442.5572 413.1152 300176.703340000 -0.0000 0.0000 100.0000
20296.6641 312442.5436 413.0998 300176.713340000 -0.0000 0.0000 100.0000
20296.5868 312442.5300 413.0845 300176.723340000 -0.0000 0.0000 100.0000
20296.5094 312442.5163 413.0692 300176.733340000 -0.0000 0.0000 100.0000
20296.4321 312442.5027 413.0539 300176.743340000 -0.0000 0.0000 100.0000
20296.3548 312442.4891 413.0385 300176.753340000 -0.0000 0.0000 100.0000
20296.2775 312442.4754 413.0232 300176.763340000 -0.0000 0.0000 100.0000
20296.2001 312442.4618 413.0079 300176.773340000 -0.0000 0.0000 100.0000
20296.1228 312442.4482 412.9926 300176.783340000 -0.0000 0.0000 100.0000
20296.0455 312442.4345 412.9773 300176.793340000 -0.0000 0.0000 100.0000
20295.9681 312442.4209 412.9619 300176.803340000 -0.0000 0.0000 100.0000
20295.8908 312442.4072 412.9466 300176.813340000 -0.0000 0.0000 100.0000
20295.8135 312442.3936 412.9313 300176.823340000 -0.0000 0.0000 100.0000
20295.7362 312442.3800 412.9160 300176.833340000 -0.0000 0.0000 100.0000
20295.6588 312442.3663 412.9007 300176.843340000 -0.0000 0.0000 100.0000
20295.5815 312442.3527 412.8853 300176.853340000 -0.0000 0.0000 100.0000
20295.5042 312442.3391 412.8700 300176.863340000 -0.0000 0.0000 100.0000
20295.4269 312442.3254 412.8547 300176.873340000 -0.0000 0.0000 100.0000
20295.3495 312442.3118 412.8394 300176.883340000 -0.0000 0.0000 100.0000
20295.2722 312442.2982 412.8240 300176.893340000 -0.0000 0.0000 100.0000
20295.1949 312442.2845 412.8087 300176.903340000 -0.0000 0.0000 100.0000
20295.1176 312442.2709 412.7934 300176.913340000 -0.0000 0.0000 100.0000
20295.0402 312442.2573 412.7781 300176.923340000 -0.0000 0.0000 100.0000
20294.9629 312442.2436 412.7628 300176.933340000 -0.0000 0.0000 100.0000
20294.8856 312442.2300 412.7474 300176.943340000 -0.0000 0.0000 100.0000
20294.8083 312442.2164 412.7321 300176.953340000 -0.0000 0.0000 100.0000
20294.7309 312442.2027 412.7168 300176.963340000 -0.0000 0.0000 100.0000
20294.6536 312442.1891 412.7015 300176.973340000 -0.0000 0.0000 100.0000
20294.5763 312442.1755 412.6861 300176.983340000 -0.0000 0.0000 100.0000
20294.4990 312442.1618 412.6708 300176.993340000 -0.0000 0.0000 100.0000
20294.4216 312442.1482 412.6555 300177.003340000 -0.0000 0.0000 100.0000
20294.3443 312442.1346 412.6402 300177.013340000 -0.0000 0.0000 100.0000
20294.2670 312442.1209 412.6249 300177.023340000 -0.0000 0.0000 100.0000
20294.1896 312442.1073 412.6095 300177.033340000 -0.0000 0.0000 100.0000
20294.1123 312442.0937 412.5942 300177.043340000 -0.0000 0.0000 100.0000
20294.0350 312442.0800 412.5789 300177.053340000 -0.0000 0.0000 100.0000
20293.9577 312442.0664 412.5636 300177.063340000 -0.0000 0.0000 100.0000
20293.8803 312442.0527 412.5483 300177.073340000 -0.0000 0.0000 100.0000
20293.8030 312442.0391 412.5329 300177.083340000 -0.0000 0.0000 100.0000
20293.7257 312442.0255 412.5176 300177.093340000 -0.0000 0.0000 100.0000
20293.6484 312442.0118 412.5023 300177.103340000 -0.0000 0.0000 100.0000
20293.5710 312441.9982 412.4870 300177.113340000 -0.0000 0.0000 100.0000
20293.4937 312441.9846 412.4716 300177.123340000 -0.0000 0.0000 100.0000
20293.4164 312441.9709 412.4563 300177.133340000 -0.0000 0.0000 100.0000
20293.3391 312441.9573 412.4410 300177.143340000 -0.0000 0.0000 100.0000
20293.2617 312441.9437 412.4257 300177.153340000 -0.0000 0.0000 100.0000
20293.1844 312441.9300 412.4104 300177.163340000 -0.0000 0.0000 100.0000
20293.1071 312441.9164 412.3950 300177.173340000 -0.0000 0.0000 100.0000
20293.0298 312441.9028 412.3797 300177.183340000 -0.0000 0.0000 100.0000
20292.9524 312441.8891 412.3644 300177.193340000 -0.0000 0.0000 100.0000
20292.8751 312441.8755 412.3491 300177.203340000 -0.0000 0.0000 100.0000
20292.7978 312441.8619 412.3337 300177.213340000 -0.0000 0.0000 100.0000
20292.7204 312441.8482 412.3184 300177.223340000 -0.0000 0.0000 100.0000
20292.6431 312441.8346 412.3031 300177.233340000 -0.0000 0.0000 100.0000
20292.5658 312441.8210 412.2878 300177.243340000 -0.0000 0.0000 100.0000
20292.4885 312441.8073 412.2725 300177.253340000 -0.0000 0.0000 100.0000
20292.4111 312441.7937 412.2571 300177.263340000 -0.0000 0.0000 100.0000
20292.3338 312441.7801 412.2418 300177.273340000 -0.0000 0.0000 100.0000
20292.2565 312441.7664 412.2265 300177.283340000 -0.0000 0.0000 100.0000
20292.1792 312441.7528 412.2112 300177.293340000 -0.0000 0.0000 100.0000
20292.1018 312441.7391 412.1959 300177.303340000 -0.0000 0.0000 100.0000
20292.0245 312441.7255 412.1805 300177.313340000 -0.0000 0.0000 100.0000
20291.9472 312441.7119 412.1652 300177.323340000 -0.0000 0.0000 100.0000
20291.8699 312441.6982 412.1499 300177.333340000 -0.0000 0.0000 100.0000
20291.7925 312441.6846 412.1346 300177.343340000 -0.0000 0.0000 100.0000
20291.7152 312441.6710 412.1192 300177.353340000 -0.0000 0.0000 100.0000
20291.6379 312441.6573 412.1039 300177.363340000 -0.0000 0.0000 100.0000
20291.5606 312441.6437 412.0886 300177.373340000 -0.0000 0.0000 100.0000
20291.4832 312441.6301 412.0733 300177.383340000 -0.0000 0.0000 100.0000
20291.4059 312441.6164 412.0580 300177.393340000 -0.0000 0.0000 100.0000
20291.3286 312441.6028 412.0426 300177.403340000 -0.0000 0.0000 100.0000
20291.2513 312441.5892 412.0273 300177.413340000 -0.0000 0.0000 100.0000
20291.1739 312441.5755 412.0120 300177.423340000 -0.0000 0.0000 100.0000
20291.0966 312441.5619 411.9967 300177.433340000 -0.0000 0.0000 100.0000
20291.0193 312441.5483 411.9814 300177.443340000 -0.0000 0.0000 100.0000
20290.9419 312441.5346 411.9660 300177.453340000 -0.0000 0.0000 100.0000
20290.8646 312441.5210 411.9507 300177.463340000 -0.0000 0.0000 100.0000
20290.7873 312441.5074 411.9354 300177.473340000 -0.0000 0.0000 100.0000
20290.7100 312441.4937 411.9201 300177.483340000 -0.0000 0.0000 100.0000
20290.6326 312441.4801 411.9047 300177.493340000 -0.0000 0.0000 100.0000
20290.5553 312441.4665 411.8894 300177.503340000 -0.0000 0.0000 100.0000
20290.4780 312441.4528 411.8741 300177.513340000 -0.0000 0.0000 100.0000
20290.4007 312441.4392 411.8588 300177.523340000 -0.0000 0.0000 100.0000
20290.3233 312441.4256 411.8435 300177.533340000 -0.0000 0.0000 100.0000
20290.2460 312441.4119 411.8281 300177.543340000 -0.0000 0.0000 100.0000
20290.1687 312441.3983 411.8128 300177.553340000 -0.0000 0.0000 100.0000
20290.0914 312441.3846 411.7975 300177.563340000 -0.0000 0.0000 100.0000
20290.0140 312441.3710 411.7822 300177.573340000 -0.0000 0.0000 100.0000
20289.9367 312441.3574 411.7668 300177.583340000 -0.0000 0.0000 100.0000
20289.8594 312441.3437 411.7515 300177.593340000 -0.0000 0.0000 100.0000
20289.7821 312441.3301 411.7362 300177.603340000 -0.0000 0.0000 100.0000
20289.7047 312441.3165 411.7209 300177.613340000 -0.0000 0.0000 100.0000
20289.6274 312441.3028 411.7056 300177.623340000 -0.0000 0.0000 100.0000
20289.5501 312441.2892 411.6902 300177.633340000 -0.0000 0.0000 100.0000
20289.4727 312441.2756 411.6749 300177.643340000 -0.0000 0.0000 100.0000
20289.3954 312441.2619 411.6596 300177.653340000 -0.0000 0.0000 100.0000
20289.3181 312441.2483 411.6443 300177.663340000 -0.0000 0.0000 100.0000
20289.2408 312441.2347 411.6290 300177.673340000 -0.0000 0.0000 100.0000
20289.1634 312441.2210 411.6136 300177.683340000 -0.0000 0.0000 100.0000
20289.0861 312441.2074 411.5983 300177.693340000 -0.0000 0.0000 100.0000
20289.0088 312441.1938 411.5830 300177.703340000 -0.0000 0.0000 100.0000
20288.9315 312441.1801 411.5677 300177.713340000 -0.0000 0.0000 100.0000
20288.8541 312441.1665 411.5523 300177.723340000 -0.0000 0.0000 100.0000
20288.7768 312441.1529 411.5370 300177.733340000 -0.0000 0.0000 100.0000
20288.6995 312441.1392 411.5217 300177.743340000 -0.0000 0.0000 100.0000
20288.6222 312441.1256 411.5064 300177.753340000 -0.0000 0.0000 100.0000
20288.5448 312441.1120 411.4911 300177.763340000 -0.0000 0.0000 100.0000
20288.4675 312441.0983 411.4757 300177.773340000 -0.0000 0.0000 100.0000
20288.3902 312441.0847 411.4604 300177.783340000 -0.0000 0.0000 100.0000
20288.3129 312441.0710 411.4451 300177.793340000 -0.0000 0.0000 100.0000
20288.2355 312441.0574 411.4298 300177.803340000 -0.0000 0.0000 100.0000
20288.1582 312441.0438 411.4144 300177.813340000 -0.0000 0.0000 100.0000
20288.0809 312441.0301 411.3991 300177.823340000 -0.0000 0.0000 100.0000
20288.0036 312441.0165 411.3838 300177.833340000 -0.0000 0.0000 100.0000
20287.9262 312441.0029 411.3685 300177.843340000 -0.0000 0.0000 100.0000
20287.8489 312440.9892 411.3532 300177.853340000 -0.0000 0.0000 100.0000
20287.7716 312440.9756 411.3378 300177.863340000 -0.0000 0.0000 100.0000
20287.6942 312440.9620 411.3225 300177.873340000 -0.0000 0.0000 100.0000
20287.6169 312440.9483 411.3072 300177.883340000 -0.0000 0.0000 100.0000
20287.5396 312440.9347 411.2919 300177.893340000 -0.0000 0.0000 100.0000
20287.4623 312440.9211 411.2766 300177.903340000 -0.0000 0.0000 100.0000
20287.3849 312440.9074 411.2612 300177.913340000 -0.0000 0.0000 100.0000
20287.3076 312440.8938 411.2459 300177.923340000 -0.0000 0.0000 100.0000
20287.2303 312440.8802 411.2306 300177.933340000 -0.0000 0.0000 100.0000
20287.1530 312440.8665 411.2153 300177.943340000 -0.0000 0.0000 100.0000
20287.0756 312440.8529 411.1999 300177.953340000 -0.0000 0.0000 100.0000
20286.9983 312440.8393 411.1846 300177.963340000 -0.0000 0.0000 100.0000
20286.9210 312440.8256 411.1693 300177.973340000 -0.0000 0.0000 100.0000
20286.8437 312440.8120 411.1540 300177.983340000 -0.0000 0.0000 100.0000
20286.7663 312440.7984 411.1387 300177.993340000 -0.0000 0.0000 100.0000
20286.6890 312440.7847 411.1233 300178.003340000 -0.0000 0.0000 100.0000
20286.6117 312440.7711 411.1080 300178.013340000 -0.0000 0.0000 100.0000
20286.5344 312440.7575 411.0927 300178.023340000 -0.0000 0.0000 100.0000
20286.4570 312440.7438 411.0774 300178.033340000 -0.0000 0.0000 100.0000
20286.3797 312440.7302 411.0620 300178.043340000 -0.0000 0.0000 100.0000
20286.3024 312440.7165 411.0467 300178.053340000 -0.0000 0.0000 100.0000
20286.2250 312440.7029 411.0314 300178.063340000 -0.0000 0.0000 100.0000
20286.1477 312440.6893 411.0161 300178.073340000 -0.0000 0.0000 100.0000
20286.0704 312440.6756 411.0008 300178.083340000 -0.0000 0.0000 100.0000
20285.9931 312440.6620 410.9854 300178.093340000 -0.0000 0.0000 100.0000
20285.9157 312440.6484 410.9701 300178.103340000 -0.0000 0.0000 100.0000
20285.8384 312440.6347 410.9548 300178.113340000 -0.0000 0.0000 100.0000
20285.7611 312440.6211 410.9395 300178.123340000 -0.0000 0.0000 100.0000
20285.6838 312440.6075 410.9242 300178.133340000 -0.0000 0.0000 100.0000
20285.6064 312440.5938 410.9088 300178.143340000 -0.0000 0.0000 100.0000
20285.5291 312440.5802 410.8935 300178.153340000 -0.0000 0.0000 100.0000
20285.4518 312440.5666 410.8782 300178.163340000 -0.0000 0.0000 100.0000
20285.3745 312440.5529 410.8629 300178.173340000 -0.0000 0.0000 100.0000
20285.2971 312440.5393 410.8475 300178.183340000 -0.0000 0.0000 100.0000
20285.2198 312440.5257 410.8322 300178.193340000 -0.0000 0.0000 100.0000
20285.1425 312440.5120 410.8169 300178.203340000 -0.0000 0.0000 100.0000
20285.0652 312440.4984 410.8016 300178.213340000 -0.0000 0.0000 100.0000
20284.9878 312440.4848 410.7863 300178.223340000 -0.0000 0.0000 100.0000
20284.9105 312440.4711 410.7709 300178.233340000 -0.0000 0.0000 100.0000
20284.8332 312440.4575 410.7556 300178.243340000 -0.0000 0.0000 100.0000
20284.7559 312440.4439 410.7403 300178.253340000 -0.0000 0.0000 100.0000
20284.6785 312440.4302 410.7250 300178.263340000 -0.0000 0.0000 100.0000
20284.6012 312440.4166 410.7097 300178.273340000 -0.0000 0.0000 100.0000
20284.5239 312440.4029 410.6943 300178.283340000 -0.0000 0.0000 100.0000
20284.4465 312440.3893 410.6790 300178.293340000 -0.0000 0.0000 100.0000
20284.3692 312440.3757 410.6637 300178.303340000 -0.0000 0.0000 100.0000
20284.2919 312440.3620 410.6484 300178.313340000 -0.0000 0.0000 100.0000
20284.2146 312440.3484 410.6330 300178.323340000 -0.0000 0.0000 100.0000
20284.1372 312440.3348 410.6177 300178.333340000 -0.0000 0.0000 100.0000
20284.0599 312440.3211 410.6024 300178.343340000 -0.0000 0.0000 100.0000
20283.9826 312440.3075 410.5871 300178.353340000 -0.0000 0.0000 100.0000
20283.9053 312440.2939 410.5718 300178.363340000 -0.0000 0.0000 100.0000
20283.8279 312440.2802 410.5564 300178.373340000 -0.0000 0.0000 100.0000
20283.7506 312440.2666 410.5411 300178.383340000 -0.0000 0.0000 100.0000
20283.6733 312440.2530 410.5258 300178.393340000 -0.0000 0.0000 100.0000
20283.5960 312440.2393 410.5105 300178.403340000 -0.0000 0.0000 100.0000
20283.5186 312440.2257 410.4951 300178.413340000 -0.0000 0.0000 100.0000
20283.4413 312440.2121 410.4798 300178.423340000 -0.0000 0.0000 100.0000
20283.3640 312440.1984 410.4645 300178.433340000 -0.0000 0.0000 100.0000
20283.2867 312440.1848 410.4492 300178.443340000 -0.0000 0.0000 100.0000
20283.2093 312440.1712 410.4339 300178.453340000 -0.0000 0.0000 100.0000
20283.1320 312440.1575 410.4185 300178.463340000 -0.0000 0.0000 100.0000
20283.0547 312440.1439 410.4032 300178.473340000 -0.0000 0.0000 100.0000
20282.9773 312440.1303 410.3879 300178.483340000 -0.0000 0.0000 100.0000
20282.9000 312440.1166 410.3726 300178.493340000 -0.0000 0.0000 100.0000
20282.8227 312440.1030 410.3573 300178.503340000 -0.0000 0.0000 100.0000
20282.7454 312440.0894 410.3419 300178.513340000 -0.0000 0.0000 100.0000
20282.6680 312440.0757 410.3266 300178.523340000 -0.0000 0.0000 100.0000
20282.5907 312440.0621 410.3113 300178.533340000 -0.0000 0.0000 100.0000
20282.5134 312440.0484 410.2960 300178.543340000 -0.0000 0.0000 100.0000
20282.4361 312440.0348 410.2806 300178.553340000 -0.0000 0.0000 100.0000
20282.3587 312440.0212 410.2653 300178.563340000 -0.0000 0.0000 100.0000
20282.2814 312440.0075 410.2500 300178.573340000 -0.0000 0.0000 100.0000
20282.2041 312439.9939 410.2347 300178.583340000 -0.0000 0.0000 100.0000
20282.1268 312439.9803 410.2194 300178.593340000 -0.0000 0.0000 100.0000
20282.0494 312439.9666 410.2040 300178.603340000 -0.0000 0.0000 100.0000
20281.9721 312439.9530 410.1887 300178.613340000 -0.0000 0.0000 100.0000
20281.8948 312439.9394 410.1734 300178.623340000 -0.0000 0.0000 100.0000
20281.8175 312439.9257 410.1581 300178.633340000 -0.0000 0.0000 100.0000
20281.7401 312439.9121 410.1427 300178.643340000 -0.0000 0.0000 100.0000
20281.6628 312439.8985 410.1274 300178.653340000 -0.0000 0.0000 100.0000
20281.5855 312439.8848 410.1121 300178.663340000 -0.0000 0.0000 100.0000
20281.5082 312439.8712 410.0968 300178.673340000 -0.0000 0.0000 100.0000
20281.4308 312439.8576 410.0815 300178.683340000 -0.0000 0.0000 100.0000
20281.3535 312439.8439 410.0661 300178.693340000 -0.0000 0.0000 100.0000
20281.2762 312439.8303 410.0508 300178.703340000 -0.0000 0.0000 100.0000
20281.1988 312439.8167 410.0355 300178.713340000 -0.0000 0.0000 100.0000
20281.1215 312439.8030 410.0202 300178.723340000 -0.0000 0.0000 100.0000
20281.0442 312439.7894 410.0049 300178.733340000 -0.0000 0.0000 100.0000
20280.9669 312439.7758 409.9895 300178.743340000 -0.0000 0.0000 100.0000
20280.8895 312439.7621 409.9742 300178.753340000 -0.0000 0.0000 100.0000
20280.8122 312439.7485 409.9589 300178.763340000 -0.0000 0.0000 100.0000
20280.7349 312439.7348 409.9436 300178.773340000 -0.0000 0.0000 100.0000
20280.6576 312439.7212 409.9282 300178.783340000 -0.0000 0.0000 100.0000
20280.5802 312439.7076 409.9129 300178.793340000 -0.0000 0.0000 100.0000
20280.5029 312439.6939 409.8976 300178.803340000 -0.0000 0.0000 100.0000
20280.4256 312439.6803 409.8823 300178.813340000 -0.0000 0.0000 100.0000
20280.3483 312439.6667 409.8670 300178.823340000 -0.0000 0.0000 100.0000
20280.2709 312439.6530 409.8516 300178.833340000 -0.0000 0.0000 100.0000
20280.1936 312439.6394 409.8363 300178.843340000 -0.0000 0.0000 100.0000
20280.1163 312439.6258 409.8210 300178.853340000 -0.0000 0.0000 100.0000
20280.0390 312439.6121 409.8057 300178.863340000 -0.0000 0.0000 100.0000
20279.9616 312439.5985 409.7903 300178.873340000 -0.0000 0.0000 100.0000
20279.8843 312439.5849 409.7750 300178.883340000 -0.0000 0.0000 100.0000
20279.8070 312439.5712 409.7597 300178.893340000 -0.0000 0.0000 100.0000
20279.7296 312439.5576 409.7444 300178.903340000 -0.0000 0.0000 100.0000
20279.6523 312439.5440 409.7291 300178.913340000 -0.0000 0.0000 100.0000
20279.5750 312439.5303 409.7137 300178.923340000 -0.0000 0.0000 100.0000
20279.4977 312439.5167 409.6984 300178.933340000 -0.0000 0.0000 100.0000
20279.4203 312439.5031 409.6831 300178.943340000 -0.0000 0.0000 100.0000
20279.3430 312439.4894 409.6678 300178.953340000 -0.0000 0.0000 100.0000
20279.2657 312439.4758 409.6525 300178.963340000 -0.0000 0.0000 100.0000
20279.1884 312439.4622 409.6371 300178.973340000 -0.0000 0.0000 100.0000
20279.1110 312439.4485 409.6218 300178.983340000 -0.0000 0.0000 100.0000
20279.0337 312439.4349 409.6065 300178.993340000 -0.0000 0.0000 100.0000
20278.9564 312439.4213 409.5912 300179.003340000 -0.0000 0.0000 100.0000
20278.8791 312439.4076 409.5758 300179.013340000 -0.0000 0.0000 100.0000
20278.8017 312439.3940 409.5605 300179.023340000 -0.0000 0.0000 100.0000
20278.7244 312439.3803 409.5452 300179.033340000 -0.0000 0.0000 100.0000
20278.6471 312439.3667 409.5299 300179.043340000 -0.0000 0.0000 100.0000
20278.5698 312439.3531 409.5146 300179.053340000 -0.0000 0.0000 100.0000
20278.4924 312439.3394 409.4992 300179.063340000 -0.0000 0.0000 100.0000
20278.4151 312439.3258 409.4839 300179.073340000 -0.0000 0.0000 100.0000
20278.3378 312439.3122 409.4686 300179.083340000 -0.0000 0.0000 100.0000
20278.2605 312439.2985 409.4533 300179.093340000 -0.0000 0.0000 100.0000
20278.1831 312439.2849 409.4380 300179.103340000 -0.0000 0.0000 100.0000
20278.1058 312439.2713 409.4226 300179.113340000 -0.0000 0.0000 100.0000
20278.0285 312439.2576 409.4073 300179.123340000 -0.0000 0.0000 100.0000
20277.9511 312439.2440 409.3920 300179.133340000 -0.0000 0.0000 100.0000
20277.8738 312439.2304 409.3767 300179.143340000 -0.0000 0.0000 100.0000
20277.7965 312439.2167 409.3613 300179.153340000 -0.0000 0.0000 100.0000
20277.7192 312439.2031 409.3460 300179.163340000 -0.0000 0.0000 100.0000
20277.6418 312439.1895 409.3307 300179.173340000 -0.0000 0.0000 100.0000
20277.5645 312439.1758 409.3154 300179.183340000 -0.0000 0.0000 100.0000
20277.4872 312439.1622 409.3001 300179.193340000 -0.0000 0.0000 100.0000
20277.4099 312439.1486 409.2847 300179.203340000 -0.0000 0.0000 100.0000
20277.3325 312439.1349 409.2694 300179.213340000 -0.0000 0.0000 100.0000
20277.2552 312439.1213 409.2541 300179.223340000 -0.0000 0.0000 100.0000
20277.1779 312439.1077 409.2388 300179.233340000 -0.0000 0.0000 100.0000
20277.1006 312439.0940 409.2234 300179.243340000 -0.0000 0.0000 100.0000
20277.0232 312439.0804 409.2081 300179.253340000 -0.0000 0.0000 100.0000
20276.9459 312439.0667 409.1928 300179.263340000 -0.0000 0.0000 100.0000
20276.8686 312439.0531 409.1775 300179.273340000 -0.0000 0.0000 100.0000
20276.7913 312439.0395 409.1622 300179.283340000 -0.0000 0.0000 100.0000
20276.7139 312439.0258 409.1468 300179.293340000 -0.0000 0.0000 100.0000
20276.6366 312439.0122 409.1315 300179.303340000 -0.0000 0.0000 100.0000
20276.5593 312438.9986 409.1162 300179.313340000 -0.0000 0.0000 100.0000
20276.4819 312438.9849 409.1009 300179.323340000 -0.0000 0.0000 100.0000
20276.4046 312438.9713 409.0856 300179.333340000 -0.0000 0.0000 100.0000
20276.3273 312438.9577 409.0702 300179.343340000 -0.0000 0.0000 100.0000
20276.2500 312438.9440 409.0549 300179.353340000 -0.0000 0.0000 100.0000
20276.1726 312438.9304 409.0396 300179.363340000 -0.0000 0.0000 100.0000
20276.0953 312438.9168 409.0243 300179.373340000 -0.0000 0.0000 100.0000
20276.0180 312438.9031 409.0089 300179.383340000 -0.0000 0.0000 100.0000
20275.9407 312438.8895 408.9936 300179.393340000 -0.0000 0.0000 100.0000
20275.8633 312438.8759 408.9783 300179.403340000 -0.0000 0.0000 100.0000
20275.7860 312438.8622 408.9630 300179.413340000 -0.0000 0.0000 100.0000
20275.7087 312438.8486 408.9477 300179.423340000 -0.0000 0.0000 100.0000
20275.6314 312438.8350 408.9323 300179.433340000 -0.0000 0.0000 100.0000
20275.5540 312438.8213 408.9170 300179.443340000 -0.0000 0.0000 100.0000
20275.4767 312438.8077 408.9017 300179.453340000 -0.0000 0.0000 100.0000
20275.3994 312438.7941 408.8864 300179.463340000 -0.0000 0.0000 100.0000
20275.3221 312438.7804 408.8710 300179.473340000 -0.0000 0.0000 100.0000
20275.2447 312438.7668 408.8557 300179.483340000 -0.0000 0.0000 100.0000
20275.1674 312438.7532 408.8404 300179.493340000 -0.0000 0.0000 100.0000
20275.0901 312438.7395 408.8251 300179.503340000 -0.0000 0.0000 100.0000
20275.0128 312438.7259 408.8098 300179.513340000 -0.0000 0.0000 100.0000
20274.9354 312438.7122 408.7944 300179.523340000 -0.0000 0.0000 100.0000
20274.8581 312438.6986 408.7791 300179.533340000 -0.0000 0.0000 100.0000
20274.7808 312438.6850 408.7638 300179.543340000 -0.0000 0.0000 100.0000
20274.7034 312438.6713 408.7485 300179.553340000 -0.0000 0.0000 100.0000
20274.6261 312438.6577 408.7332 300179.563340000 -0.0000 0.0000 100.0000
20274.5488 312438.6441 408.7178 300179.573340000 -0.0000 0.0000 100.0000
20274.4715 312438.6304 408.7025 300179.583340000 -0.0000 0.0000 100.0000
20274.3941 312438.6168 408.6872 300179.593340000 -0.0000 0.0000 100.0000
20274.3168 312438.6032 408.6719 300179.603340000 -0.0000 0.0000 100.0000
20274.2395 312438.5895 408.6565 300179.613340000 -0.0000 0.0000 100.0000
20274.1622 312438.5759 408.6412 300179.623340000 -0.0000 0.0000 100.0000
20274.0848 312438.5623 408.6259 300179.633340000 -0.0000 0.0000 100.0000
20274.0075 312438.5486 408.6106 300179.643340000 -0.0000 0.0000 100.0000
20273.9302 312438.5350 408.5953 300179.653340000 -0.0000 0.0000 100.0000
20273.8529 312438.5214 408.5799 300179.663340000 -0.0000 0.0000 100.0000
20273.7755 312438.5077 408.5646 300179.673340000 -0.0000 0.0000 100.0000
20273.6982 312438.4941 408.5493 300179.683340000 -0.0000 0.0000 100.0000
20273.6209 312438.4805 408.5340 300179.693340000 -0.0000 0.0000 100.0000
20273.5436 312438.4668 408.5186 300179.703340000 -0.0000 0.0000 100.0000
20273.4662 312438.4532 408.5033 300179.713340000 -0.0000 0.0000 100.0000
20273.3889 312438.4396 408.4880 300179.723340000 -0.0000 0.0000 100.0000
20273.3116 312438.4259 408.4727 300179.733340000 -0.0000 0.0000 100.0000
20273.2342 312438.4123 408.4574 300179.743340000 -0.0000 0.0000 100.0000
20273.1569 312438.3986 408.4420 300179.753340000 -0.0000 0.0000 100.0000
20273.0796 312438.3850 408.4267 300179.763340000 -0.0000 0.0000 100.0000
20273.0023 312438.3714 408.4114 300179.773340000 -0.0000 0.0000 100.0000
20272.9249 312438.3577 408.3961 300179.783340000 -0.0000 0.0000 100.0000
20272.8476 312438.3441 408.3808 300179.793340000 -0.0000 0.0000 100.0000
20272.7703 312438.3305 408.3654 300179.803340000 -0.0000 0.0000 100.0000
20272.6930 312438.3168 408.3501 300179.813340000 -0.0000 0.0000 100.0000
20272.6156 312438.3032 408.3348 300179.823340000 -0.0000 0.0000 100.0000
20272.5383 312438.2896 408.3195 300179.833340000 -0.0000 0.0000 100.0000
20272.4610 312438.2759 408.3041 300179.843340000 -0.0000 0.0000 100.0000
20272.3837 312438.2623 408.2888 300179.853340000 -0.0000 0.0000 100.0000
20272.3063 312438.2487 408.2735 300179.863340000 -0.0000 0.0000 100.0000
20272.2290 312438.2350 408.2582 300179.873340000 -0.0000 0.0000 100.0000
20272.1517 312438.2214 408.2429 300179.883340000 -0.0000 0.0000 100.0000
20272.0744 312438.2078 408.2275 300179.893340000 -0.0000 0.0000 100.0000
20271.9970 312438.1941 408.2122 300179.903340000 -0.0000 0.0000 100.0000
20271.9197 312438.1805 408.1969 300179.913340000 -0.0000 0.0000 100.0000
20271.8424 312438.1669 408.1816 300179.923340000 -0.0000 0.0000 100.0000
