20406.5118 312538.0697 453.0060 300209.303250000 0.0000 0.0000 280.0000
20406.5903 312538.0835 452.9985 300209.313250000 0.0000 0.0000 280.0000
20406.6687 312538.0974 452.9910 300209.323250000 0.0000 0.0000 280.0000
20406.7471 312538.1112 452.9835 300209.333250000 0.0000 0.0000 280.0000
20406.8256 312538.1250 452.9760 300209.343250000 0.0000 0.0000 280.0000
20406.9040 312538.1389 452.9685 300209.353250000 0.0000 0.0000 280.0000
20406.9825 312538.1527 452.9611 300209.363250000 0.0000 0.0000 280.0000
20407.0609 312538.1665 452.9536 300209.373250000 0.0000 0.0000 280.0000
20407.1393 312538.1804 452.9461 300209.383250000 0.0000 0.0000 280.0000
20407.2178 312538.1942 452.9386 300209.393250000 0.0000 0.0000 280.0000
20407.2962 312538.2080 452.9311 300209.403250000 0.0000 0.0000 280.0000
20407.3746 312538.2219 452.9236 300209.413250000 0.0000 0.0000 280.0000
20407.4531 312538.2357 452.9161 300209.423250000 0.0000 0.0000 280.0000
20407.5315 312538.2495 452.9086 300209.433250000 0.0000 0.0000 280.0000
20407.6100 312538.2633 452.9011 300209.443250000 0.0000 0.0000 280.0000
20407.6884 312538.2772 452.8936 300209.453250000 0.0000 0.0000 280.0000
20407.7668 312538.2910 452.8861 300209.463250000 0.0000 0.0000 280.0000
20407.8453 312538.3048 452.8786 300209.473250000 0.0000 0.0000 280.0000
20407.9237 312538.3187 452.8711 300209.483250000 0.0000 0.0000 280.0000
20408.0022 312538.3325 452.8637 300209.493250000 0.0000 0.0000 280.0000
20408.0806 312538.3463 452.8562 300209.503250000 0.0000 0.0000 280.0000
20408.1590 312538.3602 452.8487 300209.513250000 0.0000 0.0000 280.0000
20408.2375 312538.3740 452.8412 300209.523250000 0.0000 0.0000 280.0000
20408.3159 312538.3878 452.8337 300209.533250000 0.0000 0.0000 280.0000
20408.3943 312538.4017 452.8262 300209.543250000 0.0000 0.0000 280.0000
20408.4728 312538.4155 452.8187 300209.553250000 0.0000 0.0000 280.0000
20408.5512 312538.4293 452.8112 300209.563250000 0.0000 0.0000 280.0000
20408.6297 312538.4431 452.8037 300209.573250000 0.0000 0.0000 280.0000
20408.7081 312538.4570 452.7962 300209.583250000 0.0000 0.0000 280.0000
20408.7865 312538.4708 452.7887 300209.593250000 0.0000 0.0000 280.0000
20408.8650 312538.4846 452.7812 300209.603250000 0.0000 0.0000 280.0000
20408.9434 312538.4985 452.7737 300209.613250000 0.0000 0.0000 280.0000
20409.0219 312538.5123 452.7663 300209.623250000 0.0000 0.0000 280.0000
20409.1003 312538.5261 452.7588 300209.633250000 0.0000 0.0000 280.0000
20409.1787 312538.5400 452.7513 300209.643250000 0.0000 0.0000 280.0000
20409.2572 312538.5538 452.7438 300209.653250000 0.0000 0.0000 280.0000
20409.3356 312538.5676 452.7363 300209.663250000 0.0000 0.0000 280.0000
20409.4140 312538.5815 452.7288 300209.673250000 0.0000 0.0000 280.0000
20409.4925 312538.5953 452.7213 300209.683250000 0.0000 0.0000 280.0000
20409.5709 312538.6091 452.7138 300209.693250000 0.0000 0.0000 280.0000
20409.6494 312538.6229 452.7063 300209.703250000 0.0000 0.0000 280.0000
20409.7278 312538.6368 452.6988 300209.713250000 0.0000 0.0000 280.0000
20409.8062 312538.6506 452.6913 300209.723250000 0.0000 0.0000 280.0000
20409.8847 312538.6644 452.6838 300209.733250000 0.0000 0.0000 280.0000
20409.9631 312538.6783 452.6763 300209.743250000 0.0000 0.0000 280.0000
20410.0416 312538.6921 452.6689 300209.753250000 0.0000 0.0000 280.0000
20410.1200 312538.7059 452.6614 300209.763250000 0.0000 0.0000 280.0000
20410.1984 312538.7198 452.6539 300209.773250000 0.0000 0.0000 280.0000
20410.2769 312538.7336 452.6464 300209.783250000 0.0000 0.0000 280.0000
20410.3553 312538.7474 452.6389 300209.793250000 0.0000 0.0000 280.0000
20410.4337 312538.7613 452.6314 300209.803250000 0.0000 0.0000 280.0000
20410.5122 312538.7751 452.6239 300209.813250000 0.0000 0.0000 280.0000
20410.5906 312538.7889 452.6164 300209.823250000 0.0000 0.0000 280.0000
20410.6691 312538.8027 452.6089 300209.833250000 0.0000 0.0000 280.0000
20410.7475 312538.8166 452.6014 300209.843250000 0.0000 0.0000 280.0000
20410.8259 312538.8304 452.5939 300209.853250000 0.0000 0.0000 280.0000
20410.9044 312538.8442 452.5864 300209.863250000 0.0000 0.0000 280.0000
20410.9828 312538.8581 452.5789 300209.873250000 0.0000 0.0000 280.0000
20411.0613 312538.8719 452.5715 300209.883250000 0.0000 0.0000 280.0000
20411.1397 312538.8857 452.5640 300209.893250000 0.0000 0.0000 280.0000
20411.2181 312538.8996 452.5565 300209.903250000 0.0000 0.0000 280.0000
20411.2966 312538.9134 452.5490 300209.913250000 0.0000 0.0000 280.0000
20411.3750 312538.9272 452.5415 300209.923250000 0.0000 0.0000 280.0000
20411.4534 312538.9411 452.5340 300209.933250000 0.0000 0.0000 280.0000
20411.5319 312538.9549 452.5265 300209.943250000 0.0000 0.0000 280.0000
20411.6103 312538.9687 452.5190 300209.953250000 0.0000 0.0000 280.0000
20411.6888 312538.9825 452.5115 300209.963250000 0.0000 0.0000 280.0000
20411.7672 312538.9964 452.5040 300209.973250000 0.0000 0.0000 280.0000
20411.8456 312539.0102 452.4965 300209.983250000 0.0000 0.0000 280.0000
20411.9241 312539.0240 452.4890 300209.993250000 0.0000 0.0000 280.0000
20412.0025 312539.0379 452.4815 300210.003250000 0.0000 0.0000 280.0000
20412.0810 312539.0517 452.4741 300210.013250000 0.0000 0.0000 280.0000
20412.1594 312539.0655 452.4666 300210.023250000 0.0000 0.0000 280.0000
20412.2378 312539.0794 452.4591 300210.033250000 0.0000 0.0000 280.0000
20412.3163 312539.0932 452.4516 300210.043250000 0.0000 0.0000 280.0000
20412.3947 312539.1070 452.4441 300210.053250000 0.0000 0.0000 280.0000
20412.4731 312539.1209 452.4366 300210.063250000 0.0000 0.0000 280.0000
20412.5516 312539.1347 452.4291 300210.073250000 0.0000 0.0000 280.0000
20412.6300 312539.1485 452.4216 300210.083250000 0.0000 0.0000 280.0000
20412.7085 312539.1623 452.4141 300210.093250000 0.0000 0.0000 280.0000
20412.7869 312539.1762 452.4066 300210.103250000 0.0000 0.0000 280.0000
20412.8653 312539.1900 452.3991 300210.113250000 0.0000 0.0000 280.0000
20412.9438 312539.2038 452.3916 300210.123250000 0.0000 0.0000 280.0000
20413.0222 312539.2177 452.3841 300210.133250000 0.0000 0.0000 280.0000
20413.1006 312539.2315 452.3767 300210.143250000 0.0000 0.0000 280.0000
20413.1791 312539.2453 452.3692 300210.153250000 0.0000 0.0000 280.0000
20413.2575 312539.2592 452.3617 300210.163250000 0.0000 0.0000 280.0000
20413.3360 312539.2730 452.3542 300210.173250000 0.0000 0.0000 280.0000
20413.4144 312539.2868 452.3467 300210.183250000 0.0000 0.0000 280.0000
20413.4928 312539.3007 452.3392 300210.193250000 0.0000 0.0000 280.0000
20413.5713 312539.3145 452.3317 300210.203250000 0.0000 0.0000 280.0000
20413.6497 312539.3283 452.3242 300210.213250000 0.0000 0.0000 280.0000
20413.7282 312539.3421 452.3167 300210.223250000 0.0000 0.0000 280.0000
20413.8066 312539.3560 452.3092 300210.233250000 0.0000 0.0000 280.0000
20413.8850 312539.3698 452.3017 300210.243250000 0.0000 0.0000 280.0000
20413.9635 312539.3836 452.2942 300210.253250000 0.0000 0.0000 280.0000
20414.0419 312539.3975 452.2868 300210.263250000 0.0000 0.0000 280.0000
20414.1203 312539.4113 452.2793 300210.273250000 0.0000 0.0000 280.0000
20414.1988 312539.4251 452.2718 300210.283250000 0.0000 0.0000 280.0000
20414.2772 312539.4390 452.2643 300210.293250000 0.0000 0.0000 280.0000
20414.3557 312539.4528 452.2568 300210.303250000 0.0000 0.0000 280.0000
20414.4341 312539.4666 452.2493 300210.313250000 0.0000 0.0000 280.0000
20414.5125 312539.4805 452.2418 300210.323250000 0.0000 0.0000 280.0000
20414.5910 312539.4943 452.2343 300210.333250000 0.0000 0.0000 280.0000
20414.6694 312539.5081 452.2268 300210.343250000 0.0000 0.0000 280.0000
20414.7479 312539.5219 452.2193 300210.353250000 0.0000 0.0000 280.0000
20414.8263 312539.5358 452.2118 300210.363250000 0.0000 0.0000 280.0000
20414.9047 312539.5496 452.2043 300210.373250000 0.0000 0.0000 280.0000
20414.9832 312539.5634 452.1968 300210.383250000 0.0000 0.0000 280.0000
20415.0616 312539.5773 452.1894 300210.393250000 0.0000 0.0000 280.0000
20415.1400 312539.5911 452.1819 300210.403250000 0.0000 0.0000 280.0000
20415.2185 312539.6049 452.1744 300210.413250000 0.0000 0.0000 280.0000
20415.2969 312539.6188 452.1669 300210.423250000 0.0000 0.0000 280.0000
20415.3754 312539.6326 452.1594 300210.433250000 0.0000 0.0000 280.0000
20415.4538 312539.6464 452.1519 300210.443250000 0.0000 0.0000 280.0000
20415.5322 312539.6603 452.1444 300210.453250000 0.0000 0.0000 280.0000
20415.6107 312539.6741 452.1369 300210.463250000 0.0000 0.0000 280.0000
20415.6891 312539.6879 452.1294 300210.473250000 0.0000 0.0000 280.0000
20415.7676 312539.7017 452.1219 300210.483250000 0.0000 0.0000 280.0000
20415.8460 312539.7156 452.1144 300210.493250000 0.0000 0.0000 280.0000
20415.9244 312539.7294 452.1069 300210.503250000 0.0000 0.0000 280.0000
20416.0029 312539.7432 452.0994 300210.513250000 0.0000 0.0000 280.0000
20416.0813 312539.7571 452.0920 300210.523250000 0.0000 0.0000 280.0000
20416.1597 312539.7709 452.0845 300210.533250000 0.0000 0.0000 280.0000
20416.2382 312539.7847 452.0770 300210.543250000 0.0000 0.0000 280.0000
20416.3166 312539.7986 452.0695 300210.553250000 0.0000 0.0000 280.0000
20416.3951 312539.8124 452.0620 300210.563250000 0.0000 0.0000 280.0000
20416.4735 312539.8262 452.0545 300210.573250000 0.0000 0.0000 280.0000
20416.5519 312539.8401 452.0470 300210.583250000 0.0000 0.0000 280.0000
20416.6304 312539.8539 452.0395 300210.593250000 0.0000 0.0000 280.0000
20416.7088 312539.8677 452.0320 300210.603250000 0.0000 0.0000 280.0000
20416.7873 312539.8815 452.0245 300210.613250000 0.0000 0.0000 280.0000
20416.8657 312539.8954 452.0170 300210.623250000 0.0000 0.0000 280.0000
20416.9441 312539.9092 452.0095 300210.633250000 0.0000 0.0000 280.0000
20417.0226 312539.9230 452.0020 300210.643250000 0.0000 0.0000 280.0000
20417.1010 312539.9369 451.9946 300210.653250000 0.0000 0.0000 280.0000
20417.1794 312539.9507 451.9871 300210.663250000 0.0000 0.0000 280.0000
20417.2579 312539.9645 451.9796 300210.673250000 0.0000 0.0000 280.0000
20417.3363 312539.9784 451.9721 300210.683250000 0.0000 0.0000 280.0000
20417.4148 312539.9922 451.9646 300210.693250000 0.0000 0.0000 280.0000
20417.4932 312540.0060 451.9571 300210.703250000 0.0000 0.0000 280.0000
20417.5716 312540.0199 451.9496 300210.713250000 0.0000 0.0000 280.0000
20417.6501 312540.0337 451.9421 300210.723250000 0.0000 0.0000 280.0000
20417.7285 312540.0475 451.9346 300210.733250000 0.0000 0.0000 280.0000
20417.8070 312540.0613 451.9271 300210.743250000 0.0000 0.0000 280.0000
20417.8854 312540.0752 451.9196 300210.753250000 0.0000 0.0000 280.0000
20417.9638 312540.0890 451.9121 300210.763250000 0.0000 0.0000 280.0000
20418.0423 312540.1028 451.9046 300210.773250000 0.0000 0.0000 280.0000
20418.1207 312540.1167 451.8972 300210.783250000 0.0000 0.0000 280.0000
20418.1991 312540.1305 451.8897 300210.793250000 0.0000 0.0000 280.0000
20418.2776 312540.1443 451.8822 300210.803250000 0.0000 0.0000 280.0000
20418.3560 312540.1582 451.8747 300210.813250000 0.0000 0.0000 280.0000
20418.4345 312540.1720 451.8672 300210.823250000 0.0000 0.0000 280.0000
20418.5129 312540.1858 451.8597 300210.833250000 0.0000 0.0000 280.0000
20418.5913 312540.1997 451.8522 300210.843250000 0.0000 0.0000 280.0000
20418.6698 312540.2135 451.8447 300210.853250000 0.0000 0.0000 280.0000
20418.7482 312540.2273 451.8372 300210.863250000 0.0000 0.0000 280.0000
20418.8266 312540.2411 451.8297 300210.873250000 0.0000 0.0000 280.0000
20418.9051 312540.2550 451.8222 300210.883250000 0.0000 0.0000 280.0000
20418.9835 312540.2688 451.8147 300210.893250000 0.0000 0.0000 280.0000
20419.0620 312540.2826 451.8072 300210.903250000 0.0000 0.0000 280.0000
20419.1404 312540.2965 451.7998 300210.913250000 0.0000 0.0000 280.0000
20419.2188 312540.3103 451.7923 300210.923250000 0.0000 0.0000 280.0000
20419.2973 312540.3241 451.7848 300210.933250000 0.0000 0.0000 280.0000
20419.3757 312540.3380 451.7773 300210.943250000 0.0000 0.0000 280.0000
20419.4542 312540.3518 451.7698 300210.953250000 0.0000 0.0000 280.0000
20419.5326 312540.3656 451.7623 300210.963250000 0.0000 0.0000 280.0000
20419.6110 312540.3795 451.7548 300210.973250000 0.0000 0.0000 280.0000
20419.6895 312540.3933 451.7473 300210.983250000 0.0000 0.0000 280.0000
20419.7679 312540.4071 451.7398 300210.993250000 0.0000 0.0000 280.0000
20419.8463 312540.4209 451.7323 300211.003250000 0.0000 0.0000 280.0000
20419.9248 312540.4348 451.7248 300211.013250000 0.0000 0.0000 280.0000
20420.0032 312540.4486 451.7173 300211.023250000 0.0000 0.0000 280.0000
20420.0817 312540.4624 451.7098 300211.033250000 0.0000 0.0000 280.0000
20420.1601 312540.4763 451.7024 300211.043250000 0.0000 0.0000 280.0000
20420.2385 312540.4901 451.6949 300211.053250000 0.0000 0.0000 280.0000
20420.3170 312540.5039 451.6874 300211.063250000 0.0000 0.0000 280.0000
20420.3954 312540.5178 451.6799 300211.073250000 0.0000 0.0000 280.0000
20420.4739 312540.5316 451.6724 300211.083250000 0.0000 0.0000 280.0000
20420.5523 312540.5454 451.6649 300211.093250000 0.0000 0.0000 280.0000
20420.6307 312540.5593 451.6574 300211.103250000 0.0000 0.0000 280.0000
20420.7092 312540.5731 451.6499 300211.113250000 0.0000 0.0000 280.0000
20420.7876 312540.5869 451.6424 300211.123250000 0.0000 0.0000 280.0000
20420.8660 312540.6007 451.6349 300211.133250000 0.0000 0.0000 280.0000
20420.9445 312540.6146 451.6274 300211.143250000 0.0000 0.0000 280.0000
20421.0229 312540.6284 451.6199 300211.153250000 0.0000 0.0000 280.0000
20421.1014 312540.6422 451.6124 300211.163250000 0.0000 0.0000 280.0000
20421.1798 312540.6561 451.6050 300211.173250000 0.0000 0.0000 280.0000
20421.2582 312540.6699 451.5975 300211.183250000 0.0000 0.0000 280.0000
20421.3367 312540.6837 451.5900 300211.193250000 0.0000 0.0000 280.0000
20421.4151 312540.6976 451.5825 300211.203250000 0.0000 0.0000 280.0000
20421.4936 312540.7114 451.5750 300211.213250000 0.0000 0.0000 280.0000
20421.5720 312540.7252 451.5675 300211.223250000 0.0000 0.0000 280.0000
20421.6504 312540.7391 451.5600 300211.233250000 0.0000 0.0000 280.0000
20421.7289 312540.7529 451.5525 300211.243250000 0.0000 0.0000 280.0000
20421.8073 312540.7667 451.5450 300211.253250000 0.0000 0.0000 280.0000
20421.8857 312540.7805 451.5375 300211.263250000 0.0000 0.0000 280.0000
20421.9642 312540.7944 451.5300 300211.273250000 0.0000 0.0000 280.0000
20422.0426 312540.8082 451.5225 300211.283250000 0.0000 0.0000 280.0000
20422.1211 312540.8220 451.5150 300211.293250000 0.0000 0.0000 280.0000
20422.1995 312540.8359 451.5076 300211.303250000 0.0000 0.0000 280.0000
20422.2779 312540.8497 451.5001 300211.313250000 0.0000 0.0000 280.0000
20422.3564 312540.8635 451.4926 300211.323250000 0.0000 0.0000 280.0000
20422.4348 312540.8774 451.4851 300211.333250000 0.0000 0.0000 280.0000
20422.5133 312540.8912 451.4776 300211.343250000 0.0000 0.0000 280.0000
20422.5917 312540.9050 451.4701 300211.353250000 0.0000 0.0000 280.0000
20422.6701 312540.9189 451.4626 300211.363250000 0.0000 0.0000 280.0000
20422.7486 312540.9327 451.4551 300211.373250000 0.0000 0.0000 280.0000
20422.8270 312540.9465 451.4476 300211.383250000 0.0000 0.0000 280.0000
20422.9054 312540.9603 451.4401 300211.393250000 0.0000 0.0000 280.0000
20422.9839 312540.9742 451.4326 300211.403250000 0.0000 0.0000 280.0000
20423.0623 312540.9880 451.4251 300211.413250000 0.0000 0.0000 280.0000
20423.1408 312541.0018 451.4176 300211.423250000 0.0000 0.0000 280.0000
20423.2192 312541.0157 451.4102 300211.433250000 0.0000 0.0000 280.0000
20423.2976 312541.0295 451.4027 300211.443250000 0.0000 0.0000 280.0000
20423.3761 312541.0433 451.3952 300211.453250000 0.0000 0.0000 280.0000
20423.4545 312541.0572 451.3877 300211.463250000 0.0000 0.0000 280.0000
20423.5330 312541.0710 451.3802 300211.473250000 0.0000 0.0000 280.0000
20423.6114 312541.0848 451.3727 300211.483250000 0.0000 0.0000 280.0000
20423.6898 312541.0987 451.3652 300211.493250000 0.0000 0.0000 280.0000
20423.7683 312541.1125 451.3577 300211.503250000 0.0000 0.0000 280.0000
20423.8467 312541.1263 451.3502 300211.513250000 0.0000 0.0000 280.0000
20423.9251 312541.1402 451.3427 300211.523250000 0.0000 0.0000 280.0000
20424.0036 312541.1540 451.3352 300211.533250000 0.0000 0.0000 280.0000
20424.0820 312541.1678 451.3277 300211.543250000 0.0000 0.0000 280.0000
20424.1605 312541.1816 451.3202 300211.553250000 0.0000 0.0000 280.0000
20424.2389 312541.1955 451.3128 300211.563250000 0.0000 0.0000 280.0000
20424.3173 312541.2093 451.3053 300211.573250000 0.0000 0.0000 280.0000
20424.3958 312541.2231 451.2978 300211.583250000 0.0000 0.0000 280.0000
20424.4742 312541.2370 451.2903 300211.593250000 0.0000 0.0000 280.0000
20424.5526 312541.2508 451.2828 300211.603250000 0.0000 0.0000 280.0000
20424.6311 312541.2646 451.2753 300211.613250000 0.0000 0.0000 280.0000
20424.7095 312541.2785 451.2678 300211.623250000 0.0000 0.0000 280.0000
20424.7880 312541.2923 451.2603 300211.633250000 0.0000 0.0000 280.0000
20424.8664 312541.3061 451.2528 300211.643250000 0.0000 0.0000 280.0000
20424.9448 312541.3200 451.2453 300211.653250000 0.0000 0.0000 280.0000
20425.0233 312541.3338 451.2378 300211.663250000 0.0000 0.0000 280.0000
20425.1017 312541.3476 451.2303 300211.673250000 0.0000 0.0000 280.0000
20425.1802 312541.3614 451.2228 300211.683250000 0.0000 0.0000 280.0000
20425.2586 312541.3753 451.2154 300211.693250000 0.0000 0.0000 280.0000
20425.3370 312541.3891 451.2079 300211.703250000 0.0000 0.0000 280.0000
20425.4155 312541.4029 451.2004 300211.713250000 0.0000 0.0000 280.0000
20425.4939 312541.4168 451.1929 300211.723250000 0.0000 0.0000 280.0000
20425.5723 312541.4306 451.1854 300211.733250000 0.0000 0.0000 280.0000
20425.6508 312541.4444 451.1779 300211.743250000 0.0000 0.0000 280.0000
20425.7292 312541.4583 451.1704 300211.753250000 0.0000 0.0000 280.0000
20425.8077 312541.4721 451.1629 300211.763250000 0.0000 0.0000 280.0000
20425.8861 312541.4859 451.1554 300211.773250000 0.0000 0.0000 280.0000
20425.9645 312541.4998 451.1479 300211.783250000 0.0000 0.0000 280.0000
20426.0430 312541.5136 451.1404 300211.793250000 0.0000 0.0000 280.0000
20426.1214 312541.5274 451.1329 300211.803250000 0.0000 0.0000 280.0000
20426.1999 312541.5412 451.1254 300211.813250000 0.0000 0.0000 280.0000
20426.2783 312541.5551 451.1180 300211.823250000 0.0000 0.0000 280.0000
20426.3567 312541.5689 451.1105 300211.833250000 0.0000 0.0000 280.0000
20426.4352 312541.5827 451.1030 300211.843250000 0.0000 0.0000 280.0000
20426.5136 312541.5966 451.0955 300211.853250000 0.0000 0.0000 280.0000
20426.5920 312541.6104 451.0880 300211.863250000 0.0000 0.0000 280.0000
20426.6705 312541.6242 451.0805 300211.873250000 0.0000 0.0000 280.0000
20426.7489 312541.6381 451.0730 300211.883250000 0.0000 0.0000 280.0000
20426.8274 312541.6519 451.0655 300211.893250000 0.0000 0.0000 280.0000
20426.9058 312541.6657 451.0580 300211.903250000 0.0000 0.0000 280.0000
20426.9842 312541.6796 451.0505 300211.913250000 0.0000 0.0000 280.0000
20427.0627 312541.6934 451.0430 300211.923250000 0.0000 0.0000 280.0000
20427.1411 312541.7072 451.0355 300211.933250000 0.0000 0.0000 280.0000
20427.2196 312541.7210 451.0281 300211.943250000 0.0000 0.0000 280.0000
20427.2980 312541.7349 451.0206 300211.953250000 0.0000 0.0000 280.0000
20427.3764 312541.7487 451.0131 300211.963250000 0.0000 0.0000 280.0000
20427.4549 312541.7625 451.0056 300211.973250000 0.0000 0.0000 280.0000
20427.5333 312541.7764 450.9981 300211.983250000 0.0000 0.0000 280.0000
20427.6117 312541.7902 450.9906 300211.993250000 0.0000 0.0000 280.0000
20427.6902 312541.8040 450.9831 300212.003250000 0.0000 0.0000 280.0000
20427.7686 312541.8179 450.9756 300212.013250000 0.0000 0.0000 280.0000
20427.8471 312541.8317 450.9681 300212.023250000 0.0000 0.0000 280.0000
20427.9255 312541.8455 450.9606 300212.033250000 0.0000 0.0000 280.0000
20428.0039 312541.8594 450.9531 300212.043250000 0.0000 0.0000 280.0000
20428.0824 312541.8732 450.9456 300212.053250000 0.0000 0.0000 280.0000
20428.1608 312541.8870 450.9381 300212.063250000 0.0000 0.0000 280.0000
20428.2393 312541.9008 450.9307 300212.073250000 0.0000 0.0000 280.0000
20428.3177 312541.9147 450.9232 300212.083250000 0.0000 0.0000 280.0000
20428.3961 312541.9285 450.9157 300212.093250000 0.0000 0.0000 280.0000
20428.4746 312541.9423 450.9082 300212.103250000 0.0000 0.0000 280.0000
20428.5530 312541.9562 450.9007 300212.113250000 0.0000 0.0000 280.0000
20428.6314 312541.9700 450.8932 300212.123250000 0.0000 0.0000 280.0000
20428.7099 312541.9838 450.8857 300212.133250000 0.0000 0.0000 280.0000
20428.7883 312541.9977 450.8782 300212.143250000 0.0000 0.0000 280.0000
20428.8668 312542.0115 450.8707 300212.153250000 0.0000 0.0000 280.0000
20428.9452 312542.0253 450.8632 300212.163250000 0.0000 0.0000 280.0000
20429.0236 312542.0392 450.8557 300212.173250000 0.0000 0.0000 280.0000
20429.1021 312542.0530 450.8482 300212.183250000 0.0000 0.0000 280.0000
20429.1805 312542.0668 450.8407 300212.193250000 0.0000 0.0000 280.0000
20429.2589 312542.0806 450.8333 300212.203250000 0.0000 0.0000 280.0000
20429.3374 312542.0945 450.8258 300212.213250000 0.0000 0.0000 280.0000
20429.4158 312542.1083 450.8183 300212.223250000 0.0000 0.0000 280.0000
20429.4943 312542.1221 450.8108 300212.233250000 0.0000 0.0000 280.0000
20429.5727 312542.1360 450.8033 300212.243250000 0.0000 0.0000 280.0000
20429.6511 312542.1498 450.7958 300212.253250000 0.0000 0.0000 280.0000
20429.7296 312542.1636 450.7883 300212.263250000 0.0000 0.0000 280.0000
20429.8080 312542.1775 450.7808 300212.273250000 0.0000 0.0000 280.0000
20429.8865 312542.1913 450.7733 300212.283250000 0.0000 0.0000 280.0000
20429.9649 312542.2051 450.7658 300212.293250000 0.0000 0.0000 280.0000
20430.0433 312542.2190 450.7583 300212.303250000 0.0000 0.0000 280.0000
20430.1218 312542.2328 450.7508 300212.313250000 0.0000 0.0000 280.0000
20430.2002 312542.2466 450.7433 300212.323250000 0.0000 0.0000 280.0000
20430.2786 312542.2604 450.7359 300212.333250000 0.0000 0.0000 280.0000
20430.3571 312542.2743 450.7284 300212.343250000 0.0000 0.0000 280.0000
20430.4355 312542.2881 450.7209 300212.353250000 0.0000 0.0000 280.0000
20430.5140 312542.3019 450.7134 300212.363250000 0.0000 0.0000 280.0000
20430.5924 312542.3158 450.7059 300212.373250000 0.0000 0.0000 280.0000
20430.6708 312542.3296 450.6984 300212.383250000 0.0000 0.0000 280.0000
20430.7493 312542.3434 450.6909 300212.393250000 0.0000 0.0000 280.0000
20430.8277 312542.3573 450.6834 300212.403250000 0.0000 0.0000 280.0000
20430.9062 312542.3711 450.6759 300212.413250000 0.0000 0.0000 280.0000
20430.9846 312542.3849 450.6684 300212.423250000 0.0000 0.0000 280.0000
20431.0630 312542.3988 450.6609 300212.433250000 0.0000 0.0000 280.0000
20431.1415 312542.4126 450.6534 300212.443250000 0.0000 0.0000 280.0000
20431.2199 312542.4264 450.6459 300212.453250000 0.0000 0.0000 280.0000
20431.2983 312542.4402 450.6385 300212.463250000 0.0000 0.0000 280.0000
20431.3768 312542.4541 450.6310 300212.473250000 0.0000 0.0000 280.0000
20431.4552 312542.4679 450.6235 300212.483250000 0.0000 0.0000 280.0000
20431.5337 312542.4817 450.6160 300212.493250000 0.0000 0.0000 280.0000
20431.6121 312542.4956 450.6085 300212.503250000 0.0000 0.0000 280.0000
20431.6905 312542.5094 450.6010 300212.513250000 0.0000 0.0000 280.0000
20431.7690 312542.5232 450.5935 300212.523250000 0.0000 0.0000 280.0000
20431.8474 312542.5371 450.5860 300212.533250000 0.0000 0.0000 280.0000
20431.9259 312542.5509 450.5785 300212.543250000 0.0000 0.0000 280.0000
20432.0043 312542.5647 450.5710 300212.553250000 0.0000 0.0000 280.0000
20432.0827 312542.5786 450.5635 300212.563250000 0.0000 0.0000 280.0000
20432.1612 312542.5924 450.5560 300212.573250000 0.0000 0.0000 280.0000
20432.2396 312542.6062 450.5485 300212.583250000 0.0000 0.0000 280.0000
20432.3180 312542.6200 450.5411 300212.593250000 0.0000 0.0000 280.0000
20432.3965 312542.6339 450.5336 300212.603250000 0.0000 0.0000 280.0000
20432.4749 312542.6477 450.5261 300212.613250000 0.0000 0.0000 280.0000
20432.5534 312542.6615 450.5186 300212.623250000 0.0000 0.0000 280.0000
20432.6318 312542.6754 450.5111 300212.633250000 0.0000 0.0000 280.0000
20432.7102 312542.6892 450.5036 300212.643250000 0.0000 0.0000 280.0000
20432.7887 312542.7030 450.4961 300212.653250000 0.0000 0.0000 280.0000
20432.8671 312542.7169 450.4886 300212.663250000 0.0000 0.0000 280.0000
20432.9456 312542.7307 450.4811 300212.673250000 0.0000 0.0000 280.0000
20433.0240 312542.7445 450.4736 300212.683250000 0.0000 0.0000 280.0000
20433.1024 312542.7584 450.4661 300212.693250000 0.0000 0.0000 280.0000
20433.1809 312542.7722 450.4586 300212.703250000 0.0000 0.0000 280.0000
20433.2593 312542.7860 450.4511 300212.713250000 0.0000 0.0000 280.0000
20433.3377 312542.7998 450.4437 300212.723250000 0.0000 0.0000 280.0000
20433.4162 312542.8137 450.4362 300212.733250000 0.0000 0.0000 280.0000
20433.4946 312542.8275 450.4287 300212.743250000 0.0000 0.0000 280.0000
20433.5731 312542.8413 450.4212 300212.753250000 0.0000 0.0000 280.0000
20433.6515 312542.8552 450.4137 300212.763250000 0.0000 0.0000 280.0000
20433.7299 312542.8690 450.4062 300212.773250000 0.0000 0.0000 280.0000
20433.8084 312542.8828 450.3987 300212.783250000 0.0000 0.0000 280.0000
20433.8868 312542.8967 450.3912 300212.793250000 0.0000 0.0000 280.0000
20433.9653 312542.9105 450.3837 300212.803250000 0.0000 0.0000 280.0000
20434.0437 312542.9243 450.3762 300212.813250000 0.0000 0.0000 280.0000
20434.1221 312542.9382 450.3687 300212.823250000 0.0000 0.0000 280.0000
20434.2006 312542.9520 450.3612 300212.833250000 0.0000 0.0000 280.0000
20434.2790 312542.9658 450.3537 300212.843250000 0.0000 0.0000 280.0000
20434.3574 312542.9796 450.3463 300212.853250000 0.0000 0.0000 280.0000
20434.4359 312542.9935 450.3388 300212.863250000 0.0000 0.0000 280.0000
20434.5143 312543.0073 450.3313 300212.873250000 0.0000 0.0000 280.0000
20434.5928 312543.0211 450.3238 300212.883250000 0.0000 0.0000 280.0000
20434.6712 312543.0350 450.3163 300212.893250000 0.0000 0.0000 280.0000
20434.7496 312543.0488 450.3088 300212.903250000 0.0000 0.0000 280.0000
20434.8281 312543.0626 450.3013 300212.913250000 0.0000 0.0000 280.0000
20434.9065 312543.0765 450.2938 300212.923250000 0.0000 0.0000 280.0000
20434.9849 312543.0903 450.2863 300212.933250000 0.0000 0.0000 280.0000
20435.0634 312543.1041 450.2788 300212.943250000 0.0000 0.0000 280.0000
20435.1418 312543.1180 450.2713 300212.953250000 0.0000 0.0000 280.0000
20435.2203 312543.1318 450.2638 300212.963250000 0.0000 0.0000 280.0000
20435.2987 312543.1456 450.2563 300212.973250000 0.0000 0.0000 280.0000
20435.3771 312543.1594 450.2489 300212.983250000 0.0000 0.0000 280.0000
20435.4556 312543.1733 450.2414 300212.993250000 0.0000 0.0000 280.0000
20435.5340 312543.1871 450.2339 300213.003250000 0.0000 0.0000 280.0000
20435.6125 312543.2009 450.2264 300213.013250000 0.0000 0.0000 280.0000
20435.6909 312543.2148 450.2189 300213.023250000 0.0000 0.0000 280.0000
20435.7693 312543.2286 450.2114 300213.033250000 0.0000 0.0000 280.0000
20435.8478 312543.2424 450.2039 300213.043250000 0.0000 0.0000 280.0000
20435.9262 312543.2563 450.1964 300213.053250000 0.0000 0.0000 280.0000
20436.0046 312543.2701 450.1889 300213.063250000 0.0000 0.0000 280.0000
20436.0831 312543.2839 450.1814 300213.073250000 0.0000 0.0000 280.0000
20436.1615 312543.2978 450.1739 300213.083250000 0.0000 0.0000 280.0000
20436.2400 312543.3116 450.1664 300213.093250000 0.0000 0.0000 280.0000
20436.3184 312543.3254 450.1589 300213.103250000 0.0000 0.0000 280.0000
20436.3968 312543.3392 450.1515 300213.113250000 0.0000 0.0000 280.0000
20436.4753 312543.3531 450.1440 300213.123250000 0.0000 0.0000 280.0000
20436.5537 312543.3669 450.1365 300213.133250000 0.0000 0.0000 280.0000
20436.6322 312543.3807 450.1290 300213.143250000 0.0000 0.0000 280.0000
20436.7106 312543.3946 450.1215 300213.153250000 0.0000 0.0000 280.0000
20436.7890 312543.4084 450.1140 300213.163250000 0.0000 0.0000 280.0000
20436.8675 312543.4222 450.1065 300213.173250000 0.0000 0.0000 280.0000
20436.9459 312543.4361 450.0990 300213.183250000 0.0000 0.0000 280.0000
20437.0243 312543.4499 450.0915 300213.193250000 0.0000 0.0000 280.0000
20437.1028 312543.4637 450.0840 300213.203250000 0.0000 0.0000 280.0000
20437.1812 312543.4776 450.0765 300213.213250000 0.0000 0.0000 280.0000
20437.2597 312543.4914 450.0690 300213.223250000 0.0000 0.0000 280.0000
20437.3381 312543.5052 450.0615 300213.233250000 0.0000 0.0000 280.0000
20437.4165 312543.5190 450.0541 300213.243250000 0.0000 0.0000 280.0000
20437.4950 312543.5329 450.0466 300213.253250000 0.0000 0.0000 280.0000
20437.5734 312543.5467 450.0391 300213.263250000 0.0000 0.0000 280.0000
20437.6519 312543.5605 450.0316 300213.273250000 0.0000 0.0000 280.0000
20437.7303 312543.5744 450.0241 300213.283250000 0.0000 0.0000 280.0000
20437.8087 312543.5882 450.0166 300213.293250000 0.0000 0.0000 280.0000
20437.8872 312543.6020 450.0091 300213.303250000 0.0000 0.0000 280.0000
20437.9656 312543.6159 450.0016 300213.313250000 0.0000 0.0000 280.0000
20438.0440 312543.6297 449.9941 300213.323250000 0.0000 0.0000 280.0000
20438.1225 312543.6435 449.9866 300213.333250000 0.0000 0.0000 280.0000
20438.2009 312543.6574 449.9791 300213.343250000 0.0000 0.0000 280.0000
20438.2794 312543.6712 449.9716 300213.353250000 0.0000 0.0000 280.0000
20438.3578 312543.6850 449.9641 300213.363250000 0.0000 0.0000 280.0000
20438.4362 312543.6988 449.9567 300213.373250000 0.0000 0.0000 280.0000
20438.5147 312543.7127 449.9492 300213.383250000 0.0000 0.0000 280.0000
20438.5931 312543.7265 449.9417 300213.393250000 0.0000 0.0000 280.0000
20438.6716 312543.7403 449.9342 300213.403250000 0.0000 0.0000 280.0000
20438.7500 312543.7542 449.9267 300213.413250000 0.0000 0.0000 280.0000
20438.8284 312543.7680 449.9192 300213.423250000 0.0000 0.0000 280.0000
20438.9069 312543.7818 449.9117 300213.433250000 0.0000 0.0000 280.0000
20438.9853 312543.7957 449.9042 300213.443250000 0.0000 0.0000 280.0000
20439.0637 312543.8095 449.8967 300213.453250000 0.0000 0.0000 280.0000
20439.1422 312543.8233 449.8892 300213.463250000 0.0000 0.0000 280.0000
20439.2206 312543.8372 449.8817 300213.473250000 0.0000 0.0000 280.0000
20439.2991 312543.8510 449.8742 300213.483250000 0.0000 0.0000 280.0000
20439.3775 312543.8648 449.8667 300213.493250000 0.0000 0.0000 280.0000
20439.4559 312543.8786 449.8593 300213.503250000 0.0000 0.0000 280.0000
20439.5344 312543.8925 449.8518 300213.513250000 0.0000 0.0000 280.0000
20439.6128 312543.9063 449.8443 300213.523250000 0.0000 0.0000 280.0000
20439.6913 312543.9201 449.8368 300213.533250000 0.0000 0.0000 280.0000
20439.7697 312543.9340 449.8293 300213.543250000 0.0000 0.0000 280.0000
20439.8481 312543.9478 449.8218 300213.553250000 0.0000 0.0000 280.0000
20439.9266 312543.9616 449.8143 300213.563250000 0.0000 0.0000 280.0000
20440.0050 312543.9755 449.8068 300213.573250000 0.0000 0.0000 280.0000
20440.0834 312543.9893 449.7993 300213.583250000 0.0000 0.0000 280.0000
20440.1619 312544.0031 449.7918 300213.593250000 0.0000 0.0000 280.0000
20440.2403 312544.0170 449.7843 300213.603250000 0.0000 0.0000 280.0000
20440.3188 312544.0308 449.7768 300213.613250000 0.0000 0.0000 280.0000
20440.3972 312544.0446 449.7693 300213.623250000 0.0000 0.0000 280.0000
20440.4756 312544.0584 449.7619 300213.633250000 0.0000 0.0000 280.0000
20440.5541 312544.0723 449.7544 300213.643250000 0.0000 0.0000 280.0000
20440.6325 312544.0861 449.7469 300213.653250000 0.0000 0.0000 280.0000
20440.7109 312544.0999 449.7394 300213.663250000 0.0000 0.0000 280.0000
20440.7894 312544.1138 449.7319 300213.673250000 0.0000 0.0000 280.0000
20440.8678 312544.1276 449.7244 300213.683250000 0.0000 0.0000 280.0000
20440.9463 312544.1414 449.7169 300213.693250000 0.0000 0.0000 280.0000
20441.0247 312544.1553 449.7094 300213.703250000 0.0000 0.0000 280.0000
20441.1031 312544.1691 449.7019 300213.713250000 0.0000 0.0000 280.0000
20441.1816 312544.1829 449.6944 300213.723250000 0.0000 0.0000 280.0000
20441.2600 312544.1968 449.6869 300213.733250000 0.0000 0.0000 280.0000
20441.3385 312544.2106 449.6794 300213.743250000 0.0000 0.0000 280.0000
20441.4169 312544.2244 449.6720 300213.753250000 0.0000 0.0000 280.0000
20441.4953 312544.2382 449.6645 300213.763250000 0.0000 0.0000 280.0000
20441.5738 312544.2521 449.6570 300213.773250000 0.0000 0.0000 280.0000
20441.6522 312544.2659 449.6495 300213.783250000 0.0000 0.0000 280.0000
20441.7306 312544.2797 449.6420 300213.793250000 0.0000 0.0000 280.0000
20441.8091 312544.2936 449.6345 300213.803250000 0.0000 0.0000 280.0000
20441.8875 312544.3074 449.6270 300213.813250000 0.0000 0.0000 280.0000
20441.9660 312544.3212 449.6195 300213.823250000 0.0000 0.0000 280.0000
20442.0444 312544.3351 449.6120 300213.833250000 0.0000 0.0000 280.0000
20442.1228 312544.3489 449.6045 300213.843250000 0.0000 0.0000 280.0000
20442.2013 312544.3627 449.5970 300213.853250000 0.0000 0.0000 280.0000
20442.2797 312544.3766 449.5895 300213.863250000 0.0000 0.0000 280.0000
20442.3582 312544.3904 449.5820 300213.873250000 0.0000 0.0000 280.0000
20442.4366 312544.4042 449.5746 300213.883250000 0.0000 0.0000 280.0000
20442.5150 312544.4180 449.5671 300213.893250000 0.0000 0.0000 280.0000
20442.5935 312544.4319 449.5596 300213.903250000 0.0000 0.0000 280.0000
20442.6719 312544.4457 449.5521 300213.913250000 0.0000 0.0000 280.0000
20442.7503 312544.4595 449.5446 300213.923250000 0.0000 0.0000 280.0000
20442.8288 312544.4734 449.5371 300213.933250000 0.0000 0.0000 280.0000
20442.9072 312544.4872 449.5296 300213.943250000 0.0000 0.0000 280.0000
20442.9857 312544.5010 449.5221 300213.953250000 0.0000 0.0000 280.0000
20443.0641 312544.5149 449.5146 300213.963250000 0.0000 0.0000 280.0000
20443.1425 312544.5287 449.5071 300213.973250000 0.0000 0.0000 280.0000
20443.2210 312544.5425 449.4996 300213.983250000 0.0000 0.0000 280.0000
20443.2994 312544.5564 449.4921 300213.993250000 0.0000 0.0000 280.0000
20443.3779 312544.5702 449.4846 300214.003250000 0.0000 0.0000 280.0000
20443.4563 312544.5840 449.4772 300214.013250000 0.0000 0.0000 280.0000
20443.5347 312544.5978 449.4697 300214.023250000 0.0000 0.0000 280.0000
20443.6132 312544.6117 449.4622 300214.033250000 0.0000 0.0000 280.0000
20443.6916 312544.6255 449.4547 300214.043250000 0.0000 0.0000 280.0000
20443.7700 312544.6393 449.4472 300214.053250000 0.0000 0.0000 280.0000
20443.8485 312544.6532 449.4397 300214.063250000 0.0000 0.0000 280.0000
20443.9269 312544.6670 449.4322 300214.073250000 0.0000 0.0000 280.0000
20444.0054 312544.6808 449.4247 300214.083250000 0.0000 0.0000 280.0000
20444.0838 312544.6947 449.4172 300214.093250000 0.0000 0.0000 280.0000
20444.1622 312544.7085 449.4097 300214.103250000 0.0000 0.0000 280.0000
20444.2407 312544.7223 449.4022 300214.113250000 0.0000 0.0000 280.0000
20444.3191 312544.7362 449.3947 300214.123250000 0.0000 0.0000 280.0000
20444.3976 312544.7500 449.3872 300214.133250000 0.0000 0.0000 280.0000
20444.4760 312544.7638 449.3798 300214.143250000 0.0000 0.0000 280.0000
20444.5544 312544.7776 449.3723 300214.153250000 0.0000 0.0000 280.0000
20444.6329 312544.7915 449.3648 300214.163250000 0.0000 0.0000 280.0000
20444.7113 312544.8053 449.3573 300214.173250000 0.0000 0.0000 280.0000
20444.7897 312544.8191 449.3498 300214.183250000 0.0000 0.0000 280.0000
20444.8682 312544.8330 449.3423 300214.193250000 0.0000 0.0000 280.0000
20444.9466 312544.8468 449.3348 300214.203250000 0.0000 0.0000 280.0000
20445.0251 312544.8606 449.3273 300214.213250000 0.0000 0.0000 280.0000
20445.1035 312544.8745 449.3198 300214.223250000 0.0000 0.0000 280.0000
20445.1819 312544.8883 449.3123 300214.233250000 0.0000 0.0000 280.0000
20445.2604 312544.9021 449.3048 300214.243250000 0.0000 0.0000 280.0000
20445.3388 312544.9160 449.2973 300214.253250000 0.0000 0.0000 280.0000
20445.4173 312544.9298 449.2898 300214.263250000 0.0000 0.0000 280.0000
20445.4957 312544.9436 449.2824 300214.273250000 0.0000 0.0000 280.0000
20445.5741 312544.9575 449.2749 300214.283250000 0.0000 0.0000 280.0000
20445.6526 312544.9713 449.2674 300214.293250000 0.0000 0.0000 280.0000
20445.7310 312544.9851 449.2599 300214.303250000 0.0000 0.0000 280.0000
20445.8094 312544.9989 449.2524 300214.313250000 0.0000 0.0000 280.0000
20445.8879 312545.0128 449.2449 300214.323250000 0.0000 0.0000 280.0000
20445.9663 312545.0266 449.2374 300214.333250000 0.0000 0.0000 280.0000
20446.0448 312545.0404 449.2299 300214.343250000 0.0000 0.0000 280.0000
20446.1232 312545.0543 449.2224 300214.353250000 0.0000 0.0000 280.0000
20446.2016 312545.0681 449.2149 300214.363250000 0.0000 0.0000 280.0000
20446.2801 312545.0819 449.2074 300214.373250000 0.0000 0.0000 280.0000
20446.3585 312545.0958 449.1999 300214.383250000 0.0000 0.0000 280.0000
20446.4369 312545.1096 449.1924 300214.393250000 0.0000 0.0000 280.0000
20446.5154 312545.1234 449.1850 300214.403250000 0.0000 0.0000 280.0000
20446.5938 312545.1373 449.1775 300214.413250000 0.0000 0.0000 280.0000
20446.6723 312545.1511 449.1700 300214.423250000 0.0000 0.0000 280.0000
20446.7507 312545.1649 449.1625 300214.433250000 0.0000 0.0000 280.0000
20446.8291 312545.1787 449.1550 300214.443250000 0.0000 0.0000 280.0000
20446.9076 312545.1926 449.1475 300214.453250000 0.0000 0.0000 280.0000
20446.9860 312545.2064 449.1400 300214.463250000 0.0000 0.0000 280.0000
20447.0645 312545.2202 449.1325 300214.473250000 0.0000 0.0000 280.0000
20447.1429 312545.2341 449.1250 300214.483250000 0.0000 0.0000 280.0000
20447.2213 312545.2479 449.1175 300214.493250000 0.0000 0.0000 280.0000
20447.2998 312545.2617 449.1100 300214.503250000 0.0000 0.0000 280.0000
20447.3782 312545.2756 449.1025 300214.513250000 0.0000 0.0000 280.0000
20447.4566 312545.2894 449.0950 300214.523250000 0.0000 0.0000 280.0000
20447.5351 312545.3032 449.0876 300214.533250000 0.0000 0.0000 280.0000
20447.6135 312545.3171 449.0801 300214.543250000 0.0000 0.0000 280.0000
20447.6920 312545.3309 449.0726 300214.553250000 0.0000 0.0000 280.0000
20447.7704 312545.3447 449.0651 300214.563250000 0.0000 0.0000 280.0000
20447.8488 312545.3585 449.0576 300214.573250000 0.0000 0.0000 280.0000
20447.9273 312545.3724 449.0501 300214.583250000 0.0000 0.0000 280.0000
20448.0057 312545.3862 449.0426 300214.593250000 0.0000 0.0000 280.0000
20448.0842 312545.4000 449.0351 300214.603250000 0.0000 0.0000 280.0000
20448.1626 312545.4139 449.0276 300214.613250000 0.0000 0.0000 280.0000
20448.2410 312545.4277 449.0201 300214.623250000 0.0000 0.0000 280.0000
20448.3195 312545.4415 449.0126 300214.633250000 0.0000 0.0000 280.0000
20448.3979 312545.4554 449.0051 300214.643250000 0.0000 0.0000 280.0000
20448.4763 312545.4692 448.9976 300214.653250000 0.0000 0.0000 280.0000
20448.5548 312545.4830 448.9902 300214.663250000 0.0000 0.0000 280.0000
20448.6332 312545.4969 448.9827 300214.673250000 0.0000 0.0000 280.0000
20448.7117 312545.5107 448.9752 300214.683250000 0.0000 0.0000 280.0000
20448.7901 312545.5245 448.9677 300214.693250000 0.0000 0.0000 280.0000
20448.8685 312545.5383 448.9602 300214.703250000 0.0000 0.0000 280.0000
20448.9470 312545.5522 448.9527 300214.713250000 0.0000 0.0000 280.0000
20449.0254 312545.5660 448.9452 300214.723250000 0.0000 0.0000 280.0000
20449.1039 312545.5798 448.9377 300214.733250000 0.0000 0.0000 280.0000
20449.1823 312545.5937 448.9302 300214.743250000 0.0000 0.0000 280.0000
20449.2607 312545.6075 448.9227 300214.753250000 0.0000 0.0000 280.0000
20449.3392 312545.6213 448.9152 300214.763250000 0.0000 0.0000 280.0000
20449.4176 312545.6352 448.9077 300214.773250000 0.0000 0.0000 280.0000
20449.4960 312545.6490 448.9002 300214.783250000 0.0000 0.0000 280.0000
20449.5745 312545.6628 448.8928 300214.793250000 0.0000 0.0000 280.0000
20449.6529 312545.6767 448.8853 300214.803250000 0.0000 0.0000 280.0000
20449.7314 312545.6905 448.8778 300214.813250000 0.0000 0.0000 280.0000
20449.8098 312545.7043 448.8703 300214.823250000 0.0000 0.0000 280.0000
20449.8882 312545.7181 448.8628 300214.833250000 0.0000 0.0000 280.0000
20449.9667 312545.7320 448.8553 300214.843250000 0.0000 0.0000 280.0000
20450.0451 312545.7458 448.8478 300214.853250000 0.0000 0.0000 280.0000
20450.1236 312545.7596 448.8403 300214.863250000 0.0000 0.0000 280.0000
20450.2020 312545.7735 448.8328 300214.873250000 0.0000 0.0000 280.0000
20450.2804 312545.7873 448.8253 300214.883250000 0.0000 0.0000 280.0000
20450.3589 312545.8011 448.8178 300214.893250000 0.0000 0.0000 280.0000
20450.4373 312545.8150 448.8103 300214.903250000 0.0000 0.0000 280.0000
20450.5157 312545.8288 448.8028 300214.913250000 0.0000 0.0000 280.0000
20450.5942 312545.8426 448.7954 300214.923250000 0.0000 0.0000 280.0000
20450.6726 312545.8565 448.7879 300214.933250000 0.0000 0.0000 280.0000
20450.7511 312545.8703 448.7804 300214.943250000 0.0000 0.0000 280.0000
20450.8295 312545.8841 448.7729 300214.953250000 0.0000 0.0000 280.0000
20450.9079 312545.8979 448.7654 300214.963250000 0.0000 0.0000 280.0000
20450.9864 312545.9118 448.7579 300214.973250000 0.0000 0.0000 280.0000
20451.0648 312545.9256 448.7504 300214.983250000 0.0000 0.0000 280.0000
20451.1432 312545.9394 448.7429 300214.993250000 0.0000 0.0000 280.0000
20451.2217 312545.9533 448.7354 300215.003250000 0.0000 0.0000 280.0000
20451.3001 312545.9671 448.7279 300215.013250000 0.0000 0.0000 280.0000
20451.3786 312545.9809 448.7204 300215.023250000 0.0000 0.0000 280.0000
20451.4570 312545.9948 448.7129 300215.033250000 0.0000 0.0000 280.0000
20451.5354 312546.0086 448.7054 300215.043250000 0.0000 0.0000 280.0000
20451.6139 312546.0224 448.6980 300215.053250000 0.0000 0.0000 280.0000
20451.6923 312546.0363 448.6905 300215.063250000 0.0000 0.0000 280.0000
20451.7708 312546.0501 448.6830 300215.073250000 0.0000 0.0000 280.0000
20451.8492 312546.0639 448.6755 300215.083250000 0.0000 0.0000 280.0000
20451.9276 312546.0777 448.6680 300215.093250000 0.0000 0.0000 280.0000
20452.0061 312546.0916 448.6605 300215.103250000 0.0000 0.0000 280.0000
20452.0845 312546.1054 448.6530 300215.113250000 0.0000 0.0000 280.0000
20452.1629 312546.1192 448.6455 300215.123250000 0.0000 0.0000 280.0000
20452.2414 312546.1331 448.6380 300215.133250000 0.0000 0.0000 280.0000
20452.3198 312546.1469 448.6305 300215.143250000 0.0000 0.0000 280.0000
20452.3983 312546.1607 448.6230 300215.153250000 0.0000 0.0000 280.0000
20452.4767 312546.1746 448.6155 300215.163250000 0.0000 0.0000 280.0000
20452.5551 312546.1884 448.6080 300215.173250000 0.0000 0.0000 280.0000
20452.6336 312546.2022 448.6006 300215.183250000 0.0000 0.0000 280.0000
20452.7120 312546.2161 448.5931 300215.193250000 0.0000 0.0000 280.0000
20452.7905 312546.2299 448.5856 300215.203250000 0.0000 0.0000 280.0000
20452.8689 312546.2437 448.5781 300215.213250000 0.0000 0.0000 280.0000
20452.9473 312546.2575 448.5706 300215.223250000 0.0000 0.0000 280.0000
20453.0258 312546.2714 448.5631 300215.233250000 0.0000 0.0000 280.0000
20453.1042 312546.2852 448.5556 300215.243250000 0.0000 0.0000 280.0000
20453.1826 312546.2990 448.5481 300215.253250000 0.0000 0.0000 280.0000
20453.2611 312546.3129 448.5406 300215.263250000 0.0000 0.0000 280.0000
20453.3395 312546.3267 448.5331 300215.273250000 0.0000 0.0000 280.0000
20453.4180 312546.3405 448.5256 300215.283250000 0.0000 0.0000 280.0000
20453.4964 312546.3544 448.5181 300215.293250000 0.0000 0.0000 280.0000
20453.5748 312546.3682 448.5106 300215.303250000 0.0000 0.0000 280.0000
20453.6533 312546.3820 448.5032 300215.313250000 0.0000 0.0000 280.0000
20453.7317 312546.3959 448.4957 300215.323250000 0.0000 0.0000 280.0000
20453.8102 312546.4097 448.4882 300215.333250000 0.0000 0.0000 280.0000
20453.8886 312546.4235 448.4807 300215.343250000 0.0000 0.0000 280.0000
20453.9670 312546.4373 448.4732 300215.353250000 0.0000 0.0000 280.0000
20454.0455 312546.4512 448.4657 300215.363250000 0.0000 0.0000 280.0000
20454.1239 312546.4650 448.4582 300215.373250000 0.0000 0.0000 280.0000
20454.2023 312546.4788 448.4507 300215.383250000 0.0000 0.0000 280.0000
20454.2808 312546.4927 448.4432 300215.393250000 0.0000 0.0000 280.0000
20454.3592 312546.5065 448.4357 300215.403250000 0.0000 0.0000 280.0000
20454.4377 312546.5203 448.4282 300215.413250000 0.0000 0.0000 280.0000
20454.5161 312546.5342 448.4207 300215.423250000 0.0000 0.0000 280.0000
20454.5945 312546.5480 448.4133 300215.433250000 0.0000 0.0000 280.0000
20454.6730 312546.5618 448.4058 300215.443250000 0.0000 0.0000 280.0000
20454.7514 312546.5757 448.3983 300215.453250000 0.0000 0.0000 280.0000
20454.8299 312546.5895 448.3908 300215.463250000 0.0000 0.0000 280.0000
20454.9083 312546.6033 448.3833 300215.473250000 0.0000 0.0000 280.0000
20454.9867 312546.6171 448.3758 300215.483250000 0.0000 0.0000 280.0000
20455.0652 312546.6310 448.3683 300215.493250000 0.0000 0.0000 280.0000
20455.1436 312546.6448 448.3608 300215.503250000 0.0000 0.0000 280.0000
20455.2220 312546.6586 448.3533 300215.513250000 0.0000 0.0000 280.0000
20455.3005 312546.6725 448.3458 300215.523250000 0.0000 0.0000 280.0000
20455.3789 312546.6863 448.3383 300215.533250000 0.0000 0.0000 280.0000
20455.4574 312546.7001 448.3308 300215.543250000 0.0000 0.0000 280.0000
20455.5358 312546.7140 448.3233 300215.553250000 0.0000 0.0000 280.0000
20455.6142 312546.7278 448.3159 300215.563250000 0.0000 0.0000 280.0000
20455.6927 312546.7416 448.3084 300215.573250000 0.0000 0.0000 280.0000
20455.7711 312546.7555 448.3009 300215.583250000 0.0000 0.0000 280.0000
20455.8496 312546.7693 448.2934 300215.593250000 0.0000 0.0000 280.0000
20455.9280 312546.7831 448.2859 300215.603250000 0.0000 0.0000 280.0000
20456.0064 312546.7969 448.2784 300215.613250000 0.0000 0.0000 280.0000
20456.0849 312546.8108 448.2709 300215.623250000 0.0000 0.0000 280.0000
20456.1633 312546.8246 448.2634 300215.633250000 0.0000 0.0000 280.0000
20456.2417 312546.8384 448.2559 300215.643250000 0.0000 0.0000 280.0000
20456.3202 312546.8523 448.2484 300215.653250000 0.0000 0.0000 280.0000
20456.3986 312546.8661 448.2409 300215.663250000 0.0000 0.0000 280.0000
20456.4771 312546.8799 448.2334 300215.673250000 0.0000 0.0000 280.0000
20456.5555 312546.8938 448.2259 300215.683250000 0.0000 0.0000 280.0000
20456.6339 312546.9076 448.2185 300215.693250000 0.0000 0.0000 280.0000
20456.7124 312546.9214 448.2110 300215.703250000 0.0000 0.0000 280.0000
20456.7908 312546.9353 448.2035 300215.713250000 0.0000 0.0000 280.0000
20456.8692 312546.9491 448.1960 300215.723250000 0.0000 0.0000 280.0000
20456.9477 312546.9629 448.1885 300215.733250000 0.0000 0.0000 280.0000
20457.0261 312546.9767 448.1810 300215.743250000 0.0000 0.0000 280.0000
20457.1046 312546.9906 448.1735 300215.753250000 0.0000 0.0000 280.0000
20457.1830 312547.0044 448.1660 300215.763250000 0.0000 0.0000 280.0000
20457.2614 312547.0182 448.1585 300215.773250000 0.0000 0.0000 280.0000
20457.3399 312547.0321 448.1510 300215.783250000 0.0000 0.0000 280.0000
20457.4183 312547.0459 448.1435 300215.793250000 0.0000 0.0000 280.0000
20457.4968 312547.0597 448.1360 300215.803250000 0.0000 0.0000 280.0000
20457.5752 312547.0736 448.1285 300215.813250000 0.0000 0.0000 280.0000
20457.6536 312547.0874 448.1211 300215.823250000 0.0000 0.0000 280.0000
20457.7321 312547.1012 448.1136 300215.833250000 0.0000 0.0000 280.0000
20457.8105 312547.1151 448.1061 300215.843250000 0.0000 0.0000 280.0000
20457.8889 312547.1289 448.0986 300215.853250000 0.0000 0.0000 280.0000
20457.9674 312547.1427 448.0911 300215.863250000 0.0000 0.0000 280.0000
20458.0458 312547.1565 448.0836 300215.873250000 0.0000 0.0000 280.0000
20458.1243 312547.1704 448.0761 300215.883250000 0.0000 0.0000 280.0000
20458.2027 312547.1842 448.0686 300215.893250000 0.0000 0.0000 280.0000
20458.2811 312547.1980 448.0611 300215.903250000 0.0000 0.0000 280.0000
20458.3596 312547.2119 448.0536 300215.913250000 0.0000 0.0000 280.0000
20458.4380 312547.2257 448.0461 300215.923250000 0.0000 0.0000 280.0000
20458.5165 312547.2395 448.0386 300215.933250000 0.0000 0.0000 280.0000
20458.5949 312547.2534 448.0311 300215.943250000 0.0000 0.0000 280.0000
20458.6733 312547.2672 448.0237 300215.953250000 0.0000 0.0000 280.0000
20458.7518 312547.2810 448.0162 300215.963250000 0.0000 0.0000 280.0000
20458.8302 312547.2949 448.0087 300215.973250000 0.0000 0.0000 280.0000
20458.9086 312547.3087 448.0012 300215.983250000 0.0000 0.0000 280.0000
20458.9871 312547.3225 447.9937 300215.993250000 0.0000 0.0000 280.0000
20459.0655 312547.3363 447.9862 300216.003250000 0.0000 0.0000 280.0000
20459.1440 312547.3502 447.9787 300216.013250000 0.0000 0.0000 280.0000
20459.2224 312547.3640 447.9712 300216.023250000 0.0000 0.0000 280.0000
20459.3008 312547.3778 447.9637 300216.033250000 0.0000 0.0000 280.0000
20459.3793 312547.3917 447.9562 300216.043250000 0.0000 0.0000 280.0000
20459.4577 312547.4055 447.9487 300216.053250000 0.0000 0.0000 280.0000
20459.5362 312547.4193 447.9412 300216.063250000 0.0000 0.0000 280.0000
20459.6146 312547.4332 447.9337 300216.073250000 0.0000 0.0000 280.0000
20459.6930 312547.4470 447.9263 300216.083250000 0.0000 0.0000 280.0000
20459.7715 312547.4608 447.9188 300216.093250000 0.0000 0.0000 280.0000
20459.8499 312547.4747 447.9113 300216.103250000 0.0000 0.0000 280.0000
20459.9283 312547.4885 447.9038 300216.113250000 0.0000 0.0000 280.0000
20460.0068 312547.5023 447.8963 300216.123250000 0.0000 0.0000 280.0000
20460.0852 312547.5161 447.8888 300216.133250000 0.0000 0.0000 280.0000
20460.1637 312547.5300 447.8813 300216.143250000 0.0000 0.0000 280.0000
20460.2421 312547.5438 447.8738 300216.153250000 0.0000 0.0000 280.0000
20460.3205 312547.5576 447.8663 300216.163250000 0.0000 0.0000 280.0000
20460.3990 312547.5715 447.8588 300216.173250000 0.0000 0.0000 280.0000
20460.4774 312547.5853 447.8513 300216.183250000 0.0000 0.0000 280.0000
20460.5559 312547.5991 447.8438 300216.193250000 0.0000 0.0000 280.0000
20460.6343 312547.6130 447.8363 300216.203250000 0.0000 0.0000 280.0000
20460.7127 312547.6268 447.8289 300216.213250000 0.0000 0.0000 280.0000
20460.7912 312547.6406 447.8214 300216.223250000 0.0000 0.0000 280.0000
20460.8696 312547.6545 447.8139 300216.233250000 0.0000 0.0000 280.0000
20460.9480 312547.6683 447.8064 300216.243250000 0.0000 0.0000 280.0000
20461.0265 312547.6821 447.7989 300216.253250000 0.0000 0.0000 280.0000
20461.1049 312547.6959 447.7914 300216.263250000 0.0000 0.0000 280.0000
20461.1834 312547.7098 447.7839 300216.273250000 0.0000 0.0000 280.0000
20461.2618 312547.7236 447.7764 300216.283250000 0.0000 0.0000 280.0000
20461.3402 312547.7374 447.7689 300216.293250000 0.0000 0.0000 280.0000
20461.4187 312547.7513 447.7614 300216.303250000 0.0000 0.0000 280.0000
20461.4971 312547.7651 447.7539 300216.313250000 0.0000 0.0000 280.0000
20461.5756 312547.7789 447.7464 300216.323250000 0.0000 0.0000 280.0000
20461.6540 312547.7928 447.7389 300216.333250000 0.0000 0.0000 280.0000
20461.7324 312547.8066 447.7315 300216.343250000 0.0000 0.0000 280.0000
20461.8109 312547.8204 447.7240 300216.353250000 0.0000 0.0000 280.0000
20461.8893 312547.8343 447.7165 300216.363250000 0.0000 0.0000 280.0000
20461.9677 312547.8481 447.7090 300216.373250000 0.0000 0.0000 280.0000
20462.0462 312547.8619 447.7015 300216.383250000 0.0000 0.0000 280.0000
20462.1246 312547.8757 447.6940 300216.393250000 0.0000 0.0000 280.0000
20462.2031 312547.8896 447.6865 300216.403250000 0.0000 0.0000 280.0000
20462.2815 312547.9034 447.6790 300216.413250000 0.0000 0.0000 280.0000
20462.3599 312547.9172 447.6715 300216.423250000 0.0000 0.0000 280.0000
20462.4384 312547.9311 447.6640 300216.433250000 0.0000 0.0000 280.0000
20462.5168 312547.9449 447.6565 300216.443250000 0.0000 0.0000 280.0000
20462.5952 312547.9587 447.6490 300216.453250000 0.0000 0.0000 280.0000
20462.6737 312547.9726 447.6415 300216.463250000 0.0000 0.0000 280.0000
20462.7521 312547.9864 447.6341 300216.473250000 0.0000 0.0000 280.0000
20462.8306 312548.0002 447.6266 300216.483250000 0.0000 0.0000 280.0000
20462.9090 312548.0141 447.6191 300216.493250000 0.0000 0.0000 280.0000
20462.9874 312548.0279 447.6116 300216.503250000 0.0000 0.0000 280.0000
20463.0659 312548.0417 447.6041 300216.513250000 0.0000 0.0000 280.0000
20463.1443 312548.0555 447.5966 300216.523250000 0.0000 0.0000 280.0000
20463.2228 312548.0694 447.5891 300216.533250000 0.0000 0.0000 280.0000
20463.3012 312548.0832 447.5816 300216.543250000 0.0000 0.0000 280.0000
20463.3796 312548.0970 447.5741 300216.553250000 0.0000 0.0000 280.0000
20463.4581 312548.1109 447.5666 300216.563250000 0.0000 0.0000 280.0000
20463.5365 312548.1247 447.5591 300216.573250000 0.0000 0.0000 280.0000
20463.6149 312548.1385 447.5516 300216.583250000 0.0000 0.0000 280.0000
20463.6934 312548.1524 447.5441 300216.593250000 0.0000 0.0000 280.0000
20463.7718 312548.1662 447.5367 300216.603250000 0.0000 0.0000 280.0000
20463.8503 312548.1800 447.5292 300216.613250000 0.0000 0.0000 280.0000
20463.9287 312548.1939 447.5217 300216.623250000 0.0000 0.0000 280.0000
20464.0071 312548.2077 447.5142 300216.633250000 0.0000 0.0000 280.0000
20464.0856 312548.2215 447.5067 300216.643250000 0.0000 0.0000 280.0000
20464.1640 312548.2353 447.4992 300216.653250000 0.0000 0.0000 280.0000
20464.2425 312548.2492 447.4917 300216.663250000 0.0000 0.0000 280.0000
20464.3209 312548.2630 447.4842 300216.673250000 0.0000 0.0000 280.0000
20464.3993 312548.2768 447.4767 300216.683250000 0.0000 0.0000 280.0000
20464.4778 312548.2907 447.4692 300216.693250000 0.0000 0.0000 280.0000
20464.5562 312548.3045 447.4617 300216.703250000 0.0000 0.0000 280.0000
20464.6346 312548.3183 447.4542 300216.713250000 0.0000 0.0000 280.0000
20464.7131 312548.3322 447.4467 300216.723250000 0.0000 0.0000 280.0000
20464.7915 312548.3460 447.4393 300216.733250000 0.0000 0.0000 280.0000
20464.8700 312548.3598 447.4318 300216.743250000 0.0000 0.0000 280.0000
20464.9484 312548.3737 447.4243 300216.753250000 0.0000 0.0000 280.0000
20465.0268 312548.3875 447.4168 300216.763250000 0.0000 0.0000 280.0000
20465.1053 312548.4013 447.4093 300216.773250000 0.0000 0.0000 280.0000
20465.1837 312548.4151 447.4018 300216.783250000 0.0000 0.0000 280.0000
20465.2622 312548.4290 447.3943 300216.793250000 0.0000 0.0000 280.0000
20465.3406 312548.4428 447.3868 300216.803250000 0.0000 0.0000 280.0000
20465.4190 312548.4566 447.3793 300216.813250000 0.0000 0.0000 280.0000
20465.4975 312548.4705 447.3718 300216.823250000 0.0000 0.0000 280.0000
20465.5759 312548.4843 447.3643 300216.833250000 0.0000 0.0000 280.0000
20465.6543 312548.4981 447.3568 300216.843250000 0.0000 0.0000 280.0000
20465.7328 312548.5120 447.3493 300216.853250000 0.0000 0.0000 280.0000
20465.8112 312548.5258 447.3419 300216.863250000 0.0000 0.0000 280.0000
20465.8897 312548.5396 447.3344 300216.873250000 0.0000 0.0000 280.0000
20465.9681 312548.5535 447.3269 300216.883250000 0.0000 0.0000 280.0000
20466.0465 312548.5673 447.3194 300216.893250000 0.0000 0.0000 280.0000
20466.1250 312548.5811 447.3119 300216.903250000 0.0000 0.0000 280.0000
20466.2034 312548.5950 447.3044 300216.913250000 0.0000 0.0000 280.0000
20466.2819 312548.6088 447.2969 300216.923250000 0.0000 0.0000 280.0000
20466.3603 312548.6226 447.2894 300216.933250000 0.0000 0.0000 280.0000
20466.4387 312548.6364 447.2819 300216.943250000 0.0000 0.0000 280.0000
20466.5172 312548.6503 447.2744 300216.953250000 0.0000 0.0000 280.0000
20466.5956 312548.6641 447.2669 300216.963250000 0.0000 0.0000 280.0000
20466.6740 312548.6779 447.2594 300216.973250000 0.0000 0.0000 280.0000
20466.7525 312548.6918 447.2519 300216.983250000 0.0000 0.0000 280.0000
20466.8309 312548.7056 447.2445 300216.993250000 0.0000 0.0000 280.0000
20466.9094 312548.7194 447.2370 300217.003250000 0.0000 0.0000 280.0000
20466.9878 312548.7333 447.2295 300217.013250000 0.0000 0.0000 280.0000
20467.0662 312548.7471 447.2220 300217.023250000 0.0000 0.0000 280.0000
20467.1447 312548.7609 447.2145 300217.033250000 0.0000 0.0000 280.0000
20467.2231 312548.7748 447.2070 300217.043250000 0.0000 0.0000 280.0000
20467.3016 312548.7886 447.1995 300217.053250000 0.0000 0.0000 280.0000
20467.3800 312548.8024 447.1920 300217.063250000 0.0000 0.0000 280.0000
20467.4584 312548.8162 447.1845 300217.073250000 0.0000 0.0000 280.0000
20467.5369 312548.8301 447.1770 300217.083250000 0.0000 0.0000 280.0000
20467.6153 312548.8439 447.1695 300217.093250000 0.0000 0.0000 280.0000
20467.6937 312548.8577 447.1620 300217.103250000 0.0000 0.0000 280.0000
20467.7722 312548.8716 447.1545 300217.113250000 0.0000 0.0000 280.0000
20467.8506 312548.8854 447.1471 300217.123250000 0.0000 0.0000 280.0000
20467.9291 312548.8992 447.1396 300217.133250000 0.0000 0.0000 280.0000
20468.0075 312548.9131 447.1321 300217.143250000 0.0000 0.0000 280.0000
20468.0859 312548.9269 447.1246 300217.153250000 0.0000 0.0000 280.0000
20468.1644 312548.9407 447.1171 300217.163250000 0.0000 0.0000 280.0000
20468.2428 312548.9546 447.1096 300217.173250000 0.0000 0.0000 280.0000
20468.3212 312548.9684 447.1021 300217.183250000 0.0000 0.0000 280.0000
20468.3997 312548.9822 447.0946 300217.193250000 0.0000 0.0000 280.0000
20468.4781 312548.9960 447.0871 300217.203250000 0.0000 0.0000 280.0000
20468.5566 312549.0099 447.0796 300217.213250000 0.0000 0.0000 280.0000
20468.6350 312549.0237 447.0721 300217.223250000 0.0000 0.0000 280.0000
20468.7134 312549.0375 447.0646 300217.233250000 0.0000 0.0000 280.0000
20468.7919 312549.0514 447.0572 300217.243250000 0.0000 0.0000 280.0000
20468.8703 312549.0652 447.0497 300217.253250000 0.0000 0.0000 280.0000
20468.9488 312549.0790 447.0422 300217.263250000 0.0000 0.0000 280.0000
20469.0272 312549.0929 447.0347 300217.273250000 0.0000 0.0000 280.0000
20469.1056 312549.1067 447.0272 300217.283250000 0.0000 0.0000 280.0000
20469.1841 312549.1205 447.0197 300217.293250000 0.0000 0.0000 280.0000
20469.2625 312549.1344 447.0122 300217.303250000 0.0000 0.0000 280.0000
20469.3409 312549.1482 447.0047 300217.313250000 0.0000 0.0000 280.0000
20469.4194 312549.1620 446.9972 300217.323250000 0.0000 0.0000 280.0000
20469.4978 312549.1758 446.9897 300217.333250000 0.0000 0.0000 280.0000
20469.5763 312549.1897 446.9822 300217.343250000 0.0000 0.0000 280.0000
20469.6547 312549.2035 446.9747 300217.353250000 0.0000 0.0000 280.0000
20469.7331 312549.2173 446.9672 300217.363250000 0.0000 0.0000 280.0000
20469.8116 312549.2312 446.9598 300217.373250000 0.0000 0.0000 280.0000
20469.8900 312549.2450 446.9523 300217.383250000 0.0000 0.0000 280.0000
20469.9685 312549.2588 446.9448 300217.393250000 0.0000 0.0000 280.0000
20470.0469 312549.2727 446.9373 300217.403250000 0.0000 0.0000 280.0000
20470.1253 312549.2865 446.9298 300217.413250000 0.0000 0.0000 280.0000
20470.2038 312549.3003 446.9223 300217.423250000 0.0000 0.0000 280.0000
20470.2822 312549.3142 446.9148 300217.433250000 0.0000 0.0000 280.0000
20470.3606 312549.3280 446.9073 300217.443250000 0.0000 0.0000 280.0000
20470.4391 312549.3418 446.8998 300217.453250000 0.0000 0.0000 280.0000
20470.5175 312549.3556 446.8923 300217.463250000 0.0000 0.0000 280.0000
20470.5960 312549.3695 446.8848 300217.473250000 0.0000 0.0000 280.0000
20470.6744 312549.3833 446.8773 300217.483250000 0.0000 0.0000 280.0000
20470.7528 312549.3971 446.8698 300217.493250000 0.0000 0.0000 280.0000
20470.8313 312549.4110 446.8624 300217.503250000 0.0000 0.0000 280.0000
20470.9097 312549.4248 446.8549 300217.513250000 0.0000 0.0000 280.0000
20470.9882 312549.4386 446.8474 300217.523250000 0.0000 0.0000 280.0000
20471.0666 312549.4525 446.8399 300217.533250000 0.0000 0.0000 280.0000
20471.1450 312549.4663 446.8324 300217.543250000 0.0000 0.0000 280.0000
20471.2235 312549.4801 446.8249 300217.553250000 0.0000 0.0000 280.0000
20471.3019 312549.4940 446.8174 300217.563250000 0.0000 0.0000 280.0000
20471.3803 312549.5078 446.8099 300217.573250000 0.0000 0.0000 280.0000
20471.4588 312549.5216 446.8024 300217.583250000 0.0000 0.0000 280.0000
20471.5372 312549.5354 446.7949 300217.593250000 0.0000 0.0000 280.0000
20471.6157 312549.5493 446.7874 300217.603250000 0.0000 0.0000 280.0000
20471.6941 312549.5631 446.7799 300217.613250000 0.0000 0.0000 280.0000
20471.7725 312549.5769 446.7724 300217.623250000 0.0000 0.0000 280.0000
20471.8510 312549.5908 446.7650 300217.633250000 0.0000 0.0000 280.0000
20471.9294 312549.6046 446.7575 300217.643250000 0.0000 0.0000 280.0000
20472.0079 312549.6184 446.7500 300217.653250000 0.0000 0.0000 280.0000
20472.0863 312549.6323 446.7425 300217.663250000 0.0000 0.0000 280.0000
20472.1647 312549.6461 446.7350 300217.673250000 0.0000 0.0000 280.0000
20472.2432 312549.6599 446.7275 300217.683250000 0.0000 0.0000 280.0000
20472.3216 312549.6738 446.7200 300217.693250000 0.0000 0.0000 280.0000
20472.4000 312549.6876 446.7125 300217.703250000 0.0000 0.0000 280.0000
20472.4785 312549.7014 446.7050 300217.713250000 0.0000 0.0000 280.0000
20472.5569 312549.7152 446.6975 300217.723250000 0.0000 0.0000 280.0000
20472.6354 312549.7291 446.6900 300217.733250000 0.0000 0.0000 280.0000
20472.7138 312549.7429 446.6825 300217.743250000 0.0000 0.0000 280.0000
20472.7922 312549.7567 446.6750 300217.753250000 0.0000 0.0000 280.0000
20472.8707 312549.7706 446.6676 300217.763250000 0.0000 0.0000 280.0000
20472.9491 312549.7844 446.6601 300217.773250000 0.0000 0.0000 280.0000
20473.0276 312549.7982 446.6526 300217.783250000 0.0000 0.0000 280.0000
20473.1060 312549.8121 446.6451 300217.793250000 0.0000 0.0000 280.0000
20473.1844 312549.8259 446.6376 300217.803250000 0.0000 0.0000 280.0000
20473.2629 312549.8397 446.6301 300217.813250000 0.0000 0.0000 280.0000
20473.3413 312549.8536 446.6226 300217.823250000 0.0000 0.0000 280.0000
20473.4197 312549.8674 446.6151 300217.833250000 0.0000 0.0000 280.0000
20473.4982 312549.8812 446.6076 300217.843250000 0.0000 0.0000 280.0000
20473.5766 312549.8950 446.6001 300217.853250000 0.0000 0.0000 280.0000
20473.6551 312549.9089 446.5926 300217.863250000 0.0000 0.0000 280.0000
20473.7335 312549.9227 446.5851 300217.873250000 0.0000 0.0000 280.0000
20473.8119 312549.9365 446.5776 300217.883250000 0.0000 0.0000 280.0000
20473.8904 312549.9504 446.5702 300217.893250000 0.0000 0.0000 280.0000
20473.9688 312549.9642 446.5627 300217.903250000 0.0000 0.0000 280.0000
20474.0472 312549.9780 446.5552 300217.913250000 0.0000 0.0000 280.0000
20474.1257 312549.9919 446.5477 300217.923250000 0.0000 0.0000 280.0000
20474.2041 312550.0057 446.5402 300217.933250000 0.0000 0.0000 280.0000
20474.2826 312550.0195 446.5327 300217.943250000 0.0000 0.0000 280.0000
20474.3610 312550.0334 446.5252 300217.953250000 0.0000 0.0000 280.0000
20474.4394 312550.0472 446.5177 300217.963250000 0.0000 0.0000 280.0000
20474.5179 312550.0610 446.5102 300217.973250000 0.0000 0.0000 280.0000
20474.5963 312550.0748 446.5027 300217.983250000 0.0000 0.0000 280.0000
20474.6748 312550.0887 446.4952 300217.993250000 0.0000 0.0000 280.0000
20474.7532 312550.1025 446.4877 300218.003250000 0.0000 0.0000 280.0000
20474.8316 312550.1163 446.4802 300218.013250000 0.0000 0.0000 280.0000
20474.9101 312550.1302 446.4728 300218.023250000 0.0000 0.0000 280.0000
20474.9885 312550.1440 446.4653 300218.033250000 0.0000 0.0000 280.0000
20475.0669 312550.1578 446.4578 300218.043250000 0.0000 0.0000 280.0000
20475.1454 312550.1717 446.4503 300218.053250000 0.0000 0.0000 280.0000
20475.2238 312550.1855 446.4428 300218.063250000 0.0000 0.0000 280.0000
20475.3023 312550.1993 446.4353 300218.073250000 0.0000 0.0000 280.0000
20475.3807 312550.2132 446.4278 300218.083250000 0.0000 0.0000 280.0000
20475.4591 312550.2270 446.4203 300218.093250000 0.0000 0.0000 280.0000
20475.5376 312550.2408 446.4128 300218.103250000 0.0000 0.0000 280.0000
20475.6160 312550.2546 446.4053 300218.113250000 0.0000 0.0000 280.0000
20475.6945 312550.2685 446.3978 300218.123250000 0.0000 0.0000 280.0000
20475.7729 312550.2823 446.3903 300218.133250000 0.0000 0.0000 280.0000
20475.8513 312550.2961 446.3828 300218.143250000 0.0000 0.0000 280.0000
20475.9298 312550.3100 446.3754 300218.153250000 0.0000 0.0000 280.0000
20476.0082 312550.3238 446.3679 300218.163250000 0.0000 0.0000 280.0000
20476.0866 312550.3376 446.3604 300218.173250000 0.0000 0.0000 280.0000
20476.1651 312550.3515 446.3529 300218.183250000 0.0000 0.0000 280.0000
20476.2435 312550.3653 446.3454 300218.193250000 0.0000 0.0000 280.0000
20476.3220 312550.3791 446.3379 300218.203250000 0.0000 0.0000 280.0000
20476.4004 312550.3930 446.3304 300218.213250000 0.0000 0.0000 280.0000
20476.4788 312550.4068 446.3229 300218.223250000 0.0000 0.0000 280.0000
20476.5573 312550.4206 446.3154 300218.233250000 0.0000 0.0000 280.0000
20476.6357 312550.4344 446.3079 300218.243250000 0.0000 0.0000 280.0000
20476.7142 312550.4483 446.3004 300218.253250000 0.0000 0.0000 280.0000
20476.7926 312550.4621 446.2929 300218.263250000 0.0000 0.0000 280.0000
20476.8710 312550.4759 446.2854 300218.273250000 0.0000 0.0000 280.0000
20476.9495 312550.4898 446.2780 300218.283250000 0.0000 0.0000 280.0000
20477.0279 312550.5036 446.2705 300218.293250000 0.0000 0.0000 280.0000
20477.1063 312550.5174 446.2630 300218.303250000 0.0000 0.0000 280.0000
20477.1848 312550.5313 446.2555 300218.313250000 0.0000 0.0000 280.0000
20477.2632 312550.5451 446.2480 300218.323250000 0.0000 0.0000 280.0000
20477.3417 312550.5589 446.2405 300218.333250000 0.0000 0.0000 280.0000
20477.4201 312550.5728 446.2330 300218.343250000 0.0000 0.0000 280.0000
20477.4985 312550.5866 446.2255 300218.353250000 0.0000 0.0000 280.0000
20477.5770 312550.6004 446.2180 300218.363250000 0.0000 0.0000 280.0000
20477.6554 312550.6142 446.2105 300218.373250000 0.0000 0.0000 280.0000
20477.7339 312550.6281 446.2030 300218.383250000 0.0000 0.0000 280.0000
20477.8123 312550.6419 446.1955 300218.393250000 0.0000 0.0000 280.0000
20477.8907 312550.6557 446.1880 300218.403250000 0.0000 0.0000 280.0000
20477.9692 312550.6696 446.1806 300218.413250000 0.0000 0.0000 280.0000
20478.0476 312550.6834 446.1731 300218.423250000 0.0000 0.0000 280.0000
20478.1260 312550.6972 446.1656 300218.433250000 0.0000 0.0000 280.0000
20478.2045 312550.7111 446.1581 300218.443250000 0.0000 0.0000 280.0000
20478.2829 312550.7249 446.1506 300218.453250000 0.0000 0.0000 280.0000
20478.3614 312550.7387 446.1431 300218.463250000 0.0000 0.0000 280.0000
20478.4398 312550.7526 446.1356 300218.473250000 0.0000 0.0000 280.0000
20478.5182 312550.7664 446.1281 300218.483250000 0.0000 0.0000 280.0000
20478.5967 312550.7802 446.1206 300218.493250000 0.0000 0.0000 280.0000
20478.6751 312550.7940 446.1131 300218.503250000 0.0000 0.0000 280.0000
20478.7535 312550.8079 446.1056 300218.513250000 0.0000 0.0000 280.0000
20478.8320 312550.8217 446.0981 300218.523250000 0.0000 0.0000 280.0000
20478.9104 312550.8355 446.0906 300218.533250000 0.0000 0.0000 280.0000
20478.9889 312550.8494 446.0832 300218.543250000 0.0000 0.0000 280.0000
20479.0673 312550.8632 446.0757 300218.553250000 0.0000 0.0000 280.0000
20479.1457 312550.8770 446.0682 300218.563250000 0.0000 0.0000 280.0000
20479.2242 312550.8909 446.0607 300218.573250000 0.0000 0.0000 280.0000
20479.3026 312550.9047 446.0532 300218.583250000 0.0000 0.0000 280.0000
20479.3811 312550.9185 446.0457 300218.593250000 0.0000 0.0000 280.0000
20479.4595 312550.9324 446.0382 300218.603250000 0.0000 0.0000 280.0000
20479.5379 312550.9462 446.0307 300218.613250000 0.0000 0.0000 280.0000
20479.6164 312550.9600 446.0232 300218.623250000 0.0000 0.0000 280.0000
20479.6948 312550.9738 446.0157 300218.633250000 0.0000 0.0000 280.0000
20479.7732 312550.9877 446.0082 300218.643250000 0.0000 0.0000 280.0000
20479.8517 312551.0015 446.0007 300218.653250000 0.0000 0.0000 280.0000
20479.9301 312551.0153 445.9932 300218.663250000 0.0000 0.0000 280.0000
20480.0086 312551.0292 445.9858 300218.673250000 0.0000 0.0000 280.0000
20480.0870 312551.0430 445.9783 300218.683250000 0.0000 0.0000 280.0000
20480.1654 312551.0568 445.9708 300218.693250000 0.0000 0.0000 280.0000
20480.2439 312551.0707 445.9633 300218.703250000 0.0000 0.0000 280.0000
20480.3223 312551.0845 445.9558 300218.713250000 0.0000 0.0000 280.0000
20480.4008 312551.0983 445.9483 300218.723250000 0.0000 0.0000 280.0000
20480.4792 312551.1122 445.9408 300218.733250000 0.0000 0.0000 280.0000
20480.5576 312551.1260 445.9333 300218.743250000 0.0000 0.0000 280.0000
20480.6361 312551.1398 445.9258 300218.753250000 0.0000 0.0000 280.0000
20480.7145 312551.1536 445.9183 300218.763250000 0.0000 0.0000 280.0000
20480.7929 312551.1675 445.9108 300218.773250000 0.0000 0.0000 280.0000
20480.8714 312551.1813 445.9033 300218.783250000 0.0000 0.0000 280.0000
20480.9498 312551.1951 445.8958 300218.793250000 0.0000 0.0000 280.0000
20481.0283 312551.2090 445.8884 300218.803250000 0.0000 0.0000 280.0000
20481.1067 312551.2228 445.8809 300218.813250000 0.0000 0.0000 280.0000
20481.1851 312551.2366 445.8734 300218.823250000 0.0000 0.0000 280.0000
20481.2636 312551.2505 445.8659 300218.833250000 0.0000 0.0000 280.0000
20481.3420 312551.2643 445.8584 300218.843250000 0.0000 0.0000 280.0000
20481.4205 312551.2781 445.8509 300218.853250000 0.0000 0.0000 280.0000
20481.4989 312551.2920 445.8434 300218.863250000 0.0000 0.0000 280.0000
20481.5773 312551.3058 445.8359 300218.873250000 0.0000 0.0000 280.0000
20481.6558 312551.3196 445.8284 300218.883250000 0.0000 0.0000 280.0000
20481.7342 312551.3334 445.8209 300218.893250000 0.0000 0.0000 280.0000
20481.8126 312551.3473 445.8134 300218.903250000 0.0000 0.0000 280.0000
20481.8911 312551.3611 445.8059 300218.913250000 0.0000 0.0000 280.0000
20481.9695 312551.3749 445.7985 300218.923250000 0.0000 0.0000 280.0000
20482.0480 312551.3888 445.7910 300218.933250000 0.0000 0.0000 280.0000
20482.1264 312551.4026 445.7835 300218.943250000 0.0000 0.0000 280.0000
20482.2048 312551.4164 445.7760 300218.953250000 0.0000 0.0000 280.0000
20482.2833 312551.4303 445.7685 300218.963250000 0.0000 0.0000 280.0000
20482.3617 312551.4441 445.7610 300218.973250000 0.0000 0.0000 280.0000
20482.4402 312551.4579 445.7535 300218.983250000 0.0000 0.0000 280.0000
20482.5186 312551.4718 445.7460 300218.993250000 0.0000 0.0000 280.0000
20482.5970 312551.4856 445.7385 300219.003250000 0.0000 0.0000 280.0000
20482.6755 312551.4994 445.7310 300219.013250000 0.0000 0.0000 280.0000
20482.7539 312551.5132 445.7235 300219.023250000 0.0000 0.0000 280.0000
20482.8323 312551.5271 445.7160 300219.033250000 0.0000 0.0000 280.0000
20482.9108 312551.5409 445.7085 300219.043250000 0.0000 0.0000 280.0000
20482.9892 312551.5547 445.7011 300219.053250000 0.0000 0.0000 280.0000
20483.0677 312551.5686 445.6936 300219.063250000 0.0000 0.0000 280.0000
20483.1461 312551.5824 445.6861 300219.073250000 0.0000 0.0000 280.0000
20483.2245 312551.5962 445.6786 300219.083250000 0.0000 0.0000 280.0000
20483.3030 312551.6101 445.6711 300219.093250000 0.0000 0.0000 280.0000
20483.3814 312551.6239 445.6636 300219.103250000 0.0000 0.0000 280.0000
20483.4599 312551.6377 445.6561 300219.113250000 0.0000 0.0000 280.0000
20483.5383 312551.6516 445.6486 300219.123250000 0.0000 0.0000 280.0000
20483.6167 312551.6654 445.6411 300219.133250000 0.0000 0.0000 280.0000
20483.6952 312551.6792 445.6336 300219.143250000 0.0000 0.0000 280.0000
20483.7736 312551.6930 445.6261 300219.153250000 0.0000 0.0000 280.0000
20483.8520 312551.7069 445.6186 300219.163250000 0.0000 0.0000 280.0000
20483.9305 312551.7207 445.6111 300219.173250000 0.0000 0.0000 280.0000
20484.0089 312551.7345 445.6037 300219.183250000 0.0000 0.0000 280.0000
20484.0874 312551.7484 445.5962 300219.193250000 0.0000 0.0000 280.0000
20484.1658 312551.7622 445.5887 300219.203250000 0.0000 0.0000 280.0000
20484.2442 312551.7760 445.5812 300219.213250000 0.0000 0.0000 280.0000
20484.3227 312551.7899 445.5737 300219.223250000 0.0000 0.0000 280.0000
20484.4011 312551.8037 445.5662 300219.233250000 0.0000 0.0000 280.0000
20484.4795 312551.8175 445.5587 300219.243250000 0.0000 0.0000 280.0000
20484.5580 312551.8314 445.5512 300219.253250000 0.0000 0.0000 280.0000
20484.6364 312551.8452 445.5437 300219.263250000 0.0000 0.0000 280.0000
20484.7149 312551.8590 445.5362 300219.273250000 0.0000 0.0000 280.0000
20484.7933 312551.8728 445.5287 300219.283250000 0.0000 0.0000 280.0000
20484.8717 312551.8867 445.5212 300219.293250000 0.0000 0.0000 280.0000
20484.9502 312551.9005 445.5137 300219.303250000 0.0000 0.0000 280.0000
20485.0286 312551.9143 445.5063 300219.313250000 0.0000 0.0000 280.0000
20485.1071 312551.9282 445.4988 300219.323250000 0.0000 0.0000 280.0000
20485.1855 312551.9420 445.4913 300219.333250000 0.0000 0.0000 280.0000
20485.2639 312551.9558 445.4838 300219.343250000 0.0000 0.0000 280.0000
20485.3424 312551.9697 445.4763 300219.353250000 0.0000 0.0000 280.0000
20485.4208 312551.9835 445.4688 300219.363250000 0.0000 0.0000 280.0000
20485.4992 312551.9973 445.4613 300219.373250000 0.0000 0.0000 280.0000
20485.5777 312552.0112 445.4538 300219.383250000 0.0000 0.0000 280.0000
20485.6561 312552.0250 445.4463 300219.393250000 0.0000 0.0000 280.0000
20485.7346 312552.0388 445.4388 300219.403250000 0.0000 0.0000 280.0000
20485.8130 312552.0526 445.4313 300219.413250000 0.0000 0.0000 280.0000
20485.8914 312552.0665 445.4238 300219.423250000 0.0000 0.0000 280.0000
20485.9699 312552.0803 445.4163 300219.433250000 0.0000 0.0000 280.0000
20486.0483 312552.0941 445.4089 300219.443250000 0.0000 0.0000 280.0000
20486.1268 312552.1080 445.4014 300219.453250000 0.0000 0.0000 280.0000
20486.2052 312552.1218 445.3939 300219.463250000 0.0000 0.0000 280.0000
20486.2836 312552.1356 445.3864 300219.473250000 0.0000 0.0000 280.0000
20486.3621 312552.1495 445.3789 300219.483250000 0.0000 0.0000 280.0000
20486.4405 312552.1633 445.3714 300219.493250000 0.0000 0.0000 280.0000
20486.5189 312552.1771 445.3639 300219.503250000 0.0000 0.0000 280.0000
20486.5974 312552.1910 445.3564 300219.513250000 0.0000 0.0000 280.0000
20486.6758 312552.2048 445.3489 300219.523250000 0.0000 0.0000 280.0000
20486.7543 312552.2186 445.3414 300219.533250000 0.0000 0.0000 280.0000
20486.8327 312552.2324 445.3339 300219.543250000 0.0000 0.0000 280.0000
20486.9111 312552.2463 445.3264 300219.553250000 0.0000 0.0000 280.0000
20486.9896 312552.2601 445.3189 300219.563250000 0.0000 0.0000 280.0000
20487.0680 312552.2739 445.3115 300219.573250000 0.0000 0.0000 280.0000
20487.1465 312552.2878 445.3040 300219.583250000 0.0000 0.0000 280.0000
20487.2249 312552.3016 445.2965 300219.593250000 0.0000 0.0000 280.0000
20487.3033 312552.3154 445.2890 300219.603250000 0.0000 0.0000 280.0000
20487.3818 312552.3293 445.2815 300219.613250000 0.0000 0.0000 280.0000
20487.4602 312552.3431 445.2740 300219.623250000 0.0000 0.0000 280.0000
20487.5386 312552.3569 445.2665 300219.633250000 0.0000 0.0000 280.0000
20487.6171 312552.3708 445.2590 300219.643250000 0.0000 0.0000 280.0000
20487.6955 312552.3846 445.2515 300219.653250000 0.0000 0.0000 280.0000
20487.7740 312552.3984 445.2440 300219.663250000 0.0000 0.0000 280.0000
20487.8524 312552.4123 445.2365 300219.673250000 0.0000 0.0000 280.0000
20487.9308 312552.4261 445.2290 300219.683250000 0.0000 0.0000 280.0000
20488.0093 312552.4399 445.2215 300219.693250000 0.0000 0.0000 280.0000
20488.0877 312552.4537 445.2141 300219.703250000 0.0000 0.0000 280.0000
20488.1662 312552.4676 445.2066 300219.713250000 0.0000 0.0000 280.0000
20488.2446 312552.4814 445.1991 300219.723250000 0.0000 0.0000 280.0000
20488.3230 312552.4952 445.1916 300219.733250000 0.0000 0.0000 280.0000
20488.4015 312552.5091 445.1841 300219.743250000 0.0000 0.0000 280.0000
20488.4799 312552.5229 445.1766 300219.753250000 0.0000 0.0000 280.0000
20488.5583 312552.5367 445.1691 300219.763250000 0.0000 0.0000 280.0000
20488.6368 312552.5506 445.1616 300219.773250000 0.0000 0.0000 280.0000
20488.7152 312552.5644 445.1541 300219.783250000 0.0000 0.0000 280.0000
20488.7937 312552.5782 445.1466 300219.793250000 0.0000 0.0000 280.0000
20488.8721 312552.5921 445.1391 300219.803250000 0.0000 0.0000 280.0000
20488.9505 312552.6059 445.1316 300219.813250000 0.0000 0.0000 280.0000
20489.0290 312552.6197 445.1241 300219.823250000 0.0000 0.0000 280.0000
20489.1074 312552.6335 445.1167 300219.833250000 0.0000 0.0000 280.0000
20489.1859 312552.6474 445.1092 300219.843250000 0.0000 0.0000 280.0000
20489.2643 312552.6612 445.1017 300219.853250000 0.0000 0.0000 280.0000
20489.3427 312552.6750 445.0942 300219.863250000 0.0000 0.0000 280.0000
20489.4212 312552.6889 445.0867 300219.873250000 0.0000 0.0000 280.0000
20489.4996 312552.7027 445.0792 300219.883250000 0.0000 0.0000 280.0000
20489.5780 312552.7165 445.0717 300219.893250000 0.0000 0.0000 280.0000
20489.6565 312552.7304 445.0642 300219.903250000 0.0000 0.0000 280.0000
20489.7349 312552.7442 445.0567 300219.913250000 0.0000 0.0000 280.0000
20489.8134 312552.7580 445.0492 300219.923250000 0.0000 0.0000 280.0000
20489.8918 312552.7719 445.0417 300219.933250000 0.0000 0.0000 280.0000
20489.9702 312552.7857 445.0342 300219.943250000 0.0000 0.0000 280.0000
20490.0487 312552.7995 445.0267 300219.953250000 0.0000 0.0000 280.0000
20490.1271 312552.8133 445.0193 300219.963250000 0.0000 0.0000 280.0000
20490.2055 312552.8272 445.0118 300219.973250000 0.0000 0.0000 280.0000
20490.2840 312552.8410 445.0043 300219.983250000 0.0000 0.0000 280.0000
20490.3624 312552.8548 444.9968 300219.993250000 0.0000 0.0000 280.0000
20490.4409 312552.8687 444.9893 300220.003250000 0.0000 0.0000 280.0000
20490.5193 312552.8825 444.9818 300220.013250000 0.0000 0.0000 280.0000
20490.5977 312552.8963 444.9743 300220.023250000 0.0000 0.0000 280.0000
20490.6762 312552.9102 444.9668 300220.033250000 0.0000 0.0000 280.0000
20490.7546 312552.9240 444.9593 300220.043250000 0.0000 0.0000 280.0000
20490.8331 312552.9378 444.9518 300220.053250000 0.0000 0.0000 280.0000
20490.9115 312552.9517 444.9443 300220.063250000 0.0000 0.0000 280.0000
20490.9899 312552.9655 444.9368 300220.073250000 0.0000 0.0000 280.0000
20491.0684 312552.9793 444.9293 300220.083250000 0.0000 0.0000 280.0000
20491.1468 312552.9931 444.9219 300220.093250000 0.0000 0.0000 280.0000
20491.2252 312553.0070 444.9144 300220.103250000 0.0000 0.0000 280.0000
20491.3037 312553.0208 444.9069 300220.113250000 0.0000 0.0000 280.0000
20491.3821 312553.0346 444.8994 300220.123250000 0.0000 0.0000 280.0000
20491.4606 312553.0485 444.8919 300220.133250000 0.0000 0.0000 280.0000
20491.5390 312553.0623 444.8844 300220.143250000 0.0000 0.0000 280.0000
20491.6174 312553.0761 444.8769 300220.153250000 0.0000 0.0000 280.0000
20491.6959 312553.0900 444.8694 300220.163250000 0.0000 0.0000 280.0000
20491.7743 312553.1038 444.8619 300220.173250000 0.0000 0.0000 280.0000
20491.8528 312553.1176 444.8544 300220.183250000 0.0000 0.0000 280.0000
20491.9312 312553.1315 444.8469 300220.193250000 0.0000 0.0000 280.0000
20492.0096 312553.1453 444.8394 300220.203250000 0.0000 0.0000 280.0000
20492.0881 312553.1591 444.8319 300220.213250000 0.0000 0.0000 280.0000
20492.1665 312553.1729 444.8245 300220.223250000 0.0000 0.0000 280.0000
20492.2449 312553.1868 444.8170 300220.233250000 0.0000 0.0000 280.0000
20492.3234 312553.2006 444.8095 300220.243250000 0.0000 0.0000 280.0000
20492.4018 312553.2144 444.8020 300220.253250000 0.0000 0.0000 280.0000
20492.4803 312553.2283 444.7945 300220.263250000 0.0000 0.0000 280.0000
20492.5587 312553.2421 444.7870 300220.273250000 0.0000 0.0000 280.0000
20492.6371 312553.2559 444.7795 300220.283250000 0.0000 0.0000 280.0000
20492.7156 312553.2698 444.7720 300220.293250000 0.0000 0.0000 280.0000
20492.7940 312553.2836 444.7645 300220.303250000 0.0000 0.0000 280.0000
20492.8725 312553.2974 444.7570 300220.313250000 0.0000 0.0000 280.0000
20492.9509 312553.3113 444.7495 300220.323250000 0.0000 0.0000 280.0000
20493.0293 312553.3251 444.7420 300220.333250000 0.0000 0.0000 280.0000
20493.1078 312553.3389 444.7345 300220.343250000 0.0000 0.0000 280.0000
20493.1862 312553.3527 444.7271 300220.353250000 0.0000 0.0000 280.0000
20493.2646 312553.3666 444.7196 300220.363250000 0.0000 0.0000 280.0000
20493.3431 312553.3804 444.7121 300220.373250000 0.0000 0.0000 280.0000
20493.4215 312553.3942 444.7046 300220.383250000 0.0000 0.0000 280.0000
20493.5000 312553.4081 444.6971 300220.393250000 0.0000 0.0000 280.0000
20493.5784 312553.4219 444.6896 300220.403250000 0.0000 0.0000 280.0000
20493.6568 312553.4357 444.6821 300220.413250000 0.0000 0.0000 280.0000
20493.7353 312553.4496 444.6746 300220.423250000 0.0000 0.0000 280.0000
20493.8137 312553.4634 444.6671 300220.433250000 0.0000 0.0000 280.0000
20493.8922 312553.4772 444.6596 300220.443250000 0.0000 0.0000 280.0000
20493.9706 312553.4911 444.6521 300220.453250000 0.0000 0.0000 280.0000
20494.0490 312553.5049 444.6446 300220.463250000 0.0000 0.0000 280.0000
20494.1275 312553.5187 444.6371 300220.473250000 0.0000 0.0000 280.0000
20494.2059 312553.5325 444.6297 300220.483250000 0.0000 0.0000 280.0000
20494.2843 312553.5464 444.6222 300220.493250000 0.0000 0.0000 280.0000
20494.3628 312553.5602 444.6147 300220.503250000 0.0000 0.0000 280.0000
20494.4412 312553.5740 444.6072 300220.513250000 0.0000 0.0000 280.0000
20494.5197 312553.5879 444.5997 300220.523250000 0.0000 0.0000 280.0000
20494.5981 312553.6017 444.5922 300220.533250000 0.0000 0.0000 280.0000
20494.6765 312553.6155 444.5847 300220.543250000 0.0000 0.0000 280.0000
20494.7550 312553.6294 444.5772 300220.553250000 0.0000 0.0000 280.0000
20494.8334 312553.6432 444.5697 300220.563250000 0.0000 0.0000 280.0000
20494.9119 312553.6570 444.5622 300220.573250000 0.0000 0.0000 280.0000
20494.9903 312553.6709 444.5547 300220.583250000 0.0000 0.0000 280.0000
20495.0687 312553.6847 444.5472 300220.593250000 0.0000 0.0000 280.0000
20495.1472 312553.6985 444.5397 300220.603250000 0.0000 0.0000 280.0000
20495.2256 312553.7123 444.5323 300220.613250000 0.0000 0.0000 280.0000
20495.3040 312553.7262 444.5248 300220.623250000 0.0000 0.0000 280.0000
20495.3825 312553.7400 444.5173 300220.633250000 0.0000 0.0000 280.0000
20495.4609 312553.7538 444.5098 300220.643250000 0.0000 0.0000 280.0000
20495.5394 312553.7677 444.5023 300220.653250000 0.0000 0.0000 280.0000
20495.6178 312553.7815 444.4948 300220.663250000 0.0000 0.0000 280.0000
20495.6962 312553.7953 444.4873 300220.673250000 0.0000 0.0000 280.0000
20495.7747 312553.8092 444.4798 300220.683250000 0.0000 0.0000 280.0000
20495.8531 312553.8230 444.4723 300220.693250000 0.0000 0.0000 280.0000
20495.9315 312553.8368 444.4648 300220.703250000 0.0000 0.0000 280.0000
20496.0100 312553.8507 444.4573 300220.713250000 0.0000 0.0000 280.0000
20496.0884 312553.8645 444.4498 300220.723250000 0.0000 0.0000 280.0000
20496.1669 312553.8783 444.4424 300220.733250000 0.0000 0.0000 280.0000
20496.2453 312553.8921 444.4349 300220.743250000 0.0000 0.0000 280.0000
20496.3237 312553.9060 444.4274 300220.753250000 0.0000 0.0000 280.0000
20496.4022 312553.9198 444.4199 300220.763250000 0.0000 0.0000 280.0000
20496.4806 312553.9336 444.4124 300220.773250000 0.0000 0.0000 280.0000
20496.5591 312553.9475 444.4049 300220.783250000 0.0000 0.0000 280.0000
20496.6375 312553.9613 444.3974 300220.793250000 0.0000 0.0000 280.0000
20496.7159 312553.9751 444.3899 300220.803250000 0.0000 0.0000 280.0000
20496.7944 312553.9890 444.3824 300220.813250000 0.0000 0.0000 280.0000
20496.8728 312554.0028 444.3749 300220.823250000 0.0000 0.0000 280.0000
20496.9512 312554.0166 444.3674 300220.833250000 0.0000 0.0000 280.0000
20497.0297 312554.0305 444.3599 300220.843250000 0.0000 0.0000 280.0000
20497.1081 312554.0443 444.3524 300220.853250000 0.0000 0.0000 280.0000
20497.1866 312554.0581 444.3450 300220.863250000 0.0000 0.0000 280.0000
20497.2650 312554.0719 444.3375 300220.873250000 0.0000 0.0000 280.0000
20497.3434 312554.0858 444.3300 300220.883250000 0.0000 0.0000 280.0000
20497.4219 312554.0996 444.3225 300220.893250000 0.0000 0.0000 280.0000
20497.5003 312554.1134 444.3150 300220.903250000 0.0000 0.0000 280.0000
20497.5788 312554.1273 444.3075 300220.913250000 0.0000 0.0000 280.0000
20497.6572 312554.1411 444.3000 300220.923250000 0.0000 0.0000 280.0000
20497.7356 312554.1549 444.2925 300220.933250000 0.0000 0.0000 280.0000
20497.8141 312554.1688 444.2850 300220.943250000 0.0000 0.0000 280.0000
20497.8925 312554.1826 444.2775 300220.953250000 0.0000 0.0000 280.0000
20497.9709 312554.1964 444.2700 300220.963250000 0.0000 0.0000 280.0000
20498.0494 312554.2103 444.2625 300220.973250000 0.0000 0.0000 280.0000
20498.1278 312554.2241 444.2550 300220.983250000 0.0000 0.0000 280.0000
20498.2063 312554.2379 444.2476 300220.993250000 0.0000 0.0000 280.0000
20498.2847 312554.2517 444.2401 300221.003250000 0.0000 0.0000 280.0000
20498.3631 312554.2656 444.2326 300221.013250000 0.0000 0.0000 280.0000
20498.4416 312554.2794 444.2251 300221.023250000 0.0000 0.0000 280.0000
20498.5200 312554.2932 444.2176 300221.033250000 0.0000 0.0000 280.0000
20498.5985 312554.3071 444.2101 300221.043250000 0.0000 0.0000 280.0000
20498.6769 312554.3209 444.2026 300221.053250000 0.0000 0.0000 280.0000
20498.7553 312554.3347 444.1951 300221.063250000 0.0000 0.0000 280.0000
20498.8338 312554.3486 444.1876 300221.073250000 0.0000 0.0000 280.0000
20498.9122 312554.3624 444.1801 300221.083250000 0.0000 0.0000 280.0000
20498.9906 312554.3762 444.1726 300221.093250000 0.0000 0.0000 280.0000
20499.0691 312554.3901 444.1651 300221.103250000 0.0000 0.0000 280.0000
20499.1475 312554.4039 444.1576 300221.113250000 0.0000 0.0000 280.0000
20499.2260 312554.4177 444.1502 300221.123250000 0.0000 0.0000 280.0000
20499.3044 312554.4315 444.1427 300221.133250000 0.0000 0.0000 280.0000
20499.3828 312554.4454 444.1352 300221.143250000 0.0000 0.0000 280.0000
20499.4613 312554.4592 444.1277 300221.153250000 0.0000 0.0000 280.0000
20499.5397 312554.4730 444.1202 300221.163250000 0.0000 0.0000 280.0000
20499.6182 312554.4869 444.1127 300221.173250000 0.0000 0.0000 280.0000
20499.6966 312554.5007 444.1052 300221.183250000 0.0000 0.0000 280.0000
20499.7750 312554.5145 444.0977 300221.193250000 0.0000 0.0000 280.0000
20499.8535 312554.5284 444.0902 300221.203250000 0.0000 0.0000 280.0000
20499.9319 312554.5422 444.0827 300221.213250000 0.0000 0.0000 280.0000
20500.0103 312554.5560 444.0752 300221.223250000 0.0000 0.0000 280.0000
20500.0888 312554.5699 444.0677 300221.233250000 0.0000 0.0000 280.0000
20500.1672 312554.5837 444.0602 300221.243250000 0.0000 0.0000 280.0000
20500.2457 312554.5975 444.0528 300221.253250000 0.0000 0.0000 280.0000
20500.3241 312554.6113 444.0453 300221.263250000 0.0000 0.0000 280.0000
20500.4025 312554.6252 444.0378 300221.273250000 0.0000 0.0000 280.0000
20500.4810 312554.6390 444.0303 300221.283250000 0.0000 0.0000 280.0000
20500.5594 312554.6528 444.0228 300221.293250000 0.0000 0.0000 280.0000
20500.6378 312554.6667 444.0153 300221.303250000 0.0000 0.0000 280.0000
20500.7163 312554.6805 444.0078 300221.313250000 0.0000 0.0000 280.0000
20500.7947 312554.6943 444.0003 300221.323250000 0.0000 0.0000 280.0000
20500.8732 312554.7082 443.9928 300221.333250000 0.0000 0.0000 280.0000
20500.9516 312554.7220 443.9853 300221.343250000 0.0000 0.0000 280.0000
20501.0300 312554.7358 443.9778 300221.353250000 0.0000 0.0000 280.0000
20501.1085 312554.7497 443.9703 300221.363250000 0.0000 0.0000 280.0000
20501.1869 312554.7635 443.9628 300221.373250000 0.0000 0.0000 280.0000
20501.2654 312554.7773 443.9554 300221.383250000 0.0000 0.0000 280.0000
20501.3438 312554.7911 443.9479 300221.393250000 0.0000 0.0000 280.0000
20501.4222 312554.8050 443.9404 300221.403250000 0.0000 0.0000 280.0000
20501.5007 312554.8188 443.9329 300221.413250000 0.0000 0.0000 280.0000
20501.5791 312554.8326 443.9254 300221.423250000 0.0000 0.0000 280.0000
20501.6575 312554.8465 443.9179 300221.433250000 0.0000 0.0000 280.0000
20501.7360 312554.8603 443.9104 300221.443250000 0.0000 0.0000 280.0000
20501.8144 312554.8741 443.9029 300221.453250000 0.0000 0.0000 280.0000
20501.8929 312554.8880 443.8954 300221.463250000 0.0000 0.0000 280.0000
20501.9713 312554.9018 443.8879 300221.473250000 0.0000 0.0000 280.0000
20502.0497 312554.9156 443.8804 300221.483250000 0.0000 0.0000 280.0000
20502.1282 312554.9295 443.8729 300221.493250000 0.0000 0.0000 280.0000
20502.2066 312554.9433 443.8654 300221.503250000 0.0000 0.0000 280.0000
20502.2851 312554.9571 443.8580 300221.513250000 0.0000 0.0000 280.0000
20502.3635 312554.9709 443.8505 300221.523250000 0.0000 0.0000 280.0000
20502.4419 312554.9848 443.8430 300221.533250000 0.0000 0.0000 280.0000
20502.5204 312554.9986 443.8355 300221.543250000 0.0000 0.0000 280.0000
20502.5988 312555.0124 443.8280 300221.553250000 0.0000 0.0000 280.0000
20502.6772 312555.0263 443.8205 300221.563250000 0.0000 0.0000 280.0000
20502.7557 312555.0401 443.8130 300221.573250000 0.0000 0.0000 280.0000
20502.8341 312555.0539 443.8055 300221.583250000 0.0000 0.0000 280.0000
20502.9126 312555.0678 443.7980 300221.593250000 0.0000 0.0000 280.0000
20502.9910 312555.0816 443.7905 300221.603250000 0.0000 0.0000 280.0000
20503.0694 312555.0954 443.7830 300221.613250000 0.0000 0.0000 280.0000
20503.1479 312555.1093 443.7755 300221.623250000 0.0000 0.0000 280.0000
20503.2263 312555.1231 443.7680 300221.633250000 0.0000 0.0000 280.0000
20503.3048 312555.1369 443.7606 300221.643250000 0.0000 0.0000 280.0000
20503.3832 312555.1507 443.7531 300221.653250000 0.0000 0.0000 280.0000
20503.4616 312555.1646 443.7456 300221.663250000 0.0000 0.0000 280.0000
20503.5401 312555.1784 443.7381 300221.673250000 0.0000 0.0000 280.0000
20503.6185 312555.1922 443.7306 300221.683250000 0.0000 0.0000 280.0000
20503.6969 312555.2061 443.7231 300221.693250000 0.0000 0.0000 280.0000
20503.7754 312555.2199 443.7156 300221.703250000 0.0000 0.0000 280.0000
20503.8538 312555.2337 443.7081 300221.713250000 0.0000 0.0000 280.0000
20503.9323 312555.2476 443.7006 300221.723250000 0.0000 0.0000 280.0000
20504.0107 312555.2614 443.6931 300221.733250000 0.0000 0.0000 280.0000
20504.0891 312555.2752 443.6856 300221.743250000 0.0000 0.0000 280.0000
20504.1676 312555.2891 443.6781 300221.753250000 0.0000 0.0000 280.0000
20504.2460 312555.3029 443.6706 300221.763250000 0.0000 0.0000 280.0000
20504.3245 312555.3167 443.6632 300221.773250000 0.0000 0.0000 280.0000
20504.4029 312555.3305 443.6557 300221.783250000 0.0000 0.0000 280.0000
20504.4813 312555.3444 443.6482 300221.793250000 0.0000 0.0000 280.0000
20504.5598 312555.3582 443.6407 300221.803250000 0.0000 0.0000 280.0000
20504.6382 312555.3720 443.6332 300221.813250000 0.0000 0.0000 280.0000
20504.7166 312555.3859 443.6257 300221.823250000 0.0000 0.0000 280.0000
20504.7951 312555.3997 443.6182 300221.833250000 0.0000 0.0000 280.0000
20504.8735 312555.4135 443.6107 300221.843250000 0.0000 0.0000 280.0000
20504.9520 312555.4274 443.6032 300221.853250000 0.0000 0.0000 280.0000
20505.0304 312555.4412 443.5957 300221.863250000 0.0000 0.0000 280.0000
20505.1088 312555.4550 443.5882 300221.873250000 0.0000 0.0000 280.0000
20505.1873 312555.4689 443.5807 300221.883250000 0.0000 0.0000 280.0000
20505.2657 312555.4827 443.5732 300221.893250000 0.0000 0.0000 280.0000
20505.3442 312555.4965 443.5658 300221.903250000 0.0000 0.0000 280.0000
20505.4226 312555.5103 443.5583 300221.913250000 0.0000 0.0000 280.0000
20505.5010 312555.5242 443.5508 300221.923250000 0.0000 0.0000 280.0000
20505.5795 312555.5380 443.5433 300221.933250000 0.0000 0.0000 280.0000
20505.6579 312555.5518 443.5358 300221.943250000 0.0000 0.0000 280.0000
20505.7363 312555.5657 443.5283 300221.953250000 0.0000 0.0000 280.0000
20505.8148 312555.5795 443.5208 300221.963250000 0.0000 0.0000 280.0000
20505.8932 312555.5933 443.5133 300221.973250000 0.0000 0.0000 280.0000
20505.9717 312555.6072 443.5058 300221.983250000 0.0000 0.0000 280.0000
20506.0501 312555.6210 443.4983 300221.993250000 0.0000 0.0000 280.0000
20506.1285 312555.6348 443.4908 300222.003250000 0.0000 0.0000 280.0000
20506.2070 312555.6487 443.4833 300222.013250000 0.0000 0.0000 280.0000
20506.2854 312555.6625 443.4758 300222.023250000 0.0000 0.0000 280.0000
20506.3638 312555.6763 443.4684 300222.033250000 0.0000 0.0000 280.0000
20506.4423 312555.6901 443.4609 300222.043250000 0.0000 0.0000 280.0000
20506.5207 312555.7040 443.4534 300222.053250000 0.0000 0.0000 280.0000
20506.5992 312555.7178 443.4459 300222.063250000 0.0000 0.0000 280.0000
20506.6776 312555.7316 443.4384 300222.073250000 0.0000 0.0000 280.0000
20506.7560 312555.7455 443.4309 300222.083250000 0.0000 0.0000 280.0000
20506.8345 312555.7593 443.4234 300222.093250000 0.0000 0.0000 280.0000
20506.9129 312555.7731 443.4159 300222.103250000 0.0000 0.0000 280.0000
20506.9914 312555.7870 443.4084 300222.113250000 0.0000 0.0000 280.0000
20507.0698 312555.8008 443.4009 300222.123250000 0.0000 0.0000 280.0000
20507.1482 312555.8146 443.3934 300222.133250000 0.0000 0.0000 280.0000
20507.2267 312555.8285 443.3859 300222.143250000 0.0000 0.0000 280.0000
20507.3051 312555.8423 443.3784 300222.153250000 0.0000 0.0000 280.0000
20507.3835 312555.8561 443.3710 300222.163250000 0.0000 0.0000 280.0000
20507.4620 312555.8699 443.3635 300222.173250000 0.0000 0.0000 280.0000
20507.5404 312555.8838 443.3560 300222.183250000 0.0000 0.0000 280.0000
20507.6189 312555.8976 443.3485 300222.193250000 0.0000 0.0000 280.0000
20507.6973 312555.9114 443.3410 300222.203250000 0.0000 0.0000 280.0000
20507.7757 312555.9253 443.3335 300222.213250000 0.0000 0.0000 280.0000
20507.8542 312555.9391 443.3260 300222.223250000 0.0000 0.0000 280.0000
20507.9326 312555.9529 443.3185 300222.233250000 0.0000 0.0000 280.0000
20508.0111 312555.9668 443.3110 300222.243250000 0.0000 0.0000 280.0000
20508.0895 312555.9806 443.3035 300222.253250000 0.0000 0.0000 280.0000
20508.1679 312555.9944 443.2960 300222.263250000 0.0000 0.0000 280.0000
20508.2464 312556.0083 443.2885 300222.273250000 0.0000 0.0000 280.0000
20508.3248 312556.0221 443.2810 300222.283250000 0.0000 0.0000 280.0000
20508.4032 312556.0359 443.2736 300222.293250000 0.0000 0.0000 280.0000
20508.4817 312556.0498 443.2661 300222.303250000 0.0000 0.0000 280.0000
20508.5601 312556.0636 443.2586 300222.313250000 0.0000 0.0000 280.0000
20508.6386 312556.0774 443.2511 300222.323250000 0.0000 0.0000 280.0000
20508.7170 312556.0912 443.2436 300222.333250000 0.0000 0.0000 280.0000
20508.7954 312556.1051 443.2361 300222.343250000 0.0000 0.0000 280.0000
20508.8739 312556.1189 443.2286 300222.353250000 0.0000 0.0000 280.0000
20508.9523 312556.1327 443.2211 300222.363250000 0.0000 0.0000 280.0000
20509.0308 312556.1466 443.2136 300222.373250000 0.0000 0.0000 280.0000
20509.1092 312556.1604 443.2061 300222.383250000 0.0000 0.0000 280.0000
20509.1876 312556.1742 443.1986 300222.393250000 0.0000 0.0000 280.0000
20509.2661 312556.1881 443.1911 300222.403250000 0.0000 0.0000 280.0000
20509.3445 312556.2019 443.1837 300222.413250000 0.0000 0.0000 280.0000
20509.4229 312556.2157 443.1762 300222.423250000 0.0000 0.0000 280.0000
20509.5014 312556.2296 443.1687 300222.433250000 0.0000 0.0000 280.0000
20509.5798 312556.2434 443.1612 300222.443250000 0.0000 0.0000 280.0000
20509.6583 312556.2572 443.1537 300222.453250000 0.0000 0.0000 280.0000
20509.7367 312556.2710 443.1462 300222.463250000 0.0000 0.0000 280.0000
20509.8151 312556.2849 443.1387 300222.473250000 0.0000 0.0000 280.0000
20509.8936 312556.2987 443.1312 300222.483250000 0.0000 0.0000 280.0000
20509.9720 312556.3125 443.1237 300222.493250000 0.0000 0.0000 280.0000
20510.0505 312556.3264 443.1162 300222.503250000 0.0000 0.0000 280.0000
20510.1289 312556.3402 443.1087 300222.513250000 0.0000 0.0000 280.0000
20510.2073 312556.3540 443.1012 300222.523250000 0.0000 0.0000 280.0000
20510.2858 312556.3679 443.0937 300222.533250000 0.0000 0.0000 280.0000
20510.3642 312556.3817 443.0863 300222.543250000 0.0000 0.0000 280.0000
20510.4426 312556.3955 443.0788 300222.553250000 0.0000 0.0000 280.0000
20510.5211 312556.4094 443.0713 300222.563250000 0.0000 0.0000 280.0000
20510.5995 312556.4232 443.0638 300222.573250000 0.0000 0.0000 280.0000
20510.6780 312556.4370 443.0563 300222.583250000 0.0000 0.0000 280.0000
20510.7564 312556.4508 443.0488 300222.593250000 0.0000 0.0000 280.0000
20510.8348 312556.4647 443.0413 300222.603250000 0.0000 0.0000 280.0000
20510.9133 312556.4785 443.0338 300222.613250000 0.0000 0.0000 280.0000
20510.9917 312556.4923 443.0263 300222.623250000 0.0000 0.0000 280.0000
20511.0702 312556.5062 443.0188 300222.633250000 0.0000 0.0000 280.0000
20511.1486 312556.5200 443.0113 300222.643250000 0.0000 0.0000 280.0000
20511.2270 312556.5338 443.0038 300222.653250000 0.0000 0.0000 280.0000
20511.3055 312556.5477 442.9963 300222.663250000 0.0000 0.0000 280.0000
20511.3839 312556.5615 442.9889 300222.673250000 0.0000 0.0000 280.0000
20511.4623 312556.5753 442.9814 300222.683250000 0.0000 0.0000 280.0000
20511.5408 312556.5892 442.9739 300222.693250000 0.0000 0.0000 280.0000
20511.6192 312556.6030 442.9664 300222.703250000 0.0000 0.0000 280.0000
20511.6977 312556.6168 442.9589 300222.713250000 0.0000 0.0000 280.0000
20511.7761 312556.6306 442.9514 300222.723250000 0.0000 0.0000 280.0000
20511.8545 312556.6445 442.9439 300222.733250000 0.0000 0.0000 280.0000
20511.9330 312556.6583 442.9364 300222.743250000 0.0000 0.0000 280.0000
20512.0114 312556.6721 442.9289 300222.753250000 0.0000 0.0000 280.0000
20512.0898 312556.6860 442.9214 300222.763250000 0.0000 0.0000 280.0000
20512.1683 312556.6998 442.9139 300222.773250000 0.0000 0.0000 280.0000
20512.2467 312556.7136 442.9064 300222.783250000 0.0000 0.0000 280.0000
20512.3252 312556.7275 442.8989 300222.793250000 0.0000 0.0000 280.0000
20512.4036 312556.7413 442.8915 300222.803250000 0.0000 0.0000 280.0000
20512.4820 312556.7551 442.8840 300222.813250000 0.0000 0.0000 280.0000
20512.5605 312556.7690 442.8765 300222.823250000 0.0000 0.0000 280.0000
20512.6389 312556.7828 442.8690 300222.833250000 0.0000 0.0000 280.0000
20512.7174 312556.7966 442.8615 300222.843250000 0.0000 0.0000 280.0000
20512.7958 312556.8104 442.8540 300222.853250000 0.0000 0.0000 280.0000
20512.8742 312556.8243 442.8465 300222.863250000 0.0000 0.0000 280.0000
20512.9527 312556.8381 442.8390 300222.873250000 0.0000 0.0000 280.0000
20513.0311 312556.8519 442.8315 300222.883250000 0.0000 0.0000 280.0000
20513.1095 312556.8658 442.8240 300222.893250000 0.0000 0.0000 280.0000
20513.1880 312556.8796 442.8165 300222.903250000 0.0000 0.0000 280.0000
20513.2664 312556.8934 442.8090 300222.913250000 0.0000 0.0000 280.0000
20513.3449 312556.9073 442.8015 300222.923250000 0.0000 0.0000 280.0000
20513.4233 312556.9211 442.7941 300222.933250000 0.0000 0.0000 280.0000
20513.5017 312556.9349 442.7866 300222.943250000 0.0000 0.0000 280.0000
20513.5802 312556.9488 442.7791 300222.953250000 0.0000 0.0000 280.0000
20513.6586 312556.9626 442.7716 300222.963250000 0.0000 0.0000 280.0000
20513.7371 312556.9764 442.7641 300222.973250000 0.0000 0.0000 280.0000
20513.8155 312556.9902 442.7566 300222.983250000 0.0000 0.0000 280.0000
20513.8939 312557.0041 442.7491 300222.993250000 0.0000 0.0000 280.0000
20513.9724 312557.0179 442.7416 300223.003250000 0.0000 0.0000 280.0000
20514.0508 312557.0317 442.7341 300223.013250000 0.0000 0.0000 280.0000
20514.1292 312557.0456 442.7266 300223.023250000 0.0000 0.0000 280.0000
20514.2077 312557.0594 442.7191 300223.033250000 0.0000 0.0000 280.0000
20514.2861 312557.0732 442.7116 300223.043250000 0.0000 0.0000 280.0000
20514.3646 312557.0871 442.7041 300223.053250000 0.0000 0.0000 280.0000
20514.4430 312557.1009 442.6967 300223.063250000 0.0000 0.0000 280.0000
20514.5214 312557.1147 442.6892 300223.073250000 0.0000 0.0000 280.0000
20514.5999 312557.1286 442.6817 300223.083250000 0.0000 0.0000 280.0000
20514.6783 312557.1424 442.6742 300223.093250000 0.0000 0.0000 280.0000
20514.7568 312557.1562 442.6667 300223.103250000 0.0000 0.0000 280.0000
20514.8352 312557.1700 442.6592 300223.113250000 0.0000 0.0000 280.0000
20514.9136 312557.1839 442.6517 300223.123250000 0.0000 0.0000 280.0000
20514.9921 312557.1977 442.6442 300223.133250000 0.0000 0.0000 280.0000
20515.0705 312557.2115 442.6367 300223.143250000 0.0000 0.0000 280.0000
20515.1489 312557.2254 442.6292 300223.153250000 0.0000 0.0000 280.0000
20515.2274 312557.2392 442.6217 300223.163250000 0.0000 0.0000 280.0000
20515.3058 312557.2530 442.6142 300223.173250000 0.0000 0.0000 280.0000
20515.3843 312557.2669 442.6067 300223.183250000 0.0000 0.0000 280.0000
20515.4627 312557.2807 442.5993 300223.193250000 0.0000 0.0000 280.0000
20515.5411 312557.2945 442.5918 300223.203250000 0.0000 0.0000 280.0000
20515.6196 312557.3084 442.5843 300223.213250000 0.0000 0.0000 280.0000
20515.6980 312557.3222 442.5768 300223.223250000 0.0000 0.0000 280.0000
20515.7765 312557.3360 442.5693 300223.233250000 0.0000 0.0000 280.0000
20515.8549 312557.3498 442.5618 300223.243250000 0.0000 0.0000 280.0000
20515.9333 312557.3637 442.5543 300223.253250000 0.0000 0.0000 280.0000
20516.0118 312557.3775 442.5468 300223.263250000 0.0000 0.0000 280.0000
20516.0902 312557.3913 442.5393 300223.273250000 0.0000 0.0000 280.0000
20516.1686 312557.4052 442.5318 300223.283250000 0.0000 0.0000 280.0000
20516.2471 312557.4190 442.5243 300223.293250000 0.0000 0.0000 280.0000
20516.3255 312557.4328 442.5168 300223.303250000 0.0000 0.0000 280.0000
20516.4040 312557.4467 442.5093 300223.313250000 0.0000 0.0000 280.0000
20516.4824 312557.4605 442.5019 300223.323250000 0.0000 0.0000 280.0000
20516.5608 312557.4743 442.4944 300223.333250000 0.0000 0.0000 280.0000
20516.6393 312557.4882 442.4869 300223.343250000 0.0000 0.0000 280.0000
20516.7177 312557.5020 442.4794 300223.353250000 0.0000 0.0000 280.0000
20516.7962 312557.5158 442.4719 300223.363250000 0.0000 0.0000 280.0000
20516.8746 312557.5296 442.4644 300223.373250000 0.0000 0.0000 280.0000
20516.9530 312557.5435 442.4569 300223.383250000 0.0000 0.0000 280.0000
20517.0315 312557.5573 442.4494 300223.393250000 0.0000 0.0000 280.0000
20517.1099 312557.5711 442.4419 300223.403250000 0.0000 0.0000 280.0000
20517.1883 312557.5850 442.4344 300223.413250000 0.0000 0.0000 280.0000
20517.2668 312557.5988 442.4269 300223.423250000 0.0000 0.0000 280.0000
20517.3452 312557.6126 442.4194 300223.433250000 0.0000 0.0000 280.0000
20517.4237 312557.6265 442.4119 300223.443250000 0.0000 0.0000 280.0000
20517.5021 312557.6403 442.4045 300223.453250000 0.0000 0.0000 280.0000
20517.5805 312557.6541 442.3970 300223.463250000 0.0000 0.0000 280.0000
20517.6590 312557.6680 442.3895 300223.473250000 0.0000 0.0000 280.0000
20517.7374 312557.6818 442.3820 300223.483250000 0.0000 0.0000 280.0000
20517.8158 312557.6956 442.3745 300223.493250000 0.0000 0.0000 280.0000
20517.8943 312557.7094 442.3670 300223.503250000 0.0000 0.0000 280.0000
20517.9727 312557.7233 442.3595 300223.513250000 0.0000 0.0000 280.0000
20518.0512 312557.7371 442.3520 300223.523250000 0.0000 0.0000 280.0000
20518.1296 312557.7509 442.3445 300223.533250000 0.0000 0.0000 280.0000
20518.2080 312557.7648 442.3370 300223.543250000 0.0000 0.0000 280.0000
20518.2865 312557.7786 442.3295 300223.553250000 0.0000 0.0000 280.0000
20518.3649 312557.7924 442.3220 300223.563250000 0.0000 0.0000 280.0000
20518.4434 312557.8063 442.3145 300223.573250000 0.0000 0.0000 280.0000
20518.5218 312557.8201 442.3071 300223.583250000 0.0000 0.0000 280.0000
20518.6002 312557.8339 442.2996 300223.593250000 0.0000 0.0000 280.0000
20518.6787 312557.8478 442.2921 300223.603250000 0.0000 0.0000 280.0000
20518.7571 312557.8616 442.2846 300223.613250000 0.0000 0.0000 280.0000
20518.8355 312557.8754 442.2771 300223.623250000 0.0000 0.0000 280.0000
20518.9140 312557.8892 442.2696 300223.633250000 0.0000 0.0000 280.0000
20518.9924 312557.9031 442.2621 300223.643250000 0.0000 0.0000 280.0000
20519.0709 312557.9169 442.2546 300223.653250000 0.0000 0.0000 280.0000
20519.1493 312557.9307 442.2471 300223.663250000 0.0000 0.0000 280.0000
20519.2277 312557.9446 442.2396 300223.673250000 0.0000 0.0000 280.0000
20519.3062 312557.9584 442.2321 300223.683250000 0.0000 0.0000 280.0000
20519.3846 312557.9722 442.2246 300223.693250000 0.0000 0.0000 280.0000
20519.4631 312557.9861 442.2171 300223.703250000 0.0000 0.0000 280.0000
20519.5415 312557.9999 442.2097 300223.713250000 0.0000 0.0000 280.0000
20519.6199 312558.0137 442.2022 300223.723250000 0.0000 0.0000 280.0000
20519.6984 312558.0276 442.1947 300223.733250000 0.0000 0.0000 280.0000
20519.7768 312558.0414 442.1872 300223.743250000 0.0000 0.0000 280.0000
20519.8552 312558.0552 442.1797 300223.753250000 0.0000 0.0000 280.0000
20519.9337 312558.0690 442.1722 300223.763250000 0.0000 0.0000 280.0000
20520.0121 312558.0829 442.1647 300223.773250000 0.0000 0.0000 280.0000
20520.0906 312558.0967 442.1572 300223.783250000 0.0000 0.0000 280.0000
20520.1690 312558.1105 442.1497 300223.793250000 0.0000 0.0000 280.0000
20520.2474 312558.1244 442.1422 300223.803250000 0.0000 0.0000 280.0000
20520.3259 312558.1382 442.1347 300223.813250000 0.0000 0.0000 280.0000
20520.4043 312558.1520 442.1272 300223.823250000 0.0000 0.0000 280.0000
20520.4828 312558.1659 442.1197 300223.833250000 0.0000 0.0000 280.0000
20520.5612 312558.1797 442.1123 300223.843250000 0.0000 0.0000 280.0000
20520.6396 312558.1935 442.1048 300223.853250000 0.0000 0.0000 280.0000
20520.7181 312558.2074 442.0973 300223.863250000 0.0000 0.0000 280.0000
20520.7965 312558.2212 442.0898 300223.873250000 0.0000 0.0000 280.0000
20520.8749 312558.2350 442.0823 300223.883250000 0.0000 0.0000 280.0000
20520.9534 312558.2488 442.0748 300223.893250000 0.0000 0.0000 280.0000
20521.0318 312558.2627 442.0673 300223.903250000 0.0000 0.0000 280.0000
20521.1103 312558.2765 442.0598 300223.913250000 0.0000 0.0000 280.0000
20521.1887 312558.2903 442.0523 300223.923250000 0.0000 0.0000 280.0000
20521.2671 312558.3042 442.0448 300223.933250000 0.0000 0.0000 280.0000
20521.3456 312558.3180 442.0373 300223.943250000 0.0000 0.0000 280.0000
20521.4240 312558.3318 442.0298 300223.953250000 0.0000 0.0000 280.0000
20521.5025 312558.3457 442.0223 300223.963250000 0.0000 0.0000 280.0000
20521.5809 312558.3595 442.0149 300223.973250000 0.0000 0.0000 280.0000
20521.6593 312558.3733 442.0074 300223.983250000 0.0000 0.0000 280.0000
20521.7378 312558.3872 441.9999 300223.993250000 0.0000 0.0000 280.0000
20521.8162 312558.4010 441.9924 300224.003250000 0.0000 0.0000 280.0000
20521.8946 312558.4148 441.9849 300224.013250000 0.0000 0.0000 280.0000
20521.9731 312558.4286 441.9774 300224.023250000 0.0000 0.0000 280.0000
20522.0515 312558.4425 441.9699 300224.033250000 0.0000 0.0000 280.0000
20522.1300 312558.4563 441.9624 300224.043250000 0.0000 0.0000 280.0000
20522.2084 312558.4701 441.9549 300224.053250000 0.0000 0.0000 280.0000
20522.2868 312558.4840 441.9474 300224.063250000 0.0000 0.0000 280.0000
20522.3653 312558.4978 441.9399 300224.073250000 0.0000 0.0000 280.0000
20522.4437 312558.5116 441.9324 300224.083250000 0.0000 0.0000 280.0000
20522.5222 312558.5255 441.9249 300224.093250000 0.0000 0.0000 280.0000
20522.6006 312558.5393 441.9175 300224.103250000 0.0000 0.0000 280.0000
20522.6790 312558.5531 441.9100 300224.113250000 0.0000 0.0000 280.0000
20522.7575 312558.5670 441.9025 300224.123250000 0.0000 0.0000 280.0000
20522.8359 312558.5808 441.8950 300224.133250000 0.0000 0.0000 280.0000
20522.9143 312558.5946 441.8875 300224.143250000 0.0000 0.0000 280.0000
20522.9928 312558.6084 441.8800 300224.153250000 0.0000 0.0000 280.0000
20523.0712 312558.6223 441.8725 300224.163250000 0.0000 0.0000 280.0000
20523.1497 312558.6361 441.8650 300224.173250000 0.0000 0.0000 280.0000
20523.2281 312558.6499 441.8575 300224.183250000 0.0000 0.0000 280.0000
20523.3065 312558.6638 441.8500 300224.193250000 0.0000 0.0000 280.0000
20523.3850 312558.6776 441.8425 300224.203250000 0.0000 0.0000 280.0000
20523.4634 312558.6914 441.8350 300224.213250000 0.0000 0.0000 280.0000
20523.5418 312558.7053 441.8276 300224.223250000 0.0000 0.0000 280.0000
20523.6203 312558.7191 441.8201 300224.233250000 0.0000 0.0000 280.0000
20523.6987 312558.7329 441.8126 300224.243250000 0.0000 0.0000 280.0000
20523.7772 312558.7468 441.8051 300224.253250000 0.0000 0.0000 280.0000
20523.8556 312558.7606 441.7976 300224.263250000 0.0000 0.0000 280.0000
20523.9340 312558.7744 441.7901 300224.273250000 0.0000 0.0000 280.0000
20524.0125 312558.7882 441.7826 300224.283250000 0.0000 0.0000 280.0000
20524.0909 312558.8021 441.7751 300224.293250000 0.0000 0.0000 280.0000
20524.1694 312558.8159 441.7676 300224.303250000 0.0000 0.0000 280.0000
20524.2478 312558.8297 441.7601 300224.313250000 0.0000 0.0000 280.0000
20524.3262 312558.8436 441.7526 300224.323250000 0.0000 0.0000 280.0000
20524.4047 312558.8574 441.7451 300224.333250000 0.0000 0.0000 280.0000
20524.4831 312558.8712 441.7376 300224.343250000 0.0000 0.0000 280.0000
20524.5615 312558.8851 441.7302 300224.353250000 0.0000 0.0000 280.0000
20524.6400 312558.8989 441.7227 300224.363250000 0.0000 0.0000 280.0000
20524.7184 312558.9127 441.7152 300224.373250000 0.0000 0.0000 280.0000
20524.7969 312558.9266 441.7077 300224.383250000 0.0000 0.0000 280.0000
20524.8753 312558.9404 441.7002 300224.393250000 0.0000 0.0000 280.0000
20524.9537 312558.9542 441.6927 300224.403250000 0.0000 0.0000 280.0000
20525.0322 312558.9680 441.6852 300224.413250000 0.0000 0.0000 280.0000
20525.1106 312558.9819 441.6777 300224.423250000 0.0000 0.0000 280.0000
20525.1891 312558.9957 441.6702 300224.433250000 0.0000 0.0000 280.0000
20525.2675 312559.0095 441.6627 300224.443250000 0.0000 0.0000 280.0000
20525.3459 312559.0234 441.6552 300224.453250000 0.0000 0.0000 280.0000
20525.4244 312559.0372 441.6477 300224.463250000 0.0000 0.0000 280.0000
20525.5028 312559.0510 441.6402 300224.473250000 0.0000 0.0000 280.0000
20525.5812 312559.0649 441.6328 300224.483250000 0.0000 0.0000 280.0000
20525.6597 312559.0787 441.6253 300224.493250000 0.0000 0.0000 280.0000
20525.7381 312559.0925 441.6178 300224.503250000 0.0000 0.0000 280.0000
20525.8166 312559.1064 441.6103 300224.513250000 0.0000 0.0000 280.0000
20525.8950 312559.1202 441.6028 300224.523250000 0.0000 0.0000 280.0000
20525.9734 312559.1340 441.5953 300224.533250000 0.0000 0.0000 280.0000
20526.0519 312559.1478 441.5878 300224.543250000 0.0000 0.0000 280.0000
20526.1303 312559.1617 441.5803 300224.553250000 0.0000 0.0000 280.0000
20526.2088 312559.1755 441.5728 300224.563250000 0.0000 0.0000 280.0000
20526.2872 312559.1893 441.5653 300224.573250000 0.0000 0.0000 280.0000
20526.3656 312559.2032 441.5578 300224.583250000 0.0000 0.0000 280.0000
20526.4441 312559.2170 441.5503 300224.593250000 0.0000 0.0000 280.0000
20526.5225 312559.2308 441.5428 300224.603250000 0.0000 0.0000 280.0000
20526.6009 312559.2447 441.5354 300224.613250000 0.0000 0.0000 280.0000
20526.6794 312559.2585 441.5279 300224.623250000 0.0000 0.0000 280.0000
20526.7578 312559.2723 441.5204 300224.633250000 0.0000 0.0000 280.0000
20526.8363 312559.2862 441.5129 300224.643250000 0.0000 0.0000 280.0000
20526.9147 312559.3000 441.5054 300224.653250000 0.0000 0.0000 280.0000
20526.9931 312559.3138 441.4979 300224.663250000 0.0000 0.0000 280.0000
20527.0716 312559.3276 441.4904 300224.673250000 0.0000 0.0000 280.0000
20527.1500 312559.3415 441.4829 300224.683250000 0.0000 0.0000 280.0000
20527.2285 312559.3553 441.4754 300224.693250000 0.0000 0.0000 280.0000
20527.3069 312559.3691 441.4679 300224.703250000 0.0000 0.0000 280.0000
20527.3853 312559.3830 441.4604 300224.713250000 0.0000 0.0000 280.0000
20527.4638 312559.3968 441.4529 300224.723250000 0.0000 0.0000 280.0000
20527.5422 312559.4106 441.4454 300224.733250000 0.0000 0.0000 280.0000
20527.6206 312559.4245 441.4380 300224.743250000 0.0000 0.0000 280.0000
20527.6991 312559.4383 441.4305 300224.753250000 0.0000 0.0000 280.0000
20527.7775 312559.4521 441.4230 300224.763250000 0.0000 0.0000 280.0000
20527.8560 312559.4660 441.4155 300224.773250000 0.0000 0.0000 280.0000
20527.9344 312559.4798 441.4080 300224.783250000 0.0000 0.0000 280.0000
20528.0128 312559.4936 441.4005 300224.793250000 0.0000 0.0000 280.0000
20528.0913 312559.5074 441.3930 300224.803250000 0.0000 0.0000 280.0000
20528.1697 312559.5213 441.3855 300224.813250000 0.0000 0.0000 280.0000
20528.2481 312559.5351 441.3780 300224.823250000 0.0000 0.0000 280.0000
20528.3266 312559.5489 441.3705 300224.833250000 0.0000 0.0000 280.0000
20528.4050 312559.5628 441.3630 300224.843250000 0.0000 0.0000 280.0000
20528.4835 312559.5766 441.3555 300224.853250000 0.0000 0.0000 280.0000
20528.5619 312559.5904 441.3480 300224.863250000 0.0000 0.0000 280.0000
20528.6403 312559.6043 441.3406 300224.873250000 0.0000 0.0000 280.0000
20528.7188 312559.6181 441.3331 300224.883250000 0.0000 0.0000 280.0000
20528.7972 312559.6319 441.3256 300224.893250000 0.0000 0.0000 280.0000
20528.8757 312559.6458 441.3181 300224.903250000 0.0000 0.0000 280.0000
20528.9541 312559.6596 441.3106 300224.913250000 0.0000 0.0000 280.0000
20529.0325 312559.6734 441.3031 300224.923250000 0.0000 0.0000 280.0000
20529.1110 312559.6872 441.2956 300224.933250000 0.0000 0.0000 280.0000
20529.1894 312559.7011 441.2881 300224.943250000 0.0000 0.0000 280.0000
20529.2678 312559.7149 441.2806 300224.953250000 0.0000 0.0000 280.0000
20529.3463 312559.7287 441.2731 300224.963250000 0.0000 0.0000 280.0000
20529.4247 312559.7426 441.2656 300224.973250000 0.0000 0.0000 280.0000
20529.5032 312559.7564 441.2581 300224.983250000 0.0000 0.0000 280.0000
20529.5816 312559.7702 441.2506 300224.993250000 0.0000 0.0000 280.0000
20529.6600 312559.7841 441.2432 300225.003250000 0.0000 0.0000 280.0000
20529.7385 312559.7979 441.2357 300225.013250000 0.0000 0.0000 280.0000
20529.8169 312559.8117 441.2282 300225.023250000 0.0000 0.0000 280.0000
20529.8954 312559.8256 441.2207 300225.033250000 0.0000 0.0000 280.0000
20529.9738 312559.8394 441.2132 300225.043250000 0.0000 0.0000 280.0000
20530.0522 312559.8532 441.2057 300225.053250000 0.0000 0.0000 280.0000
20530.1307 312559.8671 441.1982 300225.063250000 0.0000 0.0000 280.0000
20530.2091 312559.8809 441.1907 300225.073250000 0.0000 0.0000 280.0000
20530.2875 312559.8947 441.1832 300225.083250000 0.0000 0.0000 280.0000
20530.3660 312559.9085 441.1757 300225.093250000 0.0000 0.0000 280.0000
20530.4444 312559.9224 441.1682 300225.103250000 0.0000 0.0000 280.0000
20530.5229 312559.9362 441.1607 300225.113250000 0.0000 0.0000 280.0000
20530.6013 312559.9500 441.1532 300225.123250000 0.0000 0.0000 280.0000
20530.6797 312559.9639 441.1458 300225.133250000 0.0000 0.0000 280.0000
20530.7582 312559.9777 441.1383 300225.143250000 0.0000 0.0000 280.0000
20530.8366 312559.9915 441.1308 300225.153250000 0.0000 0.0000 280.0000
20530.9151 312560.0054 441.1233 300225.163250000 0.0000 0.0000 280.0000
20530.9935 312560.0192 441.1158 300225.173250000 0.0000 0.0000 280.0000
20531.0719 312560.0330 441.1083 300225.183250000 0.0000 0.0000 280.0000
20531.1504 312560.0469 441.1008 300225.193250000 0.0000 0.0000 280.0000
20531.2288 312560.0607 441.0933 300225.203250000 0.0000 0.0000 280.0000
20531.3072 312560.0745 441.0858 300225.213250000 0.0000 0.0000 280.0000
20531.3857 312560.0883 441.0783 300225.223250000 0.0000 0.0000 280.0000
20531.4641 312560.1022 441.0708 300225.233250000 0.0000 0.0000 280.0000
20531.5426 312560.1160 441.0633 300225.243250000 0.0000 0.0000 280.0000
20531.6210 312560.1298 441.0558 300225.253250000 0.0000 0.0000 280.0000
20531.6994 312560.1437 441.0484 300225.263250000 0.0000 0.0000 280.0000
20531.7779 312560.1575 441.0409 300225.273250000 0.0000 0.0000 280.0000
20531.8563 312560.1713 441.0334 300225.283250000 0.0000 0.0000 280.0000
20531.9348 312560.1852 441.0259 300225.293250000 0.0000 0.0000 280.0000
20532.0132 312560.1990 441.0184 300225.303250000 0.0000 0.0000 280.0000
20532.0916 312560.2128 441.0109 300225.313250000 0.0000 0.0000 280.0000
20532.1701 312560.2267 441.0034 300225.323250000 0.0000 0.0000 280.0000
20532.2485 312560.2405 440.9959 300225.333250000 0.0000 0.0000 280.0000
20532.3269 312560.2543 440.9884 300225.343250000 0.0000 0.0000 280.0000
20532.4054 312560.2681 440.9809 300225.353250000 0.0000 0.0000 280.0000
20532.4838 312560.2820 440.9734 300225.363250000 0.0000 0.0000 280.0000
20532.5623 312560.2958 440.9659 300225.373250000 0.0000 0.0000 280.0000
20532.6407 312560.3096 440.9584 300225.383250000 0.0000 0.0000 280.0000
20532.7191 312560.3235 440.9510 300225.393250000 0.0000 0.0000 280.0000
20532.7976 312560.3373 440.9435 300225.403250000 0.0000 0.0000 280.0000
20532.8760 312560.3511 440.9360 300225.413250000 0.0000 0.0000 280.0000
20532.9545 312560.3650 440.9285 300225.423250000 0.0000 0.0000 280.0000
20533.0329 312560.3788 440.9210 300225.433250000 0.0000 0.0000 280.0000
20533.1113 312560.3926 440.9135 300225.443250000 0.0000 0.0000 280.0000
20533.1898 312560.4065 440.9060 300225.453250000 0.0000 0.0000 280.0000
20533.2682 312560.4203 440.8985 300225.463250000 0.0000 0.0000 280.0000
20533.3466 312560.4341 440.8910 300225.473250000 0.0000 0.0000 280.0000
20533.4251 312560.4479 440.8835 300225.483250000 0.0000 0.0000 280.0000
20533.5035 312560.4618 440.8760 300225.493250000 0.0000 0.0000 280.0000
20533.5820 312560.4756 440.8685 300225.503250000 0.0000 0.0000 280.0000
20533.6604 312560.4894 440.8610 300225.513250000 0.0000 0.0000 280.0000
20533.7388 312560.5033 440.8536 300225.523250000 0.0000 0.0000 280.0000
20533.8173 312560.5171 440.8461 300225.533250000 0.0000 0.0000 280.0000
20533.8957 312560.5309 440.8386 300225.543250000 0.0000 0.0000 280.0000
20533.9741 312560.5448 440.8311 300225.553250000 0.0000 0.0000 280.0000
20534.0526 312560.5586 440.8236 300225.563250000 0.0000 0.0000 280.0000
20534.1310 312560.5724 440.8161 300225.573250000 0.0000 0.0000 280.0000
20534.2095 312560.5863 440.8086 300225.583250000 0.0000 0.0000 280.0000
20534.2879 312560.6001 440.8011 300225.593250000 0.0000 0.0000 280.0000
20534.3663 312560.6139 440.7936 300225.603250000 0.0000 0.0000 280.0000
20534.4448 312560.6277 440.7861 300225.613250000 0.0000 0.0000 280.0000
20534.5232 312560.6416 440.7786 300225.623250000 0.0000 0.0000 280.0000
20534.6017 312560.6554 440.7711 300225.633250000 0.0000 0.0000 280.0000
20534.6801 312560.6692 440.7636 300225.643250000 0.0000 0.0000 280.0000
20534.7585 312560.6831 440.7562 300225.653250000 0.0000 0.0000 280.0000
20534.8370 312560.6969 440.7487 300225.663250000 0.0000 0.0000 280.0000
20534.9154 312560.7107 440.7412 300225.673250000 0.0000 0.0000 280.0000
20534.9938 312560.7246 440.7337 300225.683250000 0.0000 0.0000 280.0000
20535.0723 312560.7384 440.7262 300225.693250000 0.0000 0.0000 280.0000
20535.1507 312560.7522 440.7187 300225.703250000 0.0000 0.0000 280.0000
20535.2292 312560.7661 440.7112 300225.713250000 0.0000 0.0000 280.0000
20535.3076 312560.7799 440.7037 300225.723250000 0.0000 0.0000 280.0000
20535.3860 312560.7937 440.6962 300225.733250000 0.0000 0.0000 280.0000
20535.4645 312560.8075 440.6887 300225.743250000 0.0000 0.0000 280.0000
20535.5429 312560.8214 440.6812 300225.753250000 0.0000 0.0000 280.0000
20535.6214 312560.8352 440.6737 300225.763250000 0.0000 0.0000 280.0000
20535.6998 312560.8490 440.6662 300225.773250000 0.0000 0.0000 280.0000
20535.7782 312560.8629 440.6588 300225.783250000 0.0000 0.0000 280.0000
20535.8567 312560.8767 440.6513 300225.793250000 0.0000 0.0000 280.0000
20535.9351 312560.8905 440.6438 300225.803250000 0.0000 0.0000 280.0000
20536.0135 312560.9044 440.6363 300225.813250000 0.0000 0.0000 280.0000
20536.0920 312560.9182 440.6288 300225.823250000 0.0000 0.0000 280.0000
20536.1704 312560.9320 440.6213 300225.833250000 0.0000 0.0000 280.0000
20536.2489 312560.9459 440.6138 300225.843250000 0.0000 0.0000 280.0000
20536.3273 312560.9597 440.6063 300225.853250000 0.0000 0.0000 280.0000
20536.4057 312560.9735 440.5988 300225.863250000 0.0000 0.0000 280.0000
20536.4842 312560.9873 440.5913 300225.873250000 0.0000 0.0000 280.0000
20536.5626 312561.0012 440.5838 300225.883250000 0.0000 0.0000 280.0000
20536.6411 312561.0150 440.5763 300225.893250000 0.0000 0.0000 280.0000
20536.7195 312561.0288 440.5688 300225.903250000 0.0000 0.0000 280.0000
20536.7979 312561.0427 440.5614 300225.913250000 0.0000 0.0000 280.0000
20536.8764 312561.0565 440.5539 300225.923250000 0.0000 0.0000 280.0000
20536.9548 312561.0703 440.5464 300225.933250000 0.0000 0.0000 280.0000
20537.0332 312561.0842 440.5389 300225.943250000 0.0000 0.0000 280.0000
20537.1117 312561.0980 440.5314 300225.953250000 0.0000 0.0000 280.0000
20537.1901 312561.1118 440.5239 300225.963250000 0.0000 0.0000 280.0000
20537.2686 312561.1257 440.5164 300225.973250000 0.0000 0.0000 280.0000
20537.3470 312561.1395 440.5089 300225.983250000 0.0000 0.0000 280.0000
20537.4254 312561.1533 440.5014 300225.993250000 0.0000 0.0000 280.0000
20537.5039 312561.1671 440.4939 300226.003250000 0.0000 0.0000 280.0000
20537.5823 312561.1810 440.4864 300226.013250000 0.0000 0.0000 280.0000
20537.6608 312561.1948 440.4789 300226.023250000 0.0000 0.0000 280.0000
20537.7392 312561.2086 440.4715 300226.033250000 0.0000 0.0000 280.0000
20537.8176 312561.2225 440.4640 300226.043250000 0.0000 0.0000 280.0000
20537.8961 312561.2363 440.4565 300226.053250000 0.0000 0.0000 280.0000
20537.9745 312561.2501 440.4490 300226.063250000 0.0000 0.0000 280.0000
20538.0529 312561.2640 440.4415 300226.073250000 0.0000 0.0000 280.0000
20538.1314 312561.2778 440.4340 300226.083250000 0.0000 0.0000 280.0000
20538.2098 312561.2916 440.4265 300226.093250000 0.0000 0.0000 280.0000
20538.2883 312561.3055 440.4190 300226.103250000 0.0000 0.0000 280.0000
20538.3667 312561.3193 440.4115 300226.113250000 0.0000 0.0000 280.0000
20538.4451 312561.3331 440.4040 300226.123250000 0.0000 0.0000 280.0000
20538.5236 312561.3469 440.3965 300226.133250000 0.0000 0.0000 280.0000
20538.6020 312561.3608 440.3890 300226.143250000 0.0000 0.0000 280.0000
20538.6805 312561.3746 440.3815 300226.153250000 0.0000 0.0000 280.0000
20538.7589 312561.3884 440.3741 300226.163250000 0.0000 0.0000 280.0000
20538.8373 312561.4023 440.3666 300226.173250000 0.0000 0.0000 280.0000
20538.9158 312561.4161 440.3591 300226.183250000 0.0000 0.0000 280.0000
20538.9942 312561.4299 440.3516 300226.193250000 0.0000 0.0000 280.0000
20539.0726 312561.4438 440.3441 300226.203250000 0.0000 0.0000 280.0000
20539.1511 312561.4576 440.3366 300226.213250000 0.0000 0.0000 280.0000
20539.2295 312561.4714 440.3291 300226.223250000 0.0000 0.0000 280.0000
20539.3080 312561.4853 440.3216 300226.233250000 0.0000 0.0000 280.0000
20539.3864 312561.4991 440.3141 300226.243250000 0.0000 0.0000 280.0000
20539.4648 312561.5129 440.3066 300226.253250000 0.0000 0.0000 280.0000
20539.5433 312561.5267 440.2991 300226.263250000 0.0000 0.0000 280.0000
20539.6217 312561.5406 440.2916 300226.273250000 0.0000 0.0000 280.0000
20539.7001 312561.5544 440.2841 300226.283250000 0.0000 0.0000 280.0000
20539.7786 312561.5682 440.2767 300226.293250000 0.0000 0.0000 280.0000
20539.8570 312561.5821 440.2692 300226.303250000 0.0000 0.0000 280.0000
20539.9355 312561.5959 440.2617 300226.313250000 0.0000 0.0000 280.0000
20540.0139 312561.6097 440.2542 300226.323250000 0.0000 0.0000 280.0000
20540.0923 312561.6236 440.2467 300226.333250000 0.0000 0.0000 280.0000
20540.1708 312561.6374 440.2392 300226.343250000 0.0000 0.0000 280.0000
20540.2492 312561.6512 440.2317 300226.353250000 0.0000 0.0000 280.0000
20540.3277 312561.6651 440.2242 300226.363250000 0.0000 0.0000 280.0000
20540.4061 312561.6789 440.2167 300226.373250000 0.0000 0.0000 280.0000
20540.4845 312561.6927 440.2092 300226.383250000 0.0000 0.0000 280.0000
20540.5630 312561.7065 440.2017 300226.393250000 0.0000 0.0000 280.0000
20540.6414 312561.7204 440.1942 300226.403250000 0.0000 0.0000 280.0000
20540.7198 312561.7342 440.1867 300226.413250000 0.0000 0.0000 280.0000
20540.7983 312561.7480 440.1793 300226.423250000 0.0000 0.0000 280.0000
20540.8767 312561.7619 440.1718 300226.433250000 0.0000 0.0000 280.0000
20540.9552 312561.7757 440.1643 300226.443250000 0.0000 0.0000 280.0000
20541.0336 312561.7895 440.1568 300226.453250000 0.0000 0.0000 280.0000
20541.1120 312561.8034 440.1493 300226.463250000 0.0000 0.0000 280.0000
20541.1905 312561.8172 440.1418 300226.473250000 0.0000 0.0000 280.0000
20541.2689 312561.8310 440.1343 300226.483250000 0.0000 0.0000 280.0000
20541.3474 312561.8449 440.1268 300226.493250000 0.0000 0.0000 280.0000
20541.4258 312561.8587 440.1193 300226.503250000 0.0000 0.0000 280.0000
20541.5042 312561.8725 440.1118 300226.513250000 0.0000 0.0000 280.0000
20541.5827 312561.8863 440.1043 300226.523250000 0.0000 0.0000 280.0000
20541.6611 312561.9002 440.0968 300226.533250000 0.0000 0.0000 280.0000
20541.7395 312561.9140 440.0893 300226.543250000 0.0000 0.0000 280.0000
20541.8180 312561.9278 440.0819 300226.553250000 0.0000 0.0000 280.0000
20541.8964 312561.9417 440.0744 300226.563250000 0.0000 0.0000 280.0000
20541.9749 312561.9555 440.0669 300226.573250000 0.0000 0.0000 280.0000
20542.0533 312561.9693 440.0594 300226.583250000 0.0000 0.0000 280.0000
20542.1317 312561.9832 440.0519 300226.593250000 0.0000 0.0000 280.0000
20542.2102 312561.9970 440.0444 300226.603250000 0.0000 0.0000 280.0000
20542.2886 312562.0108 440.0369 300226.613250000 0.0000 0.0000 280.0000
20542.3671 312562.0247 440.0294 300226.623250000 0.0000 0.0000 280.0000
20542.4455 312562.0385 440.0219 300226.633250000 0.0000 0.0000 280.0000
20542.5239 312562.0523 440.0144 300226.643250000 0.0000 0.0000 280.0000
20542.6024 312562.0661 440.0069 300226.653250000 0.0000 0.0000 280.0000
20542.6808 312562.0800 439.9994 300226.663250000 0.0000 0.0000 280.0000
20542.7592 312562.0938 439.9919 300226.673250000 0.0000 0.0000 280.0000
20542.8377 312562.1076 439.9845 300226.683250000 0.0000 0.0000 280.0000
20542.9161 312562.1215 439.9770 300226.693250000 0.0000 0.0000 280.0000
20542.9946 312562.1353 439.9695 300226.703250000 0.0000 0.0000 280.0000
20543.0730 312562.1491 439.9620 300226.713250000 0.0000 0.0000 280.0000
20543.1514 312562.1630 439.9545 300226.723250000 0.0000 0.0000 280.0000
20543.2299 312562.1768 439.9470 300226.733250000 0.0000 0.0000 280.0000
20543.3083 312562.1906 439.9395 300226.743250000 0.0000 0.0000 280.0000
20543.3868 312562.2045 439.9320 300226.753250000 0.0000 0.0000 280.0000
20543.4652 312562.2183 439.9245 300226.763250000 0.0000 0.0000 280.0000
20543.5436 312562.2321 439.9170 300226.773250000 0.0000 0.0000 280.0000
20543.6221 312562.2459 439.9095 300226.783250000 0.0000 0.0000 280.0000
20543.7005 312562.2598 439.9020 300226.793250000 0.0000 0.0000 280.0000
20543.7789 312562.2736 439.8945 300226.803250000 0.0000 0.0000 280.0000
20543.8574 312562.2874 439.8871 300226.813250000 0.0000 0.0000 280.0000
20543.9358 312562.3013 439.8796 300226.823250000 0.0000 0.0000 280.0000
20544.0143 312562.3151 439.8721 300226.833250000 0.0000 0.0000 280.0000
20544.0927 312562.3289 439.8646 300226.843250000 0.0000 0.0000 280.0000
20544.1711 312562.3428 439.8571 300226.853250000 0.0000 0.0000 280.0000
20544.2496 312562.3566 439.8496 300226.863250000 0.0000 0.0000 280.0000
20544.3280 312562.3704 439.8421 300226.873250000 0.0000 0.0000 280.0000
20544.4065 312562.3843 439.8346 300226.883250000 0.0000 0.0000 280.0000
20544.4849 312562.3981 439.8271 300226.893250000 0.0000 0.0000 280.0000
20544.5633 312562.4119 439.8196 300226.903250000 0.0000 0.0000 280.0000
20544.6418 312562.4257 439.8121 300226.913250000 0.0000 0.0000 280.0000
20544.7202 312562.4396 439.8046 300226.923250000 0.0000 0.0000 280.0000
20544.7986 312562.4534 439.7971 300226.933250000 0.0000 0.0000 280.0000
20544.8771 312562.4672 439.7897 300226.943250000 0.0000 0.0000 280.0000
20544.9555 312562.4811 439.7822 300226.953250000 0.0000 0.0000 280.0000
20545.0340 312562.4949 439.7747 300226.963250000 0.0000 0.0000 280.0000
20545.1124 312562.5087 439.7672 300226.973250000 0.0000 0.0000 280.0000
20545.1908 312562.5226 439.7597 300226.983250000 0.0000 0.0000 280.0000
20545.2693 312562.5364 439.7522 300226.993250000 0.0000 0.0000 280.0000
20545.3477 312562.5502 439.7447 300227.003250000 0.0000 0.0000 280.0000
20545.4261 312562.5641 439.7372 300227.013250000 0.0000 0.0000 280.0000
20545.5046 312562.5779 439.7297 300227.023250000 0.0000 0.0000 280.0000
20545.5830 312562.5917 439.7222 300227.033250000 0.0000 0.0000 280.0000
20545.6615 312562.6055 439.7147 300227.043250000 0.0000 0.0000 280.0000
20545.7399 312562.6194 439.7072 300227.053250000 0.0000 0.0000 280.0000
20545.8183 312562.6332 439.6997 300227.063250000 0.0000 0.0000 280.0000
20545.8968 312562.6470 439.6923 300227.073250000 0.0000 0.0000 280.0000
20545.9752 312562.6609 439.6848 300227.083250000 0.0000 0.0000 280.0000
20546.0537 312562.6747 439.6773 300227.093250000 0.0000 0.0000 280.0000
20546.1321 312562.6885 439.6698 300227.103250000 0.0000 0.0000 280.0000
20546.2105 312562.7024 439.6623 300227.113250000 0.0000 0.0000 280.0000
20546.2890 312562.7162 439.6548 300227.123250000 0.0000 0.0000 280.0000
20546.3674 312562.7300 439.6473 300227.133250000 0.0000 0.0000 280.0000
20546.4458 312562.7439 439.6398 300227.143250000 0.0000 0.0000 280.0000
20546.5243 312562.7577 439.6323 300227.153250000 0.0000 0.0000 280.0000
20546.6027 312562.7715 439.6248 300227.163250000 0.0000 0.0000 280.0000
20546.6812 312562.7853 439.6173 300227.173250000 0.0000 0.0000 280.0000
20546.7596 312562.7992 439.6098 300227.183250000 0.0000 0.0000 280.0000
20546.8380 312562.8130 439.6023 300227.193250000 0.0000 0.0000 280.0000
20546.9165 312562.8268 439.5949 300227.203250000 0.0000 0.0000 280.0000
20546.9949 312562.8407 439.5874 300227.213250000 0.0000 0.0000 280.0000
20547.0734 312562.8545 439.5799 300227.223250000 0.0000 0.0000 280.0000
20547.1518 312562.8683 439.5724 300227.233250000 0.0000 0.0000 280.0000
20547.2302 312562.8822 439.5649 300227.243250000 0.0000 0.0000 280.0000
20547.3087 312562.8960 439.5574 300227.253250000 0.0000 0.0000 280.0000
20547.3871 312562.9098 439.5499 300227.263250000 0.0000 0.0000 280.0000
20547.4655 312562.9237 439.5424 300227.273250000 0.0000 0.0000 280.0000
20547.5440 312562.9375 439.5349 300227.283250000 0.0000 0.0000 280.0000
20547.6224 312562.9513 439.5274 300227.293250000 0.0000 0.0000 280.0000
20547.7009 312562.9651 439.5199 300227.303250000 0.0000 0.0000 280.0000
20547.7793 312562.9790 439.5124 300227.313250000 0.0000 0.0000 280.0000
20547.8577 312562.9928 439.5049 300227.323250000 0.0000 0.0000 280.0000
20547.9362 312563.0066 439.4975 300227.333250000 0.0000 0.0000 280.0000
20548.0146 312563.0205 439.4900 300227.343250000 0.0000 0.0000 280.0000
20548.0931 312563.0343 439.4825 300227.353250000 0.0000 0.0000 280.0000
20548.1715 312563.0481 439.4750 300227.363250000 0.0000 0.0000 280.0000
20548.2499 312563.0620 439.4675 300227.373250000 0.0000 0.0000 280.0000
20548.3284 312563.0758 439.4600 300227.383250000 0.0000 0.0000 280.0000
20548.4068 312563.0896 439.4525 300227.393250000 0.0000 0.0000 280.0000
20548.4852 312563.1035 439.4450 300227.403250000 0.0000 0.0000 280.0000
20548.5637 312563.1173 439.4375 300227.413250000 0.0000 0.0000 280.0000
20548.6421 312563.1311 439.4300 300227.423250000 0.0000 0.0000 280.0000
20548.7206 312563.1449 439.4225 300227.433250000 0.0000 0.0000 280.0000
20548.7990 312563.1588 439.4150 300227.443250000 0.0000 0.0000 280.0000
20548.8774 312563.1726 439.4075 300227.453250000 0.0000 0.0000 280.0000
20548.9559 312563.1864 439.4001 300227.463250000 0.0000 0.0000 280.0000
20549.0343 312563.2003 439.3926 300227.473250000 0.0000 0.0000 280.0000
20549.1128 312563.2141 439.3851 300227.483250000 0.0000 0.0000 280.0000
20549.1912 312563.2279 439.3776 300227.493250000 0.0000 0.0000 280.0000
20549.2696 312563.2418 439.3701 300227.503250000 0.0000 0.0000 280.0000
20549.3481 312563.2556 439.3626 300227.513250000 0.0000 0.0000 280.0000
20549.4265 312563.2694 439.3551 300227.523250000 0.0000 0.0000 280.0000
20549.5049 312563.2833 439.3476 300227.533250000 0.0000 0.0000 280.0000
20549.5834 312563.2971 439.3401 300227.543250000 0.0000 0.0000 280.0000
20549.6618 312563.3109 439.3326 300227.553250000 0.0000 0.0000 280.0000
20549.7403 312563.3247 439.3251 300227.563250000 0.0000 0.0000 280.0000
20549.8187 312563.3386 439.3176 300227.573250000 0.0000 0.0000 280.0000
20549.8971 312563.3524 439.3101 300227.583250000 0.0000 0.0000 280.0000
20549.9756 312563.3662 439.3027 300227.593250000 0.0000 0.0000 280.0000
20550.0540 312563.3801 439.2952 300227.603250000 0.0000 0.0000 280.0000
20550.1324 312563.3939 439.2877 300227.613250000 0.0000 0.0000 280.0000
20550.2109 312563.4077 439.2802 300227.623250000 0.0000 0.0000 280.0000
20550.2893 312563.4216 439.2727 300227.633250000 0.0000 0.0000 280.0000
20550.3678 312563.4354 439.2652 300227.643250000 0.0000 0.0000 280.0000
20550.4462 312563.4492 439.2577 300227.653250000 0.0000 0.0000 280.0000
20550.5246 312563.4631 439.2502 300227.663250000 0.0000 0.0000 280.0000
20550.6031 312563.4769 439.2427 300227.673250000 0.0000 0.0000 280.0000
20550.6815 312563.4907 439.2352 300227.683250000 0.0000 0.0000 280.0000
20550.7600 312563.5046 439.2277 300227.693250000 0.0000 0.0000 280.0000
20550.8384 312563.5184 439.2202 300227.703250000 0.0000 0.0000 280.0000
20550.9168 312563.5322 439.2128 300227.713250000 0.0000 0.0000 280.0000
20550.9953 312563.5460 439.2053 300227.723250000 0.0000 0.0000 280.0000
20551.0737 312563.5599 439.1978 300227.733250000 0.0000 0.0000 280.0000
20551.1521 312563.5737 439.1903 300227.743250000 0.0000 0.0000 280.0000
20551.2306 312563.5875 439.1828 300227.753250000 0.0000 0.0000 280.0000
20551.3090 312563.6014 439.1753 300227.763250000 0.0000 0.0000 280.0000
20551.3875 312563.6152 439.1678 300227.773250000 0.0000 0.0000 280.0000
20551.4659 312563.6290 439.1603 300227.783250000 0.0000 0.0000 280.0000
20551.5443 312563.6429 439.1528 300227.793250000 0.0000 0.0000 280.0000
20551.6228 312563.6567 439.1453 300227.803250000 0.0000 0.0000 280.0000
20551.7012 312563.6705 439.1378 300227.813250000 0.0000 0.0000 280.0000
20551.7797 312563.6844 439.1303 300227.823250000 0.0000 0.0000 280.0000
20551.8581 312563.6982 439.1228 300227.833250000 0.0000 0.0000 280.0000
20551.9365 312563.7120 439.1154 300227.843250000 0.0000 0.0000 280.0000
20552.0150 312563.7258 439.1079 300227.853250000 0.0000 0.0000 280.0000
20552.0934 312563.7397 439.1004 300227.863250000 0.0000 0.0000 280.0000
20552.1718 312563.7535 439.0929 300227.873250000 0.0000 0.0000 280.0000
20552.2503 312563.7673 439.0854 300227.883250000 0.0000 0.0000 280.0000
20552.3287 312563.7812 439.0779 300227.893250000 0.0000 0.0000 280.0000
20552.4072 312563.7950 439.0704 300227.903250000 0.0000 0.0000 280.0000
20552.4856 312563.8088 439.0629 300227.913250000 0.0000 0.0000 280.0000
20552.5640 312563.8227 439.0554 300227.923250000 0.0000 0.0000 280.0000
20552.6425 312563.8365 439.0479 300227.933250000 0.0000 0.0000 280.0000
20552.7209 312563.8503 439.0404 300227.943250000 0.0000 0.0000 280.0000
20552.7994 312563.8642 439.0329 300227.953250000 0.0000 0.0000 280.0000
20552.8778 312563.8780 439.0254 300227.963250000 0.0000 0.0000 280.0000
20552.9562 312563.8918 439.0180 300227.973250000 0.0000 0.0000 280.0000
20553.0347 312563.9056 439.0105 300227.983250000 0.0000 0.0000 280.0000
20553.1131 312563.9195 439.0030 300227.993250000 0.0000 0.0000 280.0000
20553.1915 312563.9333 438.9955 300228.003250000 0.0000 0.0000 280.0000
20553.2700 312563.9471 438.9880 300228.013250000 0.0000 0.0000 280.0000
20553.3484 312563.9610 438.9805 300228.023250000 0.0000 0.0000 280.0000
20553.4269 312563.9748 438.9730 300228.033250000 0.0000 0.0000 280.0000
20553.5053 312563.9886 438.9655 300228.043250000 0.0000 0.0000 280.0000
20553.5837 312564.0025 438.9580 300228.053250000 0.0000 0.0000 280.0000
20553.6622 312564.0163 438.9505 300228.063250000 0.0000 0.0000 280.0000
20553.7406 312564.0301 438.9430 300228.073250000 0.0000 0.0000 280.0000
20553.8191 312564.0440 438.9355 300228.083250000 0.0000 0.0000 280.0000
20553.8975 312564.0578 438.9280 300228.093250000 0.0000 0.0000 280.0000
20553.9759 312564.0716 438.9206 300228.103250000 0.0000 0.0000 280.0000
20554.0544 312564.0854 438.9131 300228.113250000 0.0000 0.0000 280.0000
20554.1328 312564.0993 438.9056 300228.123250000 0.0000 0.0000 280.0000
20554.2112 312564.1131 438.8981 300228.133250000 0.0000 0.0000 280.0000
