20393.4882 312611.9303 450.5260 300256.382065000 -0.0000 0.0000 100.0000
20393.4144 312611.9173 450.4978 300256.392065000 -0.0000 0.0000 100.0000
20393.3407 312611.9043 450.4697 300256.402065000 -0.0000 0.0000 100.0000
20393.2669 312611.8913 450.4415 300256.412065000 -0.0000 0.0000 100.0000
20393.1932 312611.8783 450.4133 300256.422065000 -0.0000 0.0000 100.0000
20393.1195 312611.8653 450.3852 300256.432065000 -0.0000 0.0000 100.0000
20393.0457 312611.8523 450.3570 300256.442065000 -0.0000 0.0000 100.0000
20392.9720 312611.8393 450.3288 300256.452065000 -0.0000 0.0000 100.0000
20392.8982 312611.8263 450.3007 300256.462065000 -0.0000 0.0000 100.0000
20392.8245 312611.8133 450.2725 300256.472065000 -0.0000 0.0000 100.0000
20392.7508 312611.8003 450.2443 300256.482065000 -0.0000 0.0000 100.0000
20392.6770 312611.7873 450.2161 300256.492065000 -0.0000 0.0000 100.0000
20392.6033 312611.7743 450.1880 300256.502065000 -0.0000 0.0000 100.0000
20392.5296 312611.7613 450.1598 300256.512065000 -0.0000 0.0000 100.0000
20392.4558 312611.7483 450.1316 300256.522065000 -0.0000 0.0000 100.0000
20392.3821 312611.7353 450.1035 300256.532065000 -0.0000 0.0000 100.0000
20392.3083 312611.7222 450.0753 300256.542065000 -0.0000 0.0000 100.0000
20392.2346 312611.7092 450.0471 300256.552065000 -0.0000 0.0000 100.0000
20392.1609 312611.6962 450.0190 300256.562065000 -0.0000 0.0000 100.0000
20392.0871 312611.6832 449.9908 300256.572065000 -0.0000 0.0000 100.0000
20392.0134 312611.6702 449.9626 300256.582065000 -0.0000 0.0000 100.0000
20391.9396 312611.6572 449.9345 300256.592065000 -0.0000 0.0000 100.0000
20391.8659 312611.6442 449.9063 300256.602065000 -0.0000 0.0000 100.0000
20391.7922 312611.6312 449.8781 300256.612065000 -0.0000 0.0000 100.0000
20391.7184 312611.6182 449.8500 300256.622065000 -0.0000 0.0000 100.0000
20391.6447 312611.6052 449.8218 300256.632065000 -0.0000 0.0000 100.0000
20391.5709 312611.5922 449.7936 300256.642065000 -0.0000 0.0000 100.0000
20391.4972 312611.5792 449.7655 300256.652065000 -0.0000 0.0000 100.0000
20391.4235 312611.5662 449.7373 300256.662065000 -0.0000 0.0000 100.0000
20391.3497 312611.5532 449.7091 300256.672065000 -0.0000 0.0000 100.0000
20391.2760 312611.5402 449.6809 300256.682065000 -0.0000 0.0000 100.0000
20391.2022 312611.5272 449.6528 300256.692065000 -0.0000 0.0000 100.0000
20391.1285 312611.5142 449.6246 300256.702065000 -0.0000 0.0000 100.0000
20391.0548 312611.5012 449.5964 300256.712065000 -0.0000 0.0000 100.0000
20390.9810 312611.4882 449.5683 300256.722065000 -0.0000 0.0000 100.0000
20390.9073 312611.4752 449.5401 300256.732065000 -0.0000 0.0000 100.0000
20390.8336 312611.4622 449.5119 300256.742065000 -0.0000 0.0000 100.0000
20390.7598 312611.4492 449.4838 300256.752065000 -0.0000 0.0000 100.0000
20390.6861 312611.4362 449.4556 300256.762065000 -0.0000 0.0000 100.0000
20390.6123 312611.4232 449.4274 300256.772065000 -0.0000 0.0000 100.0000
20390.5386 312611.4102 449.3993 300256.782065000 -0.0000 0.0000 100.0000
20390.4649 312611.3972 449.3711 300256.792065000 -0.0000 0.0000 100.0000
20390.3911 312611.3842 449.3429 300256.802065000 -0.0000 0.0000 100.0000
20390.3174 312611.3712 449.3148 300256.812065000 -0.0000 0.0000 100.0000
20390.2436 312611.3582 449.2866 300256.822065000 -0.0000 0.0000 100.0000
20390.1699 312611.3452 449.2584 300256.832065000 -0.0000 0.0000 100.0000
20390.0962 312611.3322 449.2302 300256.842065000 -0.0000 0.0000 100.0000
20390.0224 312611.3192 449.2021 300256.852065000 -0.0000 0.0000 100.0000
20389.9487 312611.3062 449.1739 300256.862065000 -0.0000 0.0000 100.0000
20389.8749 312611.2932 449.1457 300256.872065000 -0.0000 0.0000 100.0000
20389.8012 312611.2802 449.1176 300256.882065000 -0.0000 0.0000 100.0000
20389.7275 312611.2672 449.0894 300256.892065000 -0.0000 0.0000 100.0000
20389.6537 312611.2542 449.0612 300256.902065000 -0.0000 0.0000 100.0000
20389.5800 312611.2412 449.0331 300256.912065000 -0.0000 0.0000 100.0000
20389.5062 312611.2282 449.0049 300256.922065000 -0.0000 0.0000 100.0000
20389.4325 312611.2152 448.9767 300256.932065000 -0.0000 0.0000 100.0000
20389.3588 312611.2022 448.9486 300256.942065000 -0.0000 0.0000 100.0000
20389.2850 312611.1892 448.9204 300256.952065000 -0.0000 0.0000 100.0000
20389.2113 312611.1762 448.8922 300256.962065000 -0.0000 0.0000 100.0000
20389.1375 312611.1632 448.8641 300256.972065000 -0.0000 0.0000 100.0000
20389.0638 312611.1502 448.8359 300256.982065000 -0.0000 0.0000 100.0000
20388.9901 312611.1372 448.8077 300256.992065000 -0.0000 0.0000 100.0000
20388.9163 312611.1241 448.7795 300257.002065000 -0.0000 0.0000 100.0000
20388.8426 312611.1111 448.7514 300257.012065000 -0.0000 0.0000 100.0000
20388.7689 312611.0981 448.7232 300257.022065000 -0.0000 0.0000 100.0000
20388.6951 312611.0851 448.6950 300257.032065000 -0.0000 0.0000 100.0000
20388.6214 312611.0721 448.6669 300257.042065000 -0.0000 0.0000 100.0000
20388.5476 312611.0591 448.6387 300257.052065000 -0.0000 0.0000 100.0000
20388.4739 312611.0461 448.6105 300257.062065000 -0.0000 0.0000 100.0000
20388.4002 312611.0331 448.5824 300257.072065000 -0.0000 0.0000 100.0000
20388.3264 312611.0201 448.5542 300257.082065000 -0.0000 0.0000 100.0000
20388.2527 312611.0071 448.5260 300257.092065000 -0.0000 0.0000 100.0000
20388.1789 312610.9941 448.4979 300257.102065000 -0.0000 0.0000 100.0000
20388.1052 312610.9811 448.4697 300257.112065000 -0.0000 0.0000 100.0000
20388.0315 312610.9681 448.4415 300257.122065000 -0.0000 0.0000 100.0000
20387.9577 312610.9551 448.4134 300257.132065000 -0.0000 0.0000 100.0000
20387.8840 312610.9421 448.3852 300257.142065000 -0.0000 0.0000 100.0000
20387.8102 312610.9291 448.3570 300257.152065000 -0.0000 0.0000 100.0000
20387.7365 312610.9161 448.3288 300257.162065000 -0.0000 0.0000 100.0000
20387.6628 312610.9031 448.3007 300257.172065000 -0.0000 0.0000 100.0000
20387.5890 312610.8901 448.2725 300257.182065000 -0.0000 0.0000 100.0000
20387.5153 312610.8771 448.2443 300257.192065000 -0.0000 0.0000 100.0000
20387.4415 312610.8641 448.2162 300257.202065000 -0.0000 0.0000 100.0000
20387.3678 312610.8511 448.1880 300257.212065000 -0.0000 0.0000 100.0000
20387.2941 312610.8381 448.1598 300257.222065000 -0.0000 0.0000 100.0000
20387.2203 312610.8251 448.1317 300257.232065000 -0.0000 0.0000 100.0000
20387.1466 312610.8121 448.1035 300257.242065000 -0.0000 0.0000 100.0000
20387.0729 312610.7991 448.0753 300257.252065000 -0.0000 0.0000 100.0000
20386.9991 312610.7861 448.0472 300257.262065000 -0.0000 0.0000 100.0000
20386.9254 312610.7731 448.0190 300257.272065000 -0.0000 0.0000 100.0000
20386.8516 312610.7601 447.9908 300257.282065000 -0.0000 0.0000 100.0000
20386.7779 312610.7471 447.9627 300257.292065000 -0.0000 0.0000 100.0000
20386.7042 312610.7341 447.9345 300257.302065000 -0.0000 0.0000 100.0000
20386.6304 312610.7211 447.9063 300257.312065000 -0.0000 0.0000 100.0000
20386.5567 312610.7081 447.8782 300257.322065000 -0.0000 0.0000 100.0000
20386.4829 312610.6951 447.8500 300257.332065000 -0.0000 0.0000 100.0000
20386.4092 312610.6821 447.8218 300257.342065000 -0.0000 0.0000 100.0000
20386.3355 312610.6691 447.7936 300257.352065000 -0.0000 0.0000 100.0000
20386.2617 312610.6561 447.7655 300257.362065000 -0.0000 0.0000 100.0000
20386.1880 312610.6431 447.7373 300257.372065000 -0.0000 0.0000 100.0000
20386.1142 312610.6301 447.7091 300257.382065000 -0.0000 0.0000 100.0000
20386.0405 312610.6171 447.6810 300257.392065000 -0.0000 0.0000 100.0000
20385.9668 312610.6041 447.6528 300257.402065000 -0.0000 0.0000 100.0000
20385.8930 312610.5911 447.6246 300257.412065000 -0.0000 0.0000 100.0000
20385.8193 312610.5781 447.5965 300257.422065000 -0.0000 0.0000 100.0000
20385.7455 312610.5651 447.5683 300257.432065000 -0.0000 0.0000 100.0000
20385.6718 312610.5521 447.5401 300257.442065000 -0.0000 0.0000 100.0000
20385.5981 312610.5390 447.5120 300257.452065000 -0.0000 0.0000 100.0000
20385.5243 312610.5260 447.4838 300257.462065000 -0.0000 0.0000 100.0000
20385.4506 312610.5130 447.4556 300257.472065000 -0.0000 0.0000 100.0000
20385.3768 312610.5000 447.4275 300257.482065000 -0.0000 0.0000 100.0000
20385.3031 312610.4870 447.3993 300257.492065000 -0.0000 0.0000 100.0000
20385.2294 312610.4740 447.3711 300257.502065000 -0.0000 0.0000 100.0000
20385.1556 312610.4610 447.3429 300257.512065000 -0.0000 0.0000 100.0000
20385.0819 312610.4480 447.3148 300257.522065000 -0.0000 0.0000 100.0000
20385.0082 312610.4350 447.2866 300257.532065000 -0.0000 0.0000 100.0000
20384.9344 312610.4220 447.2584 300257.542065000 -0.0000 0.0000 100.0000
20384.8607 312610.4090 447.2303 300257.552065000 -0.0000 0.0000 100.0000
20384.7869 312610.3960 447.2021 300257.562065000 -0.0000 0.0000 100.0000
20384.7132 312610.3830 447.1739 300257.572065000 -0.0000 0.0000 100.0000
20384.6395 312610.3700 447.1458 300257.582065000 -0.0000 0.0000 100.0000
20384.5657 312610.3570 447.1176 300257.592065000 -0.0000 0.0000 100.0000
20384.4920 312610.3440 447.0894 300257.602065000 -0.0000 0.0000 100.0000
20384.4182 312610.3310 447.0613 300257.612065000 -0.0000 0.0000 100.0000
20384.3445 312610.3180 447.0331 300257.622065000 -0.0000 0.0000 100.0000
20384.2708 312610.3050 447.0049 300257.632065000 -0.0000 0.0000 100.0000
20384.1970 312610.2920 446.9768 300257.642065000 -0.0000 0.0000 100.0000
20384.1233 312610.2790 446.9486 300257.652065000 -0.0000 0.0000 100.0000
20384.0495 312610.2660 446.9204 300257.662065000 -0.0000 0.0000 100.0000
20383.9758 312610.2530 446.8922 300257.672065000 -0.0000 0.0000 100.0000
20383.9021 312610.2400 446.8641 300257.682065000 -0.0000 0.0000 100.0000
20383.8283 312610.2270 446.8359 300257.692065000 -0.0000 0.0000 100.0000
20383.7546 312610.2140 446.8077 300257.702065000 -0.0000 0.0000 100.0000
20383.6808 312610.2010 446.7796 300257.712065000 -0.0000 0.0000 100.0000
20383.6071 312610.1880 446.7514 300257.722065000 -0.0000 0.0000 100.0000
20383.5334 312610.1750 446.7232 300257.732065000 -0.0000 0.0000 100.0000
20383.4596 312610.1620 446.6951 300257.742065000 -0.0000 0.0000 100.0000
20383.3859 312610.1490 446.6669 300257.752065000 -0.0000 0.0000 100.0000
20383.3122 312610.1360 446.6387 300257.762065000 -0.0000 0.0000 100.0000
20383.2384 312610.1230 446.6106 300257.772065000 -0.0000 0.0000 100.0000
20383.1647 312610.1100 446.5824 300257.782065000 -0.0000 0.0000 100.0000
20383.0909 312610.0970 446.5542 300257.792065000 -0.0000 0.0000 100.0000
20383.0172 312610.0840 446.5261 300257.802065000 -0.0000 0.0000 100.0000
20382.9435 312610.0710 446.4979 300257.812065000 -0.0000 0.0000 100.0000
20382.8697 312610.0580 446.4697 300257.822065000 -0.0000 0.0000 100.0000
20382.7960 312610.0450 446.4416 300257.832065000 -0.0000 0.0000 100.0000
20382.7222 312610.0320 446.4134 300257.842065000 -0.0000 0.0000 100.0000
20382.6485 312610.0190 446.3852 300257.852065000 -0.0000 0.0000 100.0000
20382.5748 312610.0060 446.3570 300257.862065000 -0.0000 0.0000 100.0000
20382.5010 312609.9930 446.3289 300257.872065000 -0.0000 0.0000 100.0000
20382.4273 312609.9800 446.3007 300257.882065000 -0.0000 0.0000 100.0000
20382.3535 312609.9670 446.2725 300257.892065000 -0.0000 0.0000 100.0000
20382.2798 312609.9539 446.2444 300257.902065000 -0.0000 0.0000 100.0000
20382.2061 312609.9409 446.2162 300257.912065000 -0.0000 0.0000 100.0000
20382.1323 312609.9279 446.1880 300257.922065000 -0.0000 0.0000 100.0000
20382.0586 312609.9149 446.1599 300257.932065000 -0.0000 0.0000 100.0000
20381.9848 312609.9019 446.1317 300257.942065000 -0.0000 0.0000 100.0000
20381.9111 312609.8889 446.1035 300257.952065000 -0.0000 0.0000 100.0000
20381.8374 312609.8759 446.0754 300257.962065000 -0.0000 0.0000 100.0000
20381.7636 312609.8629 446.0472 300257.972065000 -0.0000 0.0000 100.0000
20381.6899 312609.8499 446.0190 300257.982065000 -0.0000 0.0000 100.0000
20381.6162 312609.8369 445.9909 300257.992065000 -0.0000 0.0000 100.0000
20381.5424 312609.8239 445.9627 300258.002065000 -0.0000 0.0000 100.0000
20381.4687 312609.8109 445.9345 300258.012065000 -0.0000 0.0000 100.0000
20381.3949 312609.7979 445.9063 300258.022065000 -0.0000 0.0000 100.0000
20381.3212 312609.7849 445.8782 300258.032065000 -0.0000 0.0000 100.0000
20381.2475 312609.7719 445.8500 300258.042065000 -0.0000 0.0000 100.0000
20381.1737 312609.7589 445.8218 300258.052065000 -0.0000 0.0000 100.0000
20381.1000 312609.7459 445.7937 300258.062065000 -0.0000 0.0000 100.0000
20381.0262 312609.7329 445.7655 300258.072065000 -0.0000 0.0000 100.0000
20380.9525 312609.7199 445.7373 300258.082065000 -0.0000 0.0000 100.0000
20380.8788 312609.7069 445.7092 300258.092065000 -0.0000 0.0000 100.0000
20380.8050 312609.6939 445.6810 300258.102065000 -0.0000 0.0000 100.0000
20380.7313 312609.6809 445.6528 300258.112065000 -0.0000 0.0000 100.0000
20380.6575 312609.6679 445.6247 300258.122065000 -0.0000 0.0000 100.0000
20380.5838 312609.6549 445.5965 300258.132065000 -0.0000 0.0000 100.0000
20380.5101 312609.6419 445.5683 300258.142065000 -0.0000 0.0000 100.0000
20380.4363 312609.6289 445.5402 300258.152065000 -0.0000 0.0000 100.0000
20380.3626 312609.6159 445.5120 300258.162065000 -0.0000 0.0000 100.0000
20380.2888 312609.6029 445.4838 300258.172065000 -0.0000 0.0000 100.0000
20380.2151 312609.5899 445.4556 300258.182065000 -0.0000 0.0000 100.0000
20380.1414 312609.5769 445.4275 300258.192065000 -0.0000 0.0000 100.0000
20380.0676 312609.5639 445.3993 300258.202065000 -0.0000 0.0000 100.0000
20379.9939 312609.5509 445.3711 300258.212065000 -0.0000 0.0000 100.0000
20379.9201 312609.5379 445.3430 300258.222065000 -0.0000 0.0000 100.0000
20379.8464 312609.5249 445.3148 300258.232065000 -0.0000 0.0000 100.0000
20379.7727 312609.5119 445.2866 300258.242065000 -0.0000 0.0000 100.0000
20379.6989 312609.4989 445.2585 300258.252065000 -0.0000 0.0000 100.0000
20379.6252 312609.4859 445.2303 300258.262065000 -0.0000 0.0000 100.0000
20379.5515 312609.4729 445.2021 300258.272065000 -0.0000 0.0000 100.0000
20379.4777 312609.4599 445.1740 300258.282065000 -0.0000 0.0000 100.0000
20379.4040 312609.4469 445.1458 300258.292065000 -0.0000 0.0000 100.0000
20379.3302 312609.4339 445.1176 300258.302065000 -0.0000 0.0000 100.0000
20379.2565 312609.4209 445.0895 300258.312065000 -0.0000 0.0000 100.0000
20379.1828 312609.4079 445.0613 300258.322065000 -0.0000 0.0000 100.0000
20379.1090 312609.3949 445.0331 300258.332065000 -0.0000 0.0000 100.0000
20379.0353 312609.3819 445.0049 300258.342065000 -0.0000 0.0000 100.0000
20378.9615 312609.3688 444.9768 300258.352065000 -0.0000 0.0000 100.0000
20378.8878 312609.3558 444.9486 300258.362065000 -0.0000 0.0000 100.0000
20378.8141 312609.3428 444.9204 300258.372065000 -0.0000 0.0000 100.0000
20378.7403 312609.3298 444.8923 300258.382065000 -0.0000 0.0000 100.0000
20378.6666 312609.3168 444.8641 300258.392065000 -0.0000 0.0000 100.0000
20378.5928 312609.3038 444.8359 300258.402065000 -0.0000 0.0000 100.0000
20378.5191 312609.2908 444.8078 300258.412065000 -0.0000 0.0000 100.0000
20378.4454 312609.2778 444.7796 300258.422065000 -0.0000 0.0000 100.0000
20378.3716 312609.2648 444.7514 300258.432065000 -0.0000 0.0000 100.0000
20378.2979 312609.2518 444.7233 300258.442065000 -0.0000 0.0000 100.0000
20378.2241 312609.2388 444.6951 300258.452065000 -0.0000 0.0000 100.0000
20378.1504 312609.2258 444.6669 300258.462065000 -0.0000 0.0000 100.0000
20378.0767 312609.2128 444.6388 300258.472065000 -0.0000 0.0000 100.0000
20378.0029 312609.1998 444.6106 300258.482065000 -0.0000 0.0000 100.0000
20377.9292 312609.1868 444.5824 300258.492065000 -0.0000 0.0000 100.0000
20377.8555 312609.1738 444.5543 300258.502065000 -0.0000 0.0000 100.0000
20377.7817 312609.1608 444.5261 300258.512065000 -0.0000 0.0000 100.0000
20377.7080 312609.1478 444.4979 300258.522065000 -0.0000 0.0000 100.0000
20377.6342 312609.1348 444.4697 300258.532065000 -0.0000 0.0000 100.0000
20377.5605 312609.1218 444.4416 300258.542065000 -0.0000 0.0000 100.0000
20377.4868 312609.1088 444.4134 300258.552065000 -0.0000 0.0000 100.0000
20377.4130 312609.0958 444.3852 300258.562065000 -0.0000 0.0000 100.0000
20377.3393 312609.0828 444.3571 300258.572065000 -0.0000 0.0000 100.0000
20377.2655 312609.0698 444.3289 300258.582065000 -0.0000 0.0000 100.0000
20377.1918 312609.0568 444.3007 300258.592065000 -0.0000 0.0000 100.0000
20377.1181 312609.0438 444.2726 300258.602065000 -0.0000 0.0000 100.0000
20377.0443 312609.0308 444.2444 300258.612065000 -0.0000 0.0000 100.0000
20376.9706 312609.0178 444.2162 300258.622065000 -0.0000 0.0000 100.0000
20376.8968 312609.0048 444.1881 300258.632065000 -0.0000 0.0000 100.0000
20376.8231 312608.9918 444.1599 300258.642065000 -0.0000 0.0000 100.0000
20376.7494 312608.9788 444.1317 300258.652065000 -0.0000 0.0000 100.0000
20376.6756 312608.9658 444.1036 300258.662065000 -0.0000 0.0000 100.0000
20376.6019 312608.9528 444.0754 300258.672065000 -0.0000 0.0000 100.0000
20376.5281 312608.9398 444.0472 300258.682065000 -0.0000 0.0000 100.0000
20376.4544 312608.9268 444.0190 300258.692065000 -0.0000 0.0000 100.0000
20376.3807 312608.9138 443.9909 300258.702065000 -0.0000 0.0000 100.0000
20376.3069 312608.9008 443.9627 300258.712065000 -0.0000 0.0000 100.0000
20376.2332 312608.8878 443.9345 300258.722065000 -0.0000 0.0000 100.0000
20376.1594 312608.8748 443.9064 300258.732065000 -0.0000 0.0000 100.0000
20376.0857 312608.8618 443.8782 300258.742065000 -0.0000 0.0000 100.0000
20376.0120 312608.8488 443.8500 300258.752065000 -0.0000 0.0000 100.0000
20375.9382 312608.8358 443.8219 300258.762065000 -0.0000 0.0000 100.0000
20375.8645 312608.8228 443.7937 300258.772065000 -0.0000 0.0000 100.0000
20375.7908 312608.8098 443.7655 300258.782065000 -0.0000 0.0000 100.0000
20375.7170 312608.7968 443.7374 300258.792065000 -0.0000 0.0000 100.0000
20375.6433 312608.7838 443.7092 300258.802065000 -0.0000 0.0000 100.0000
20375.5695 312608.7707 443.6810 300258.812065000 -0.0000 0.0000 100.0000
20375.4958 312608.7577 443.6529 300258.822065000 -0.0000 0.0000 100.0000
20375.4221 312608.7447 443.6247 300258.832065000 -0.0000 0.0000 100.0000
20375.3483 312608.7317 443.5965 300258.842065000 -0.0000 0.0000 100.0000
20375.2746 312608.7187 443.5683 300258.852065000 -0.0000 0.0000 100.0000
20375.2008 312608.7057 443.5402 300258.862065000 -0.0000 0.0000 100.0000
20375.1271 312608.6927 443.5120 300258.872065000 -0.0000 0.0000 100.0000
20375.0534 312608.6797 443.4838 300258.882065000 -0.0000 0.0000 100.0000
20374.9796 312608.6667 443.4557 300258.892065000 -0.0000 0.0000 100.0000
20374.9059 312608.6537 443.4275 300258.902065000 -0.0000 0.0000 100.0000
20374.8321 312608.6407 443.3993 300258.912065000 -0.0000 0.0000 100.0000
20374.7584 312608.6277 443.3712 300258.922065000 -0.0000 0.0000 100.0000
20374.6847 312608.6147 443.3430 300258.932065000 -0.0000 0.0000 100.0000
20374.6109 312608.6017 443.3148 300258.942065000 -0.0000 0.0000 100.0000
20374.5372 312608.5887 443.2867 300258.952065000 -0.0000 0.0000 100.0000
20374.4634 312608.5757 443.2585 300258.962065000 -0.0000 0.0000 100.0000
20374.3897 312608.5627 443.2303 300258.972065000 -0.0000 0.0000 100.0000
20374.3160 312608.5497 443.2022 300258.982065000 -0.0000 0.0000 100.0000
20374.2422 312608.5367 443.1740 300258.992065000 -0.0000 0.0000 100.0000
20374.1685 312608.5237 443.1458 300259.002065000 -0.0000 0.0000 100.0000
20374.0948 312608.5107 443.1177 300259.012065000 -0.0000 0.0000 100.0000
20374.0210 312608.4977 443.0895 300259.022065000 -0.0000 0.0000 100.0000
20373.9473 312608.4847 443.0613 300259.032065000 -0.0000 0.0000 100.0000
20373.8735 312608.4717 443.0331 300259.042065000 -0.0000 0.0000 100.0000
20373.7998 312608.4587 443.0050 300259.052065000 -0.0000 0.0000 100.0000
20373.7261 312608.4457 442.9768 300259.062065000 -0.0000 0.0000 100.0000
20373.6523 312608.4327 442.9486 300259.072065000 -0.0000 0.0000 100.0000
20373.5786 312608.4197 442.9205 300259.082065000 -0.0000 0.0000 100.0000
20373.5048 312608.4067 442.8923 300259.092065000 -0.0000 0.0000 100.0000
20373.4311 312608.3937 442.8641 300259.102065000 -0.0000 0.0000 100.0000
20373.3574 312608.3807 442.8360 300259.112065000 -0.0000 0.0000 100.0000
20373.2836 312608.3677 442.8078 300259.122065000 -0.0000 0.0000 100.0000
20373.2099 312608.3547 442.7796 300259.132065000 -0.0000 0.0000 100.0000
20373.1361 312608.3417 442.7515 300259.142065000 -0.0000 0.0000 100.0000
20373.0624 312608.3287 442.7233 300259.152065000 -0.0000 0.0000 100.0000
20372.9887 312608.3157 442.6951 300259.162065000 -0.0000 0.0000 100.0000
20372.9149 312608.3027 442.6670 300259.172065000 -0.0000 0.0000 100.0000
20372.8412 312608.2897 442.6388 300259.182065000 -0.0000 0.0000 100.0000
20372.7674 312608.2767 442.6106 300259.192065000 -0.0000 0.0000 100.0000
20372.6937 312608.2637 442.5824 300259.202065000 -0.0000 0.0000 100.0000
20372.6200 312608.2507 442.5543 300259.212065000 -0.0000 0.0000 100.0000
20372.5462 312608.2377 442.5261 300259.222065000 -0.0000 0.0000 100.0000
20372.4725 312608.2247 442.4979 300259.232065000 -0.0000 0.0000 100.0000
20372.3987 312608.2117 442.4698 300259.242065000 -0.0000 0.0000 100.0000
20372.3250 312608.1987 442.4416 300259.252065000 -0.0000 0.0000 100.0000
20372.2513 312608.1856 442.4134 300259.262065000 -0.0000 0.0000 100.0000
20372.1775 312608.1726 442.3853 300259.272065000 -0.0000 0.0000 100.0000
20372.1038 312608.1596 442.3571 300259.282065000 -0.0000 0.0000 100.0000
20372.0301 312608.1466 442.3289 300259.292065000 -0.0000 0.0000 100.0000
20371.9563 312608.1336 442.3008 300259.302065000 -0.0000 0.0000 100.0000
20371.8826 312608.1206 442.2726 300259.312065000 -0.0000 0.0000 100.0000
20371.8088 312608.1076 442.2444 300259.322065000 -0.0000 0.0000 100.0000
20371.7351 312608.0946 442.2163 300259.332065000 -0.0000 0.0000 100.0000
20371.6614 312608.0816 442.1881 300259.342065000 -0.0000 0.0000 100.0000
20371.5876 312608.0686 442.1599 300259.352065000 -0.0000 0.0000 100.0000
20371.5139 312608.0556 442.1317 300259.362065000 -0.0000 0.0000 100.0000
20371.4401 312608.0426 442.1036 300259.372065000 -0.0000 0.0000 100.0000
20371.3664 312608.0296 442.0754 300259.382065000 -0.0000 0.0000 100.0000
20371.2927 312608.0166 442.0472 300259.392065000 -0.0000 0.0000 100.0000
20371.2189 312608.0036 442.0191 300259.402065000 -0.0000 0.0000 100.0000
20371.1452 312607.9906 441.9909 300259.412065000 -0.0000 0.0000 100.0000
20371.0714 312607.9776 441.9627 300259.422065000 -0.0000 0.0000 100.0000
20370.9977 312607.9646 441.9346 300259.432065000 -0.0000 0.0000 100.0000
20370.9240 312607.9516 441.9064 300259.442065000 -0.0000 0.0000 100.0000
20370.8502 312607.9386 441.8782 300259.452065000 -0.0000 0.0000 100.0000
20370.7765 312607.9256 441.8501 300259.462065000 -0.0000 0.0000 100.0000
20370.7027 312607.9126 441.8219 300259.472065000 -0.0000 0.0000 100.0000
20370.6290 312607.8996 441.7937 300259.482065000 -0.0000 0.0000 100.0000
20370.5553 312607.8866 441.7656 300259.492065000 -0.0000 0.0000 100.0000
20370.4815 312607.8736 441.7374 300259.502065000 -0.0000 0.0000 100.0000
20370.4078 312607.8606 441.7092 300259.512065000 -0.0000 0.0000 100.0000
20370.3341 312607.8476 441.6811 300259.522065000 -0.0000 0.0000 100.0000
20370.2603 312607.8346 441.6529 300259.532065000 -0.0000 0.0000 100.0000
20370.1866 312607.8216 441.6247 300259.542065000 -0.0000 0.0000 100.0000
20370.1128 312607.8086 441.5965 300259.552065000 -0.0000 0.0000 100.0000
20370.0391 312607.7956 441.5684 300259.562065000 -0.0000 0.0000 100.0000
20369.9654 312607.7826 441.5402 300259.572065000 -0.0000 0.0000 100.0000
20369.8916 312607.7696 441.5120 300259.582065000 -0.0000 0.0000 100.0000
20369.8179 312607.7566 441.4839 300259.592065000 -0.0000 0.0000 100.0000
20369.7441 312607.7436 441.4557 300259.602065000 -0.0000 0.0000 100.0000
20369.6704 312607.7306 441.4275 300259.612065000 -0.0000 0.0000 100.0000
20369.5967 312607.7176 441.3994 300259.622065000 -0.0000 0.0000 100.0000
20369.5229 312607.7046 441.3712 300259.632065000 -0.0000 0.0000 100.0000
20369.4492 312607.6916 441.3430 300259.642065000 -0.0000 0.0000 100.0000
20369.3754 312607.6786 441.3149 300259.652065000 -0.0000 0.0000 100.0000
20369.3017 312607.6656 441.2867 300259.662065000 -0.0000 0.0000 100.0000
20369.2280 312607.6526 441.2585 300259.672065000 -0.0000 0.0000 100.0000
20369.1542 312607.6396 441.2304 300259.682065000 -0.0000 0.0000 100.0000
20369.0805 312607.6266 441.2022 300259.692065000 -0.0000 0.0000 100.0000
20369.0067 312607.6136 441.1740 300259.702065000 -0.0000 0.0000 100.0000
20368.9330 312607.6005 441.1458 300259.712065000 -0.0000 0.0000 100.0000
20368.8593 312607.5875 441.1177 300259.722065000 -0.0000 0.0000 100.0000
20368.7855 312607.5745 441.0895 300259.732065000 -0.0000 0.0000 100.0000
20368.7118 312607.5615 441.0613 300259.742065000 -0.0000 0.0000 100.0000
20368.6381 312607.5485 441.0332 300259.752065000 -0.0000 0.0000 100.0000
20368.5643 312607.5355 441.0050 300259.762065000 -0.0000 0.0000 100.0000
20368.4906 312607.5225 440.9768 300259.772065000 -0.0000 0.0000 100.0000
20368.4168 312607.5095 440.9487 300259.782065000 -0.0000 0.0000 100.0000
20368.3431 312607.4965 440.9205 300259.792065000 -0.0000 0.0000 100.0000
20368.2694 312607.4835 440.8923 300259.802065000 -0.0000 0.0000 100.0000
20368.1956 312607.4705 440.8642 300259.812065000 -0.0000 0.0000 100.0000
20368.1219 312607.4575 440.8360 300259.822065000 -0.0000 0.0000 100.0000
20368.0481 312607.4445 440.8078 300259.832065000 -0.0000 0.0000 100.0000
20367.9744 312607.4315 440.7797 300259.842065000 -0.0000 0.0000 100.0000
20367.9007 312607.4185 440.7515 300259.852065000 -0.0000 0.0000 100.0000
20367.8269 312607.4055 440.7233 300259.862065000 -0.0000 0.0000 100.0000
20367.7532 312607.3925 440.6951 300259.872065000 -0.0000 0.0000 100.0000
20367.6794 312607.3795 440.6670 300259.882065000 -0.0000 0.0000 100.0000
20367.6057 312607.3665 440.6388 300259.892065000 -0.0000 0.0000 100.0000
20367.5320 312607.3535 440.6106 300259.902065000 -0.0000 0.0000 100.0000
20367.4582 312607.3405 440.5825 300259.912065000 -0.0000 0.0000 100.0000
20367.3845 312607.3275 440.5543 300259.922065000 -0.0000 0.0000 100.0000
20367.3107 312607.3145 440.5261 300259.932065000 -0.0000 0.0000 100.0000
20367.2370 312607.3015 440.4980 300259.942065000 -0.0000 0.0000 100.0000
20367.1633 312607.2885 440.4698 300259.952065000 -0.0000 0.0000 100.0000
20367.0895 312607.2755 440.4416 300259.962065000 -0.0000 0.0000 100.0000
20367.0158 312607.2625 440.4135 300259.972065000 -0.0000 0.0000 100.0000
20366.9420 312607.2495 440.3853 300259.982065000 -0.0000 0.0000 100.0000
20366.8683 312607.2365 440.3571 300259.992065000 -0.0000 0.0000 100.0000
20366.7946 312607.2235 440.3290 300260.002065000 -0.0000 0.0000 100.0000
20366.7208 312607.2105 440.3008 300260.012065000 -0.0000 0.0000 100.0000
20366.6471 312607.1975 440.2726 300260.022065000 -0.0000 0.0000 100.0000
20366.5734 312607.1845 440.2444 300260.032065000 -0.0000 0.0000 100.0000
20366.4996 312607.1715 440.2163 300260.042065000 -0.0000 0.0000 100.0000
20366.4259 312607.1585 440.1881 300260.052065000 -0.0000 0.0000 100.0000
20366.3521 312607.1455 440.1599 300260.062065000 -0.0000 0.0000 100.0000
20366.2784 312607.1325 440.1318 300260.072065000 -0.0000 0.0000 100.0000
20366.2047 312607.1195 440.1036 300260.082065000 -0.0000 0.0000 100.0000
20366.1309 312607.1065 440.0754 300260.092065000 -0.0000 0.0000 100.0000
20366.0572 312607.0935 440.0473 300260.102065000 -0.0000 0.0000 100.0000
20365.9834 312607.0805 440.0191 300260.112065000 -0.0000 0.0000 100.0000
20365.9097 312607.0675 439.9909 300260.122065000 -0.0000 0.0000 100.0000
20365.8360 312607.0545 439.9628 300260.132065000 -0.0000 0.0000 100.0000
20365.7622 312607.0415 439.9346 300260.142065000 -0.0000 0.0000 100.0000
20365.6885 312607.0285 439.9064 300260.152065000 -0.0000 0.0000 100.0000
20365.6147 312607.0154 439.8783 300260.162065000 -0.0000 0.0000 100.0000
20365.5410 312607.0024 439.8501 300260.172065000 -0.0000 0.0000 100.0000
20365.4673 312606.9894 439.8219 300260.182065000 -0.0000 0.0000 100.0000
20365.3935 312606.9764 439.7938 300260.192065000 -0.0000 0.0000 100.0000
20365.3198 312606.9634 439.7656 300260.202065000 -0.0000 0.0000 100.0000
20365.2460 312606.9504 439.7374 300260.212065000 -0.0000 0.0000 100.0000
20365.1723 312606.9374 439.7092 300260.222065000 -0.0000 0.0000 100.0000
20365.0986 312606.9244 439.6811 300260.232065000 -0.0000 0.0000 100.0000
20365.0248 312606.9114 439.6529 300260.242065000 -0.0000 0.0000 100.0000
20364.9511 312606.8984 439.6247 300260.252065000 -0.0000 0.0000 100.0000
20364.8774 312606.8854 439.5966 300260.262065000 -0.0000 0.0000 100.0000
20364.8036 312606.8724 439.5684 300260.272065000 -0.0000 0.0000 100.0000
20364.7299 312606.8594 439.5402 300260.282065000 -0.0000 0.0000 100.0000
20364.6561 312606.8464 439.5121 300260.292065000 -0.0000 0.0000 100.0000
20364.5824 312606.8334 439.4839 300260.302065000 -0.0000 0.0000 100.0000
20364.5087 312606.8204 439.4557 300260.312065000 -0.0000 0.0000 100.0000
20364.4349 312606.8074 439.4276 300260.322065000 -0.0000 0.0000 100.0000
20364.3612 312606.7944 439.3994 300260.332065000 -0.0000 0.0000 100.0000
20364.2874 312606.7814 439.3712 300260.342065000 -0.0000 0.0000 100.0000
20364.2137 312606.7684 439.3431 300260.352065000 -0.0000 0.0000 100.0000
20364.1400 312606.7554 439.3149 300260.362065000 -0.0000 0.0000 100.0000
20364.0662 312606.7424 439.2867 300260.372065000 -0.0000 0.0000 100.0000
20363.9925 312606.7294 439.2585 300260.382065000 -0.0000 0.0000 100.0000
20363.9187 312606.7164 439.2304 300260.392065000 -0.0000 0.0000 100.0000
20363.8450 312606.7034 439.2022 300260.402065000 -0.0000 0.0000 100.0000
20363.7713 312606.6904 439.1740 300260.412065000 -0.0000 0.0000 100.0000
20363.6975 312606.6774 439.1459 300260.422065000 -0.0000 0.0000 100.0000
20363.6238 312606.6644 439.1177 300260.432065000 -0.0000 0.0000 100.0000
20363.5500 312606.6514 439.0895 300260.442065000 -0.0000 0.0000 100.0000
20363.4763 312606.6384 439.0614 300260.452065000 -0.0000 0.0000 100.0000
20363.4026 312606.6254 439.0332 300260.462065000 -0.0000 0.0000 100.0000
20363.3288 312606.6124 439.0050 300260.472065000 -0.0000 0.0000 100.0000
20363.2551 312606.5994 438.9769 300260.482065000 -0.0000 0.0000 100.0000
20363.1813 312606.5864 438.9487 300260.492065000 -0.0000 0.0000 100.0000
20363.1076 312606.5734 438.9205 300260.502065000 -0.0000 0.0000 100.0000
20363.0339 312606.5604 438.8924 300260.512065000 -0.0000 0.0000 100.0000
20362.9601 312606.5474 438.8642 300260.522065000 -0.0000 0.0000 100.0000
20362.8864 312606.5344 438.8360 300260.532065000 -0.0000 0.0000 100.0000
20362.8127 312606.5214 438.8078 300260.542065000 -0.0000 0.0000 100.0000
20362.7389 312606.5084 438.7797 300260.552065000 -0.0000 0.0000 100.0000
20362.6652 312606.4954 438.7515 300260.562065000 -0.0000 0.0000 100.0000
20362.5914 312606.4824 438.7233 300260.572065000 -0.0000 0.0000 100.0000
20362.5177 312606.4694 438.6952 300260.582065000 -0.0000 0.0000 100.0000
20362.4440 312606.4564 438.6670 300260.592065000 -0.0000 0.0000 100.0000
20362.3702 312606.4434 438.6388 300260.602065000 -0.0000 0.0000 100.0000
20362.2965 312606.4303 438.6107 300260.612065000 -0.0000 0.0000 100.0000
20362.2227 312606.4173 438.5825 300260.622065000 -0.0000 0.0000 100.0000
20362.1490 312606.4043 438.5543 300260.632065000 -0.0000 0.0000 100.0000
20362.0753 312606.3913 438.5262 300260.642065000 -0.0000 0.0000 100.0000
20362.0015 312606.3783 438.4980 300260.652065000 -0.0000 0.0000 100.0000
20361.9278 312606.3653 438.4698 300260.662065000 -0.0000 0.0000 100.0000
20361.8540 312606.3523 438.4417 300260.672065000 -0.0000 0.0000 100.0000
20361.7803 312606.3393 438.4135 300260.682065000 -0.0000 0.0000 100.0000
20361.7066 312606.3263 438.3853 300260.692065000 -0.0000 0.0000 100.0000
20361.6328 312606.3133 438.3572 300260.702065000 -0.0000 0.0000 100.0000
20361.5591 312606.3003 438.3290 300260.712065000 -0.0000 0.0000 100.0000
20361.4853 312606.2873 438.3008 300260.722065000 -0.0000 0.0000 100.0000
20361.4116 312606.2743 438.2726 300260.732065000 -0.0000 0.0000 100.0000
20361.3379 312606.2613 438.2445 300260.742065000 -0.0000 0.0000 100.0000
20361.2641 312606.2483 438.2163 300260.752065000 -0.0000 0.0000 100.0000
20361.1904 312606.2353 438.1881 300260.762065000 -0.0000 0.0000 100.0000
20361.1167 312606.2223 438.1600 300260.772065000 -0.0000 0.0000 100.0000
20361.0429 312606.2093 438.1318 300260.782065000 -0.0000 0.0000 100.0000
20360.9692 312606.1963 438.1036 300260.792065000 -0.0000 0.0000 100.0000
20360.8954 312606.1833 438.0755 300260.802065000 -0.0000 0.0000 100.0000
20360.8217 312606.1703 438.0473 300260.812065000 -0.0000 0.0000 100.0000
20360.7480 312606.1573 438.0191 300260.822065000 -0.0000 0.0000 100.0000
20360.6742 312606.1443 437.9910 300260.832065000 -0.0000 0.0000 100.0000
20360.6005 312606.1313 437.9628 300260.842065000 -0.0000 0.0000 100.0000
20360.5267 312606.1183 437.9346 300260.852065000 -0.0000 0.0000 100.0000
20360.4530 312606.1053 437.9065 300260.862065000 -0.0000 0.0000 100.0000
20360.3793 312606.0923 437.8783 300260.872065000 -0.0000 0.0000 100.0000
20360.3055 312606.0793 437.8501 300260.882065000 -0.0000 0.0000 100.0000
20360.2318 312606.0663 437.8219 300260.892065000 -0.0000 0.0000 100.0000
20360.1580 312606.0533 437.7938 300260.902065000 -0.0000 0.0000 100.0000
20360.0843 312606.0403 437.7656 300260.912065000 -0.0000 0.0000 100.0000
20360.0106 312606.0273 437.7374 300260.922065000 -0.0000 0.0000 100.0000
20359.9368 312606.0143 437.7093 300260.932065000 -0.0000 0.0000 100.0000
20359.8631 312606.0013 437.6811 300260.942065000 -0.0000 0.0000 100.0000
20359.7893 312605.9883 437.6529 300260.952065000 -0.0000 0.0000 100.0000
20359.7156 312605.9753 437.6248 300260.962065000 -0.0000 0.0000 100.0000
20359.6419 312605.9623 437.5966 300260.972065000 -0.0000 0.0000 100.0000
20359.5681 312605.9493 437.5684 300260.982065000 -0.0000 0.0000 100.0000
20359.4944 312605.9363 437.5403 300260.992065000 -0.0000 0.0000 100.0000
20359.4206 312605.9233 437.5121 300261.002065000 -0.0000 0.0000 100.0000
20359.3469 312605.9103 437.4839 300261.012065000 -0.0000 0.0000 100.0000
20359.2732 312605.8973 437.4558 300261.022065000 -0.0000 0.0000 100.0000
20359.1994 312605.8843 437.4276 300261.032065000 -0.0000 0.0000 100.0000
20359.1257 312605.8713 437.3994 300261.042065000 -0.0000 0.0000 100.0000
20359.0520 312605.8583 437.3712 300261.052065000 -0.0000 0.0000 100.0000
20358.9782 312605.8453 437.3431 300261.062065000 -0.0000 0.0000 100.0000
20358.9045 312605.8322 437.3149 300261.072065000 -0.0000 0.0000 100.0000
20358.8307 312605.8192 437.2867 300261.082065000 -0.0000 0.0000 100.0000
20358.7570 312605.8062 437.2586 300261.092065000 -0.0000 0.0000 100.0000
20358.6833 312605.7932 437.2304 300261.102065000 -0.0000 0.0000 100.0000
20358.6095 312605.7802 437.2022 300261.112065000 -0.0000 0.0000 100.0000
20358.5358 312605.7672 437.1741 300261.122065000 -0.0000 0.0000 100.0000
20358.4620 312605.7542 437.1459 300261.132065000 -0.0000 0.0000 100.0000
20358.3883 312605.7412 437.1177 300261.142065000 -0.0000 0.0000 100.0000
20358.3146 312605.7282 437.0896 300261.152065000 -0.0000 0.0000 100.0000
20358.2408 312605.7152 437.0614 300261.162065000 -0.0000 0.0000 100.0000
20358.1671 312605.7022 437.0332 300261.172065000 -0.0000 0.0000 100.0000
20358.0933 312605.6892 437.0051 300261.182065000 -0.0000 0.0000 100.0000
20358.0196 312605.6762 436.9769 300261.192065000 -0.0000 0.0000 100.0000
20357.9459 312605.6632 436.9487 300261.202065000 -0.0000 0.0000 100.0000
20357.8721 312605.6502 436.9205 300261.212065000 -0.0000 0.0000 100.0000
20357.7984 312605.6372 436.8924 300261.222065000 -0.0000 0.0000 100.0000
20357.7246 312605.6242 436.8642 300261.232065000 -0.0000 0.0000 100.0000
20357.6509 312605.6112 436.8360 300261.242065000 -0.0000 0.0000 100.0000
20357.5772 312605.5982 436.8079 300261.252065000 -0.0000 0.0000 100.0000
20357.5034 312605.5852 436.7797 300261.262065000 -0.0000 0.0000 100.0000
20357.4297 312605.5722 436.7515 300261.272065000 -0.0000 0.0000 100.0000
20357.3560 312605.5592 436.7234 300261.282065000 -0.0000 0.0000 100.0000
20357.2822 312605.5462 436.6952 300261.292065000 -0.0000 0.0000 100.0000
20357.2085 312605.5332 436.6670 300261.302065000 -0.0000 0.0000 100.0000
20357.1347 312605.5202 436.6389 300261.312065000 -0.0000 0.0000 100.0000
20357.0610 312605.5072 436.6107 300261.322065000 -0.0000 0.0000 100.0000
20356.9873 312605.4942 436.5825 300261.332065000 -0.0000 0.0000 100.0000
20356.9135 312605.4812 436.5544 300261.342065000 -0.0000 0.0000 100.0000
20356.8398 312605.4682 436.5262 300261.352065000 -0.0000 0.0000 100.0000
20356.7660 312605.4552 436.4980 300261.362065000 -0.0000 0.0000 100.0000
20356.6923 312605.4422 436.4699 300261.372065000 -0.0000 0.0000 100.0000
20356.6186 312605.4292 436.4417 300261.382065000 -0.0000 0.0000 100.0000
20356.5448 312605.4162 436.4135 300261.392065000 -0.0000 0.0000 100.0000
20356.4711 312605.4032 436.3853 300261.402065000 -0.0000 0.0000 100.0000
20356.3973 312605.3902 436.3572 300261.412065000 -0.0000 0.0000 100.0000
20356.3236 312605.3772 436.3290 300261.422065000 -0.0000 0.0000 100.0000
20356.2499 312605.3642 436.3008 300261.432065000 -0.0000 0.0000 100.0000
20356.1761 312605.3512 436.2727 300261.442065000 -0.0000 0.0000 100.0000
20356.1024 312605.3382 436.2445 300261.452065000 -0.0000 0.0000 100.0000
20356.0286 312605.3252 436.2163 300261.462065000 -0.0000 0.0000 100.0000
20355.9549 312605.3122 436.1882 300261.472065000 -0.0000 0.0000 100.0000
20355.8812 312605.2992 436.1600 300261.482065000 -0.0000 0.0000 100.0000
20355.8074 312605.2862 436.1318 300261.492065000 -0.0000 0.0000 100.0000
20355.7337 312605.2732 436.1037 300261.502065000 -0.0000 0.0000 100.0000
20355.6600 312605.2602 436.0755 300261.512065000 -0.0000 0.0000 100.0000
20355.5862 312605.2471 436.0473 300261.522065000 -0.0000 0.0000 100.0000
20355.5125 312605.2341 436.0192 300261.532065000 -0.0000 0.0000 100.0000
20355.4387 312605.2211 435.9910 300261.542065000 -0.0000 0.0000 100.0000
20355.3650 312605.2081 435.9628 300261.552065000 -0.0000 0.0000 100.0000
20355.2913 312605.1951 435.9346 300261.562065000 -0.0000 0.0000 100.0000
20355.2175 312605.1821 435.9065 300261.572065000 -0.0000 0.0000 100.0000
20355.1438 312605.1691 435.8783 300261.582065000 -0.0000 0.0000 100.0000
20355.0700 312605.1561 435.8501 300261.592065000 -0.0000 0.0000 100.0000
20354.9963 312605.1431 435.8220 300261.602065000 -0.0000 0.0000 100.0000
20354.9226 312605.1301 435.7938 300261.612065000 -0.0000 0.0000 100.0000
20354.8488 312605.1171 435.7656 300261.622065000 -0.0000 0.0000 100.0000
20354.7751 312605.1041 435.7375 300261.632065000 -0.0000 0.0000 100.0000
20354.7013 312605.0911 435.7093 300261.642065000 -0.0000 0.0000 100.0000
20354.6276 312605.0781 435.6811 300261.652065000 -0.0000 0.0000 100.0000
20354.5539 312605.0651 435.6530 300261.662065000 -0.0000 0.0000 100.0000
20354.4801 312605.0521 435.6248 300261.672065000 -0.0000 0.0000 100.0000
20354.4064 312605.0391 435.5966 300261.682065000 -0.0000 0.0000 100.0000
20354.3326 312605.0261 435.5685 300261.692065000 -0.0000 0.0000 100.0000
20354.2589 312605.0131 435.5403 300261.702065000 -0.0000 0.0000 100.0000
20354.1852 312605.0001 435.5121 300261.712065000 -0.0000 0.0000 100.0000
20354.1114 312604.9871 435.4839 300261.722065000 -0.0000 0.0000 100.0000
20354.0377 312604.9741 435.4558 300261.732065000 -0.0000 0.0000 100.0000
20353.9639 312604.9611 435.4276 300261.742065000 -0.0000 0.0000 100.0000
20353.8902 312604.9481 435.3994 300261.752065000 -0.0000 0.0000 100.0000
20353.8165 312604.9351 435.3713 300261.762065000 -0.0000 0.0000 100.0000
20353.7427 312604.9221 435.3431 300261.772065000 -0.0000 0.0000 100.0000
20353.6690 312604.9091 435.3149 300261.782065000 -0.0000 0.0000 100.0000
20353.5953 312604.8961 435.2868 300261.792065000 -0.0000 0.0000 100.0000
20353.5215 312604.8831 435.2586 300261.802065000 -0.0000 0.0000 100.0000
20353.4478 312604.8701 435.2304 300261.812065000 -0.0000 0.0000 100.0000
20353.3740 312604.8571 435.2023 300261.822065000 -0.0000 0.0000 100.0000
20353.3003 312604.8441 435.1741 300261.832065000 -0.0000 0.0000 100.0000
20353.2266 312604.8311 435.1459 300261.842065000 -0.0000 0.0000 100.0000
20353.1528 312604.8181 435.1178 300261.852065000 -0.0000 0.0000 100.0000
20353.0791 312604.8051 435.0896 300261.862065000 -0.0000 0.0000 100.0000
20353.0053 312604.7921 435.0614 300261.872065000 -0.0000 0.0000 100.0000
20352.9316 312604.7791 435.0333 300261.882065000 -0.0000 0.0000 100.0000
20352.8579 312604.7661 435.0051 300261.892065000 -0.0000 0.0000 100.0000
20352.7841 312604.7531 434.9769 300261.902065000 -0.0000 0.0000 100.0000
20352.7104 312604.7401 434.9487 300261.912065000 -0.0000 0.0000 100.0000
20352.6366 312604.7271 434.9206 300261.922065000 -0.0000 0.0000 100.0000
20352.5629 312604.7141 434.8924 300261.932065000 -0.0000 0.0000 100.0000
20352.4892 312604.7011 434.8642 300261.942065000 -0.0000 0.0000 100.0000
20352.4154 312604.6881 434.8361 300261.952065000 -0.0000 0.0000 100.0000
20352.3417 312604.6751 434.8079 300261.962065000 -0.0000 0.0000 100.0000
20352.2679 312604.6620 434.7797 300261.972065000 -0.0000 0.0000 100.0000
20352.1942 312604.6490 434.7516 300261.982065000 -0.0000 0.0000 100.0000
20352.1205 312604.6360 434.7234 300261.992065000 -0.0000 0.0000 100.0000
20352.0467 312604.6230 434.6952 300262.002065000 -0.0000 0.0000 100.0000
20351.9730 312604.6100 434.6671 300262.012065000 -0.0000 0.0000 100.0000
20351.8993 312604.5970 434.6389 300262.022065000 -0.0000 0.0000 100.0000
20351.8255 312604.5840 434.6107 300262.032065000 -0.0000 0.0000 100.0000
20351.7518 312604.5710 434.5826 300262.042065000 -0.0000 0.0000 100.0000
20351.6780 312604.5580 434.5544 300262.052065000 -0.0000 0.0000 100.0000
20351.6043 312604.5450 434.5262 300262.062065000 -0.0000 0.0000 100.0000
20351.5306 312604.5320 434.4980 300262.072065000 -0.0000 0.0000 100.0000
20351.4568 312604.5190 434.4699 300262.082065000 -0.0000 0.0000 100.0000
20351.3831 312604.5060 434.4417 300262.092065000 -0.0000 0.0000 100.0000
20351.3093 312604.4930 434.4135 300262.102065000 -0.0000 0.0000 100.0000
20351.2356 312604.4800 434.3854 300262.112065000 -0.0000 0.0000 100.0000
20351.1619 312604.4670 434.3572 300262.122065000 -0.0000 0.0000 100.0000
20351.0881 312604.4540 434.3290 300262.132065000 -0.0000 0.0000 100.0000
20351.0144 312604.4410 434.3009 300262.142065000 -0.0000 0.0000 100.0000
20350.9406 312604.4280 434.2727 300262.152065000 -0.0000 0.0000 100.0000
20350.8669 312604.4150 434.2445 300262.162065000 -0.0000 0.0000 100.0000
20350.7932 312604.4020 434.2164 300262.172065000 -0.0000 0.0000 100.0000
20350.7194 312604.3890 434.1882 300262.182065000 -0.0000 0.0000 100.0000
20350.6457 312604.3760 434.1600 300262.192065000 -0.0000 0.0000 100.0000
20350.5719 312604.3630 434.1319 300262.202065000 -0.0000 0.0000 100.0000
20350.4982 312604.3500 434.1037 300262.212065000 -0.0000 0.0000 100.0000
20350.4245 312604.3370 434.0755 300262.222065000 -0.0000 0.0000 100.0000
20350.3507 312604.3240 434.0473 300262.232065000 -0.0000 0.0000 100.0000
20350.2770 312604.3110 434.0192 300262.242065000 -0.0000 0.0000 100.0000
20350.2032 312604.2980 433.9910 300262.252065000 -0.0000 0.0000 100.0000
20350.1295 312604.2850 433.9628 300262.262065000 -0.0000 0.0000 100.0000
20350.0558 312604.2720 433.9347 300262.272065000 -0.0000 0.0000 100.0000
20349.9820 312604.2590 433.9065 300262.282065000 -0.0000 0.0000 100.0000
20349.9083 312604.2460 433.8783 300262.292065000 -0.0000 0.0000 100.0000
20349.8346 312604.2330 433.8502 300262.302065000 -0.0000 0.0000 100.0000
20349.7608 312604.2200 433.8220 300262.312065000 -0.0000 0.0000 100.0000
20349.6871 312604.2070 433.7938 300262.322065000 -0.0000 0.0000 100.0000
20349.6133 312604.1940 433.7657 300262.332065000 -0.0000 0.0000 100.0000
20349.5396 312604.1810 433.7375 300262.342065000 -0.0000 0.0000 100.0000
20349.4659 312604.1680 433.7093 300262.352065000 -0.0000 0.0000 100.0000
20349.3921 312604.1550 433.6812 300262.362065000 -0.0000 0.0000 100.0000
20349.3184 312604.1420 433.6530 300262.372065000 -0.0000 0.0000 100.0000
20349.2446 312604.1290 433.6248 300262.382065000 -0.0000 0.0000 100.0000
20349.1709 312604.1160 433.5967 300262.392065000 -0.0000 0.0000 100.0000
20349.0972 312604.1030 433.5685 300262.402065000 -0.0000 0.0000 100.0000
20349.0234 312604.0900 433.5403 300262.412065000 -0.0000 0.0000 100.0000
20348.9497 312604.0769 433.5121 300262.422065000 -0.0000 0.0000 100.0000
20348.8759 312604.0639 433.4840 300262.432065000 -0.0000 0.0000 100.0000
20348.8022 312604.0509 433.4558 300262.442065000 -0.0000 0.0000 100.0000
20348.7285 312604.0379 433.4276 300262.452065000 -0.0000 0.0000 100.0000
20348.6547 312604.0249 433.3995 300262.462065000 -0.0000 0.0000 100.0000
20348.5810 312604.0119 433.3713 300262.472065000 -0.0000 0.0000 100.0000
20348.5072 312603.9989 433.3431 300262.482065000 -0.0000 0.0000 100.0000
20348.4335 312603.9859 433.3150 300262.492065000 -0.0000 0.0000 100.0000
20348.3598 312603.9729 433.2868 300262.502065000 -0.0000 0.0000 100.0000
20348.2860 312603.9599 433.2586 300262.512065000 -0.0000 0.0000 100.0000
20348.2123 312603.9469 433.2305 300262.522065000 -0.0000 0.0000 100.0000
20348.1386 312603.9339 433.2023 300262.532065000 -0.0000 0.0000 100.0000
20348.0648 312603.9209 433.1741 300262.542065000 -0.0000 0.0000 100.0000
20347.9911 312603.9079 433.1460 300262.552065000 -0.0000 0.0000 100.0000
20347.9173 312603.8949 433.1178 300262.562065000 -0.0000 0.0000 100.0000
20347.8436 312603.8819 433.0896 300262.572065000 -0.0000 0.0000 100.0000
20347.7699 312603.8689 433.0614 300262.582065000 -0.0000 0.0000 100.0000
20347.6961 312603.8559 433.0333 300262.592065000 -0.0000 0.0000 100.0000
20347.6224 312603.8429 433.0051 300262.602065000 -0.0000 0.0000 100.0000
20347.5486 312603.8299 432.9769 300262.612065000 -0.0000 0.0000 100.0000
20347.4749 312603.8169 432.9488 300262.622065000 -0.0000 0.0000 100.0000
20347.4012 312603.8039 432.9206 300262.632065000 -0.0000 0.0000 100.0000
20347.3274 312603.7909 432.8924 300262.642065000 -0.0000 0.0000 100.0000
20347.2537 312603.7779 432.8643 300262.652065000 -0.0000 0.0000 100.0000
20347.1799 312603.7649 432.8361 300262.662065000 -0.0000 0.0000 100.0000
20347.1062 312603.7519 432.8079 300262.672065000 -0.0000 0.0000 100.0000
20347.0325 312603.7389 432.7798 300262.682065000 -0.0000 0.0000 100.0000
20346.9587 312603.7259 432.7516 300262.692065000 -0.0000 0.0000 100.0000
20346.8850 312603.7129 432.7234 300262.702065000 -0.0000 0.0000 100.0000
20346.8112 312603.6999 432.6953 300262.712065000 -0.0000 0.0000 100.0000
20346.7375 312603.6869 432.6671 300262.722065000 -0.0000 0.0000 100.0000
20346.6638 312603.6739 432.6389 300262.732065000 -0.0000 0.0000 100.0000
20346.5900 312603.6609 432.6107 300262.742065000 -0.0000 0.0000 100.0000
20346.5163 312603.6479 432.5826 300262.752065000 -0.0000 0.0000 100.0000
20346.4425 312603.6349 432.5544 300262.762065000 -0.0000 0.0000 100.0000
20346.3688 312603.6219 432.5262 300262.772065000 -0.0000 0.0000 100.0000
20346.2951 312603.6089 432.4981 300262.782065000 -0.0000 0.0000 100.0000
20346.2213 312603.5959 432.4699 300262.792065000 -0.0000 0.0000 100.0000
20346.1476 312603.5829 432.4417 300262.802065000 -0.0000 0.0000 100.0000
20346.0739 312603.5699 432.4136 300262.812065000 -0.0000 0.0000 100.0000
20346.0001 312603.5569 432.3854 300262.822065000 -0.0000 0.0000 100.0000
20345.9264 312603.5439 432.3572 300262.832065000 -0.0000 0.0000 100.0000
20345.8526 312603.5309 432.3291 300262.842065000 -0.0000 0.0000 100.0000
20345.7789 312603.5179 432.3009 300262.852065000 -0.0000 0.0000 100.0000
20345.7052 312603.5049 432.2727 300262.862065000 -0.0000 0.0000 100.0000
20345.6314 312603.4919 432.2446 300262.872065000 -0.0000 0.0000 100.0000
20345.5577 312603.4788 432.2164 300262.882065000 -0.0000 0.0000 100.0000
20345.4839 312603.4658 432.1882 300262.892065000 -0.0000 0.0000 100.0000
20345.4102 312603.4528 432.1600 300262.902065000 -0.0000 0.0000 100.0000
20345.3365 312603.4398 432.1319 300262.912065000 -0.0000 0.0000 100.0000
20345.2627 312603.4268 432.1037 300262.922065000 -0.0000 0.0000 100.0000
20345.1890 312603.4138 432.0755 300262.932065000 -0.0000 0.0000 100.0000
20345.1152 312603.4008 432.0474 300262.942065000 -0.0000 0.0000 100.0000
20345.0415 312603.3878 432.0192 300262.952065000 -0.0000 0.0000 100.0000
20344.9678 312603.3748 431.9910 300262.962065000 -0.0000 0.0000 100.0000
20344.8940 312603.3618 431.9629 300262.972065000 -0.0000 0.0000 100.0000
20344.8203 312603.3488 431.9347 300262.982065000 -0.0000 0.0000 100.0000
20344.7465 312603.3358 431.9065 300262.992065000 -0.0000 0.0000 100.0000
20344.6728 312603.3228 431.8784 300263.002065000 -0.0000 0.0000 100.0000
20344.5991 312603.3098 431.8502 300263.012065000 -0.0000 0.0000 100.0000
20344.5253 312603.2968 431.8220 300263.022065000 -0.0000 0.0000 100.0000
20344.4516 312603.2838 431.7939 300263.032065000 -0.0000 0.0000 100.0000
20344.3779 312603.2708 431.7657 300263.042065000 -0.0000 0.0000 100.0000
20344.3041 312603.2578 431.7375 300263.052065000 -0.0000 0.0000 100.0000
20344.2304 312603.2448 431.7094 300263.062065000 -0.0000 0.0000 100.0000
20344.1566 312603.2318 431.6812 300263.072065000 -0.0000 0.0000 100.0000
20344.0829 312603.2188 431.6530 300263.082065000 -0.0000 0.0000 100.0000
20344.0092 312603.2058 431.6248 300263.092065000 -0.0000 0.0000 100.0000
20343.9354 312603.1928 431.5967 300263.102065000 -0.0000 0.0000 100.0000
20343.8617 312603.1798 431.5685 300263.112065000 -0.0000 0.0000 100.0000
20343.7879 312603.1668 431.5403 300263.122065000 -0.0000 0.0000 100.0000
20343.7142 312603.1538 431.5122 300263.132065000 -0.0000 0.0000 100.0000
20343.6405 312603.1408 431.4840 300263.142065000 -0.0000 0.0000 100.0000
20343.5667 312603.1278 431.4558 300263.152065000 -0.0000 0.0000 100.0000
20343.4930 312603.1148 431.4277 300263.162065000 -0.0000 0.0000 100.0000
20343.4192 312603.1018 431.3995 300263.172065000 -0.0000 0.0000 100.0000
20343.3455 312603.0888 431.3713 300263.182065000 -0.0000 0.0000 100.0000
20343.2718 312603.0758 431.3432 300263.192065000 -0.0000 0.0000 100.0000
20343.1980 312603.0628 431.3150 300263.202065000 -0.0000 0.0000 100.0000
20343.1243 312603.0498 431.2868 300263.212065000 -0.0000 0.0000 100.0000
20343.0505 312603.0368 431.2587 300263.222065000 -0.0000 0.0000 100.0000
20342.9768 312603.0238 431.2305 300263.232065000 -0.0000 0.0000 100.0000
20342.9031 312603.0108 431.2023 300263.242065000 -0.0000 0.0000 100.0000
20342.8293 312602.9978 431.1741 300263.252065000 -0.0000 0.0000 100.0000
20342.7556 312602.9848 431.1460 300263.262065000 -0.0000 0.0000 100.0000
20342.6819 312602.9718 431.1178 300263.272065000 -0.0000 0.0000 100.0000
20342.6081 312602.9588 431.0896 300263.282065000 -0.0000 0.0000 100.0000
20342.5344 312602.9458 431.0615 300263.292065000 -0.0000 0.0000 100.0000
20342.4606 312602.9328 431.0333 300263.302065000 -0.0000 0.0000 100.0000
20342.3869 312602.9198 431.0051 300263.312065000 -0.0000 0.0000 100.0000
20342.3132 312602.9068 430.9770 300263.322065000 -0.0000 0.0000 100.0000
20342.2394 312602.8937 430.9488 300263.332065000 -0.0000 0.0000 100.0000
20342.1657 312602.8807 430.9206 300263.342065000 -0.0000 0.0000 100.0000
20342.0919 312602.8677 430.8925 300263.352065000 -0.0000 0.0000 100.0000
20342.0182 312602.8547 430.8643 300263.362065000 -0.0000 0.0000 100.0000
20341.9445 312602.8417 430.8361 300263.372065000 -0.0000 0.0000 100.0000
20341.8707 312602.8287 430.8080 300263.382065000 -0.0000 0.0000 100.0000
20341.7970 312602.8157 430.7798 300263.392065000 -0.0000 0.0000 100.0000
20341.7232 312602.8027 430.7516 300263.402065000 -0.0000 0.0000 100.0000
20341.6495 312602.7897 430.7234 300263.412065000 -0.0000 0.0000 100.0000
20341.5758 312602.7767 430.6953 300263.422065000 -0.0000 0.0000 100.0000
20341.5020 312602.7637 430.6671 300263.432065000 -0.0000 0.0000 100.0000
20341.4283 312602.7507 430.6389 300263.442065000 -0.0000 0.0000 100.0000
20341.3545 312602.7377 430.6108 300263.452065000 -0.0000 0.0000 100.0000
20341.2808 312602.7247 430.5826 300263.462065000 -0.0000 0.0000 100.0000
20341.2071 312602.7117 430.5544 300263.472065000 -0.0000 0.0000 100.0000
20341.1333 312602.6987 430.5263 300263.482065000 -0.0000 0.0000 100.0000
20341.0596 312602.6857 430.4981 300263.492065000 -0.0000 0.0000 100.0000
20340.9858 312602.6727 430.4699 300263.502065000 -0.0000 0.0000 100.0000
20340.9121 312602.6597 430.4418 300263.512065000 -0.0000 0.0000 100.0000
20340.8384 312602.6467 430.4136 300263.522065000 -0.0000 0.0000 100.0000
20340.7646 312602.6337 430.3854 300263.532065000 -0.0000 0.0000 100.0000
20340.6909 312602.6207 430.3573 300263.542065000 -0.0000 0.0000 100.0000
20340.6172 312602.6077 430.3291 300263.552065000 -0.0000 0.0000 100.0000
20340.5434 312602.5947 430.3009 300263.562065000 -0.0000 0.0000 100.0000
20340.4697 312602.5817 430.2728 300263.572065000 -0.0000 0.0000 100.0000
20340.3959 312602.5687 430.2446 300263.582065000 -0.0000 0.0000 100.0000
20340.3222 312602.5557 430.2164 300263.592065000 -0.0000 0.0000 100.0000
20340.2485 312602.5427 430.1882 300263.602065000 -0.0000 0.0000 100.0000
20340.1747 312602.5297 430.1601 300263.612065000 -0.0000 0.0000 100.0000
20340.1010 312602.5167 430.1319 300263.622065000 -0.0000 0.0000 100.0000
20340.0272 312602.5037 430.1037 300263.632065000 -0.0000 0.0000 100.0000
20339.9535 312602.4907 430.0756 300263.642065000 -0.0000 0.0000 100.0000
20339.8798 312602.4777 430.0474 300263.652065000 -0.0000 0.0000 100.0000
20339.8060 312602.4647 430.0192 300263.662065000 -0.0000 0.0000 100.0000
20339.7323 312602.4517 429.9911 300263.672065000 -0.0000 0.0000 100.0000
20339.6585 312602.4387 429.9629 300263.682065000 -0.0000 0.0000 100.0000
20339.5848 312602.4257 429.9347 300263.692065000 -0.0000 0.0000 100.0000
20339.5111 312602.4127 429.9066 300263.702065000 -0.0000 0.0000 100.0000
20339.4373 312602.3997 429.8784 300263.712065000 -0.0000 0.0000 100.0000
20339.3636 312602.3867 429.8502 300263.722065000 -0.0000 0.0000 100.0000
20339.2898 312602.3737 429.8221 300263.732065000 -0.0000 0.0000 100.0000
20339.2161 312602.3607 429.7939 300263.742065000 -0.0000 0.0000 100.0000
20339.1424 312602.3477 429.7657 300263.752065000 -0.0000 0.0000 100.0000
20339.0686 312602.3347 429.7375 300263.762065000 -0.0000 0.0000 100.0000
20338.9949 312602.3217 429.7094 300263.772065000 -0.0000 0.0000 100.0000
20338.9212 312602.3086 429.6812 300263.782065000 -0.0000 0.0000 100.0000
20338.8474 312602.2956 429.6530 300263.792065000 -0.0000 0.0000 100.0000
20338.7737 312602.2826 429.6249 300263.802065000 -0.0000 0.0000 100.0000
20338.6999 312602.2696 429.5967 300263.812065000 -0.0000 0.0000 100.0000
20338.6262 312602.2566 429.5685 300263.822065000 -0.0000 0.0000 100.0000
20338.5525 312602.2436 429.5404 300263.832065000 -0.0000 0.0000 100.0000
20338.4787 312602.2306 429.5122 300263.842065000 -0.0000 0.0000 100.0000
20338.4050 312602.2176 429.4840 300263.852065000 -0.0000 0.0000 100.0000
20338.3312 312602.2046 429.4559 300263.862065000 -0.0000 0.0000 100.0000
20338.2575 312602.1916 429.4277 300263.872065000 -0.0000 0.0000 100.0000
20338.1838 312602.1786 429.3995 300263.882065000 -0.0000 0.0000 100.0000
20338.1100 312602.1656 429.3714 300263.892065000 -0.0000 0.0000 100.0000
20338.0363 312602.1526 429.3432 300263.902065000 -0.0000 0.0000 100.0000
20337.9625 312602.1396 429.3150 300263.912065000 -0.0000 0.0000 100.0000
20337.8888 312602.1266 429.2868 300263.922065000 -0.0000 0.0000 100.0000
20337.8151 312602.1136 429.2587 300263.932065000 -0.0000 0.0000 100.0000
20337.7413 312602.1006 429.2305 300263.942065000 -0.0000 0.0000 100.0000
20337.6676 312602.0876 429.2023 300263.952065000 -0.0000 0.0000 100.0000
20337.5938 312602.0746 429.1742 300263.962065000 -0.0000 0.0000 100.0000
20337.5201 312602.0616 429.1460 300263.972065000 -0.0000 0.0000 100.0000
20337.4464 312602.0486 429.1178 300263.982065000 -0.0000 0.0000 100.0000
20337.3726 312602.0356 429.0897 300263.992065000 -0.0000 0.0000 100.0000
20337.2989 312602.0226 429.0615 300264.002065000 -0.0000 0.0000 100.0000
20337.2251 312602.0096 429.0333 300264.012065000 -0.0000 0.0000 100.0000
20337.1514 312601.9966 429.0052 300264.022065000 -0.0000 0.0000 100.0000
20337.0777 312601.9836 428.9770 300264.032065000 -0.0000 0.0000 100.0000
20337.0039 312601.9706 428.9488 300264.042065000 -0.0000 0.0000 100.0000
20336.9302 312601.9576 428.9207 300264.052065000 -0.0000 0.0000 100.0000
20336.8565 312601.9446 428.8925 300264.062065000 -0.0000 0.0000 100.0000
20336.7827 312601.9316 428.8643 300264.072065000 -0.0000 0.0000 100.0000
20336.7090 312601.9186 428.8361 300264.082065000 -0.0000 0.0000 100.0000
20336.6352 312601.9056 428.8080 300264.092065000 -0.0000 0.0000 100.0000
20336.5615 312601.8926 428.7798 300264.102065000 -0.0000 0.0000 100.0000
20336.4878 312601.8796 428.7516 300264.112065000 -0.0000 0.0000 100.0000
20336.4140 312601.8666 428.7235 300264.122065000 -0.0000 0.0000 100.0000
20336.3403 312601.8536 428.6953 300264.132065000 -0.0000 0.0000 100.0000
20336.2665 312601.8406 428.6671 300264.142065000 -0.0000 0.0000 100.0000
20336.1928 312601.8276 428.6390 300264.152065000 -0.0000 0.0000 100.0000
20336.1191 312601.8146 428.6108 300264.162065000 -0.0000 0.0000 100.0000
20336.0453 312601.8016 428.5826 300264.172065000 -0.0000 0.0000 100.0000
20335.9716 312601.7886 428.5545 300264.182065000 -0.0000 0.0000 100.0000
20335.8978 312601.7756 428.5263 300264.192065000 -0.0000 0.0000 100.0000
20335.8241 312601.7626 428.4981 300264.202065000 -0.0000 0.0000 100.0000
20335.7504 312601.7496 428.4700 300264.212065000 -0.0000 0.0000 100.0000
20335.6766 312601.7366 428.4418 300264.222065000 -0.0000 0.0000 100.0000
20335.6029 312601.7235 428.4136 300264.232065000 -0.0000 0.0000 100.0000
20335.5291 312601.7105 428.3855 300264.242065000 -0.0000 0.0000 100.0000
20335.4554 312601.6975 428.3573 300264.252065000 -0.0000 0.0000 100.0000
20335.3817 312601.6845 428.3291 300264.262065000 -0.0000 0.0000 100.0000
20335.3079 312601.6715 428.3009 300264.272065000 -0.0000 0.0000 100.0000
20335.2342 312601.6585 428.2728 300264.282065000 -0.0000 0.0000 100.0000
20335.1605 312601.6455 428.2446 300264.292065000 -0.0000 0.0000 100.0000
20335.0867 312601.6325 428.2164 300264.302065000 -0.0000 0.0000 100.0000
20335.0130 312601.6195 428.1883 300264.312065000 -0.0000 0.0000 100.0000
20334.9392 312601.6065 428.1601 300264.322065000 -0.0000 0.0000 100.0000
20334.8655 312601.5935 428.1319 300264.332065000 -0.0000 0.0000 100.0000
20334.7918 312601.5805 428.1038 300264.342065000 -0.0000 0.0000 100.0000
20334.7180 312601.5675 428.0756 300264.352065000 -0.0000 0.0000 100.0000
20334.6443 312601.5545 428.0474 300264.362065000 -0.0000 0.0000 100.0000
20334.5705 312601.5415 428.0193 300264.372065000 -0.0000 0.0000 100.0000
20334.4968 312601.5285 427.9911 300264.382065000 -0.0000 0.0000 100.0000
20334.4231 312601.5155 427.9629 300264.392065000 -0.0000 0.0000 100.0000
20334.3493 312601.5025 427.9348 300264.402065000 -0.0000 0.0000 100.0000
20334.2756 312601.4895 427.9066 300264.412065000 -0.0000 0.0000 100.0000
20334.2018 312601.4765 427.8784 300264.422065000 -0.0000 0.0000 100.0000
20334.1281 312601.4635 427.8502 300264.432065000 -0.0000 0.0000 100.0000
20334.0544 312601.4505 427.8221 300264.442065000 -0.0000 0.0000 100.0000
20333.9806 312601.4375 427.7939 300264.452065000 -0.0000 0.0000 100.0000
20333.9069 312601.4245 427.7657 300264.462065000 -0.0000 0.0000 100.0000
20333.8331 312601.4115 427.7376 300264.472065000 -0.0000 0.0000 100.0000
20333.7594 312601.3985 427.7094 300264.482065000 -0.0000 0.0000 100.0000
20333.6857 312601.3855 427.6812 300264.492065000 -0.0000 0.0000 100.0000
20333.6119 312601.3725 427.6531 300264.502065000 -0.0000 0.0000 100.0000
20333.5382 312601.3595 427.6249 300264.512065000 -0.0000 0.0000 100.0000
20333.4644 312601.3465 427.5967 300264.522065000 -0.0000 0.0000 100.0000
20333.3907 312601.3335 427.5686 300264.532065000 -0.0000 0.0000 100.0000
20333.3170 312601.3205 427.5404 300264.542065000 -0.0000 0.0000 100.0000
20333.2432 312601.3075 427.5122 300264.552065000 -0.0000 0.0000 100.0000
20333.1695 312601.2945 427.4841 300264.562065000 -0.0000 0.0000 100.0000
20333.0958 312601.2815 427.4559 300264.572065000 -0.0000 0.0000 100.0000
20333.0220 312601.2685 427.4277 300264.582065000 -0.0000 0.0000 100.0000
20332.9483 312601.2555 427.3995 300264.592065000 -0.0000 0.0000 100.0000
20332.8745 312601.2425 427.3714 300264.602065000 -0.0000 0.0000 100.0000
20332.8008 312601.2295 427.3432 300264.612065000 -0.0000 0.0000 100.0000
20332.7271 312601.2165 427.3150 300264.622065000 -0.0000 0.0000 100.0000
20332.6533 312601.2035 427.2869 300264.632065000 -0.0000 0.0000 100.0000
20332.5796 312601.1905 427.2587 300264.642065000 -0.0000 0.0000 100.0000
20332.5058 312601.1775 427.2305 300264.652065000 -0.0000 0.0000 100.0000
20332.4321 312601.1645 427.2024 300264.662065000 -0.0000 0.0000 100.0000
20332.3584 312601.1515 427.1742 300264.672065000 -0.0000 0.0000 100.0000
20332.2846 312601.1384 427.1460 300264.682065000 -0.0000 0.0000 100.0000
20332.2109 312601.1254 427.1179 300264.692065000 -0.0000 0.0000 100.0000
20332.1371 312601.1124 427.0897 300264.702065000 -0.0000 0.0000 100.0000
20332.0634 312601.0994 427.0615 300264.712065000 -0.0000 0.0000 100.0000
20331.9897 312601.0864 427.0334 300264.722065000 -0.0000 0.0000 100.0000
20331.9159 312601.0734 427.0052 300264.732065000 -0.0000 0.0000 100.0000
20331.8422 312601.0604 426.9770 300264.742065000 -0.0000 0.0000 100.0000
20331.7684 312601.0474 426.9489 300264.752065000 -0.0000 0.0000 100.0000
20331.6947 312601.0344 426.9207 300264.762065000 -0.0000 0.0000 100.0000
20331.6210 312601.0214 426.8925 300264.772065000 -0.0000 0.0000 100.0000
20331.5472 312601.0084 426.8643 300264.782065000 -0.0000 0.0000 100.0000
20331.4735 312600.9954 426.8362 300264.792065000 -0.0000 0.0000 100.0000
20331.3998 312600.9824 426.8080 300264.802065000 -0.0000 0.0000 100.0000
20331.3260 312600.9694 426.7798 300264.812065000 -0.0000 0.0000 100.0000
20331.2523 312600.9564 426.7517 300264.822065000 -0.0000 0.0000 100.0000
20331.1785 312600.9434 426.7235 300264.832065000 -0.0000 0.0000 100.0000
20331.1048 312600.9304 426.6953 300264.842065000 -0.0000 0.0000 100.0000
20331.0311 312600.9174 426.6672 300264.852065000 -0.0000 0.0000 100.0000
20330.9573 312600.9044 426.6390 300264.862065000 -0.0000 0.0000 100.0000
20330.8836 312600.8914 426.6108 300264.872065000 -0.0000 0.0000 100.0000
20330.8098 312600.8784 426.5827 300264.882065000 -0.0000 0.0000 100.0000
20330.7361 312600.8654 426.5545 300264.892065000 -0.0000 0.0000 100.0000
20330.6624 312600.8524 426.5263 300264.902065000 -0.0000 0.0000 100.0000
20330.5886 312600.8394 426.4982 300264.912065000 -0.0000 0.0000 100.0000
20330.5149 312600.8264 426.4700 300264.922065000 -0.0000 0.0000 100.0000
20330.4411 312600.8134 426.4418 300264.932065000 -0.0000 0.0000 100.0000
20330.3674 312600.8004 426.4136 300264.942065000 -0.0000 0.0000 100.0000
20330.2937 312600.7874 426.3855 300264.952065000 -0.0000 0.0000 100.0000
20330.2199 312600.7744 426.3573 300264.962065000 -0.0000 0.0000 100.0000
20330.1462 312600.7614 426.3291 300264.972065000 -0.0000 0.0000 100.0000
20330.0724 312600.7484 426.3010 300264.982065000 -0.0000 0.0000 100.0000
20329.9987 312600.7354 426.2728 300264.992065000 -0.0000 0.0000 100.0000
20329.9250 312600.7224 426.2446 300265.002065000 -0.0000 0.0000 100.0000
20329.8512 312600.7094 426.2165 300265.012065000 -0.0000 0.0000 100.0000
20329.7775 312600.6964 426.1883 300265.022065000 -0.0000 0.0000 100.0000
20329.7038 312600.6834 426.1601 300265.032065000 -0.0000 0.0000 100.0000
20329.6300 312600.6704 426.1320 300265.042065000 -0.0000 0.0000 100.0000
20329.5563 312600.6574 426.1038 300265.052065000 -0.0000 0.0000 100.0000
20329.4825 312600.6444 426.0756 300265.062065000 -0.0000 0.0000 100.0000
20329.4088 312600.6314 426.0475 300265.072065000 -0.0000 0.0000 100.0000
20329.3351 312600.6184 426.0193 300265.082065000 -0.0000 0.0000 100.0000
20329.2613 312600.6054 425.9911 300265.092065000 -0.0000 0.0000 100.0000
20329.1876 312600.5924 425.9629 300265.102065000 -0.0000 0.0000 100.0000
20329.1138 312600.5794 425.9348 300265.112065000 -0.0000 0.0000 100.0000
20329.0401 312600.5664 425.9066 300265.122065000 -0.0000 0.0000 100.0000
20328.9664 312600.5534 425.8784 300265.132065000 -0.0000 0.0000 100.0000
20328.8926 312600.5403 425.8503 300265.142065000 -0.0000 0.0000 100.0000
20328.8189 312600.5273 425.8221 300265.152065000 -0.0000 0.0000 100.0000
20328.7451 312600.5143 425.7939 300265.162065000 -0.0000 0.0000 100.0000
20328.6714 312600.5013 425.7658 300265.172065000 -0.0000 0.0000 100.0000
20328.5977 312600.4883 425.7376 300265.182065000 -0.0000 0.0000 100.0000
20328.5239 312600.4753 425.7094 300265.192065000 -0.0000 0.0000 100.0000
20328.4502 312600.4623 425.6813 300265.202065000 -0.0000 0.0000 100.0000
20328.3764 312600.4493 425.6531 300265.212065000 -0.0000 0.0000 100.0000
20328.3027 312600.4363 425.6249 300265.222065000 -0.0000 0.0000 100.0000
20328.2290 312600.4233 425.5968 300265.232065000 -0.0000 0.0000 100.0000
20328.1552 312600.4103 425.5686 300265.242065000 -0.0000 0.0000 100.0000
20328.0815 312600.3973 425.5404 300265.252065000 -0.0000 0.0000 100.0000
20328.0077 312600.3843 425.5123 300265.262065000 -0.0000 0.0000 100.0000
20327.9340 312600.3713 425.4841 300265.272065000 -0.0000 0.0000 100.0000
20327.8603 312600.3583 425.4559 300265.282065000 -0.0000 0.0000 100.0000
20327.7865 312600.3453 425.4277 300265.292065000 -0.0000 0.0000 100.0000
20327.7128 312600.3323 425.3996 300265.302065000 -0.0000 0.0000 100.0000
20327.6391 312600.3193 425.3714 300265.312065000 -0.0000 0.0000 100.0000
20327.5653 312600.3063 425.3432 300265.322065000 -0.0000 0.0000 100.0000
20327.4916 312600.2933 425.3151 300265.332065000 -0.0000 0.0000 100.0000
20327.4178 312600.2803 425.2869 300265.342065000 -0.0000 0.0000 100.0000
20327.3441 312600.2673 425.2587 300265.352065000 -0.0000 0.0000 100.0000
20327.2704 312600.2543 425.2306 300265.362065000 -0.0000 0.0000 100.0000
20327.1966 312600.2413 425.2024 300265.372065000 -0.0000 0.0000 100.0000
20327.1229 312600.2283 425.1742 300265.382065000 -0.0000 0.0000 100.0000
20327.0491 312600.2153 425.1461 300265.392065000 -0.0000 0.0000 100.0000
20326.9754 312600.2023 425.1179 300265.402065000 -0.0000 0.0000 100.0000
20326.9017 312600.1893 425.0897 300265.412065000 -0.0000 0.0000 100.0000
20326.8279 312600.1763 425.0616 300265.422065000 -0.0000 0.0000 100.0000
20326.7542 312600.1633 425.0334 300265.432065000 -0.0000 0.0000 100.0000
20326.6804 312600.1503 425.0052 300265.442065000 -0.0000 0.0000 100.0000
20326.6067 312600.1373 424.9770 300265.452065000 -0.0000 0.0000 100.0000
20326.5330 312600.1243 424.9489 300265.462065000 -0.0000 0.0000 100.0000
20326.4592 312600.1113 424.9207 300265.472065000 -0.0000 0.0000 100.0000
20326.3855 312600.0983 424.8925 300265.482065000 -0.0000 0.0000 100.0000
20326.3117 312600.0853 424.8644 300265.492065000 -0.0000 0.0000 100.0000
20326.2380 312600.0723 424.8362 300265.502065000 -0.0000 0.0000 100.0000
20326.1643 312600.0593 424.8080 300265.512065000 -0.0000 0.0000 100.0000
20326.0905 312600.0463 424.7799 300265.522065000 -0.0000 0.0000 100.0000
20326.0168 312600.0333 424.7517 300265.532065000 -0.0000 0.0000 100.0000
20325.9431 312600.0203 424.7235 300265.542065000 -0.0000 0.0000 100.0000
20325.8693 312600.0073 424.6954 300265.552065000 -0.0000 0.0000 100.0000
20325.7956 312599.9943 424.6672 300265.562065000 -0.0000 0.0000 100.0000
20325.7218 312599.9813 424.6390 300265.572065000 -0.0000 0.0000 100.0000
20325.6481 312599.9683 424.6109 300265.582065000 -0.0000 0.0000 100.0000
20325.5744 312599.9552 424.5827 300265.592065000 -0.0000 0.0000 100.0000
20325.5006 312599.9422 424.5545 300265.602065000 -0.0000 0.0000 100.0000
20325.4269 312599.9292 424.5263 300265.612065000 -0.0000 0.0000 100.0000
20325.3531 312599.9162 424.4982 300265.622065000 -0.0000 0.0000 100.0000
20325.2794 312599.9032 424.4700 300265.632065000 -0.0000 0.0000 100.0000
20325.2057 312599.8902 424.4418 300265.642065000 -0.0000 0.0000 100.0000
20325.1319 312599.8772 424.4137 300265.652065000 -0.0000 0.0000 100.0000
20325.0582 312599.8642 424.3855 300265.662065000 -0.0000 0.0000 100.0000
20324.9844 312599.8512 424.3573 300265.672065000 -0.0000 0.0000 100.0000
20324.9107 312599.8382 424.3292 300265.682065000 -0.0000 0.0000 100.0000
20324.8370 312599.8252 424.3010 300265.692065000 -0.0000 0.0000 100.0000
20324.7632 312599.8122 424.2728 300265.702065000 -0.0000 0.0000 100.0000
20324.6895 312599.7992 424.2447 300265.712065000 -0.0000 0.0000 100.0000
20324.6157 312599.7862 424.2165 300265.722065000 -0.0000 0.0000 100.0000
20324.5420 312599.7732 424.1883 300265.732065000 -0.0000 0.0000 100.0000
20324.4683 312599.7602 424.1602 300265.742065000 -0.0000 0.0000 100.0000
20324.3945 312599.7472 424.1320 300265.752065000 -0.0000 0.0000 100.0000
20324.3208 312599.7342 424.1038 300265.762065000 -0.0000 0.0000 100.0000
20324.2470 312599.7212 424.0756 300265.772065000 -0.0000 0.0000 100.0000
20324.1733 312599.7082 424.0475 300265.782065000 -0.0000 0.0000 100.0000
20324.0996 312599.6952 424.0193 300265.792065000 -0.0000 0.0000 100.0000
20324.0258 312599.6822 423.9911 300265.802065000 -0.0000 0.0000 100.0000
20323.9521 312599.6692 423.9630 300265.812065000 -0.0000 0.0000 100.0000
20323.8784 312599.6562 423.9348 300265.822065000 -0.0000 0.0000 100.0000
20323.8046 312599.6432 423.9066 300265.832065000 -0.0000 0.0000 100.0000
20323.7309 312599.6302 423.8785 300265.842065000 -0.0000 0.0000 100.0000
20323.6571 312599.6172 423.8503 300265.852065000 -0.0000 0.0000 100.0000
20323.5834 312599.6042 423.8221 300265.862065000 -0.0000 0.0000 100.0000
20323.5097 312599.5912 423.7940 300265.872065000 -0.0000 0.0000 100.0000
20323.4359 312599.5782 423.7658 300265.882065000 -0.0000 0.0000 100.0000
20323.3622 312599.5652 423.7376 300265.892065000 -0.0000 0.0000 100.0000
20323.2884 312599.5522 423.7095 300265.902065000 -0.0000 0.0000 100.0000
20323.2147 312599.5392 423.6813 300265.912065000 -0.0000 0.0000 100.0000
20323.1410 312599.5262 423.6531 300265.922065000 -0.0000 0.0000 100.0000
20323.0672 312599.5132 423.6250 300265.932065000 -0.0000 0.0000 100.0000
20322.9935 312599.5002 423.5968 300265.942065000 -0.0000 0.0000 100.0000
20322.9197 312599.4872 423.5686 300265.952065000 -0.0000 0.0000 100.0000
20322.8460 312599.4742 423.5404 300265.962065000 -0.0000 0.0000 100.0000
20322.7723 312599.4612 423.5123 300265.972065000 -0.0000 0.0000 100.0000
20322.6985 312599.4482 423.4841 300265.982065000 -0.0000 0.0000 100.0000
20322.6248 312599.4352 423.4559 300265.992065000 -0.0000 0.0000 100.0000
20322.5510 312599.4222 423.4278 300266.002065000 -0.0000 0.0000 100.0000
20322.4773 312599.4092 423.3996 300266.012065000 -0.0000 0.0000 100.0000
20322.4036 312599.3962 423.3714 300266.022065000 -0.0000 0.0000 100.0000
20322.3298 312599.3832 423.3433 300266.032065000 -0.0000 0.0000 100.0000
20322.2561 312599.3701 423.3151 300266.042065000 -0.0000 0.0000 100.0000
20322.1824 312599.3571 423.2869 300266.052065000 -0.0000 0.0000 100.0000
20322.1086 312599.3441 423.2588 300266.062065000 -0.0000 0.0000 100.0000
20322.0349 312599.3311 423.2306 300266.072065000 -0.0000 0.0000 100.0000
20321.9611 312599.3181 423.2024 300266.082065000 -0.0000 0.0000 100.0000
20321.8874 312599.3051 423.1743 300266.092065000 -0.0000 0.0000 100.0000
20321.8137 312599.2921 423.1461 300266.102065000 -0.0000 0.0000 100.0000
20321.7399 312599.2791 423.1179 300266.112065000 -0.0000 0.0000 100.0000
20321.6662 312599.2661 423.0897 300266.122065000 -0.0000 0.0000 100.0000
20321.5924 312599.2531 423.0616 300266.132065000 -0.0000 0.0000 100.0000
20321.5187 312599.2401 423.0334 300266.142065000 -0.0000 0.0000 100.0000
20321.4450 312599.2271 423.0052 300266.152065000 -0.0000 0.0000 100.0000
20321.3712 312599.2141 422.9771 300266.162065000 -0.0000 0.0000 100.0000
20321.2975 312599.2011 422.9489 300266.172065000 -0.0000 0.0000 100.0000
20321.2237 312599.1881 422.9207 300266.182065000 -0.0000 0.0000 100.0000
20321.1500 312599.1751 422.8926 300266.192065000 -0.0000 0.0000 100.0000
20321.0763 312599.1621 422.8644 300266.202065000 -0.0000 0.0000 100.0000
20321.0025 312599.1491 422.8362 300266.212065000 -0.0000 0.0000 100.0000
20320.9288 312599.1361 422.8081 300266.222065000 -0.0000 0.0000 100.0000
20320.8550 312599.1231 422.7799 300266.232065000 -0.0000 0.0000 100.0000
20320.7813 312599.1101 422.7517 300266.242065000 -0.0000 0.0000 100.0000
20320.7076 312599.0971 422.7236 300266.252065000 -0.0000 0.0000 100.0000
20320.6338 312599.0841 422.6954 300266.262065000 -0.0000 0.0000 100.0000
20320.5601 312599.0711 422.6672 300266.272065000 -0.0000 0.0000 100.0000
20320.4864 312599.0581 422.6390 300266.282065000 -0.0000 0.0000 100.0000
20320.4126 312599.0451 422.6109 300266.292065000 -0.0000 0.0000 100.0000
20320.3389 312599.0321 422.5827 300266.302065000 -0.0000 0.0000 100.0000
20320.2651 312599.0191 422.5545 300266.312065000 -0.0000 0.0000 100.0000
20320.1914 312599.0061 422.5264 300266.322065000 -0.0000 0.0000 100.0000
20320.1177 312598.9931 422.4982 300266.332065000 -0.0000 0.0000 100.0000
20320.0439 312598.9801 422.4700 300266.342065000 -0.0000 0.0000 100.0000
20319.9702 312598.9671 422.4419 300266.352065000 -0.0000 0.0000 100.0000
20319.8964 312598.9541 422.4137 300266.362065000 -0.0000 0.0000 100.0000
20319.8227 312598.9411 422.3855 300266.372065000 -0.0000 0.0000 100.0000
20319.7490 312598.9281 422.3574 300266.382065000 -0.0000 0.0000 100.0000
20319.6752 312598.9151 422.3292 300266.392065000 -0.0000 0.0000 100.0000
20319.6015 312598.9021 422.3010 300266.402065000 -0.0000 0.0000 100.0000
20319.5277 312598.8891 422.2729 300266.412065000 -0.0000 0.0000 100.0000
20319.4540 312598.8761 422.2447 300266.422065000 -0.0000 0.0000 100.0000
20319.3803 312598.8631 422.2165 300266.432065000 -0.0000 0.0000 100.0000
20319.3065 312598.8501 422.1884 300266.442065000 -0.0000 0.0000 100.0000
20319.2328 312598.8371 422.1602 300266.452065000 -0.0000 0.0000 100.0000
20319.1590 312598.8241 422.1320 300266.462065000 -0.0000 0.0000 100.0000
20319.0853 312598.8111 422.1038 300266.472065000 -0.0000 0.0000 100.0000
20319.0116 312598.7981 422.0757 300266.482065000 -0.0000 0.0000 100.0000
20318.9378 312598.7850 422.0475 300266.492065000 -0.0000 0.0000 100.0000
20318.8641 312598.7720 422.0193 300266.502065000 -0.0000 0.0000 100.0000
20318.7903 312598.7590 421.9912 300266.512065000 -0.0000 0.0000 100.0000
20318.7166 312598.7460 421.9630 300266.522065000 -0.0000 0.0000 100.0000
20318.6429 312598.7330 421.9348 300266.532065000 -0.0000 0.0000 100.0000
20318.5691 312598.7200 421.9067 300266.542065000 -0.0000 0.0000 100.0000
20318.4954 312598.7070 421.8785 300266.552065000 -0.0000 0.0000 100.0000
20318.4217 312598.6940 421.8503 300266.562065000 -0.0000 0.0000 100.0000
20318.3479 312598.6810 421.8222 300266.572065000 -0.0000 0.0000 100.0000
20318.2742 312598.6680 421.7940 300266.582065000 -0.0000 0.0000 100.0000
20318.2004 312598.6550 421.7658 300266.592065000 -0.0000 0.0000 100.0000
20318.1267 312598.6420 421.7377 300266.602065000 -0.0000 0.0000 100.0000
20318.0530 312598.6290 421.7095 300266.612065000 -0.0000 0.0000 100.0000
20317.9792 312598.6160 421.6813 300266.622065000 -0.0000 0.0000 100.0000
20317.9055 312598.6030 421.6531 300266.632065000 -0.0000 0.0000 100.0000
20317.8317 312598.5900 421.6250 300266.642065000 -0.0000 0.0000 100.0000
20317.7580 312598.5770 421.5968 300266.652065000 -0.0000 0.0000 100.0000
20317.6843 312598.5640 421.5686 300266.662065000 -0.0000 0.0000 100.0000
20317.6105 312598.5510 421.5405 300266.672065000 -0.0000 0.0000 100.0000
20317.5368 312598.5380 421.5123 300266.682065000 -0.0000 0.0000 100.0000
20317.4630 312598.5250 421.4841 300266.692065000 -0.0000 0.0000 100.0000
20317.3893 312598.5120 421.4560 300266.702065000 -0.0000 0.0000 100.0000
20317.3156 312598.4990 421.4278 300266.712065000 -0.0000 0.0000 100.0000
20317.2418 312598.4860 421.3996 300266.722065000 -0.0000 0.0000 100.0000
20317.1681 312598.4730 421.3715 300266.732065000 -0.0000 0.0000 100.0000
20317.0943 312598.4600 421.3433 300266.742065000 -0.0000 0.0000 100.0000
20317.0206 312598.4470 421.3151 300266.752065000 -0.0000 0.0000 100.0000
20316.9469 312598.4340 421.2870 300266.762065000 -0.0000 0.0000 100.0000
20316.8731 312598.4210 421.2588 300266.772065000 -0.0000 0.0000 100.0000
20316.7994 312598.4080 421.2306 300266.782065000 -0.0000 0.0000 100.0000
20316.7257 312598.3950 421.2024 300266.792065000 -0.0000 0.0000 100.0000
20316.6519 312598.3820 421.1743 300266.802065000 -0.0000 0.0000 100.0000
20316.5782 312598.3690 421.1461 300266.812065000 -0.0000 0.0000 100.0000
20316.5044 312598.3560 421.1179 300266.822065000 -0.0000 0.0000 100.0000
20316.4307 312598.3430 421.0898 300266.832065000 -0.0000 0.0000 100.0000
20316.3570 312598.3300 421.0616 300266.842065000 -0.0000 0.0000 100.0000
20316.2832 312598.3170 421.0334 300266.852065000 -0.0000 0.0000 100.0000
20316.2095 312598.3040 421.0053 300266.862065000 -0.0000 0.0000 100.0000
20316.1357 312598.2910 420.9771 300266.872065000 -0.0000 0.0000 100.0000
20316.0620 312598.2780 420.9489 300266.882065000 -0.0000 0.0000 100.0000
20315.9883 312598.2650 420.9208 300266.892065000 -0.0000 0.0000 100.0000
20315.9145 312598.2520 420.8926 300266.902065000 -0.0000 0.0000 100.0000
20315.8408 312598.2390 420.8644 300266.912065000 -0.0000 0.0000 100.0000
20315.7670 312598.2260 420.8363 300266.922065000 -0.0000 0.0000 100.0000
20315.6933 312598.2130 420.8081 300266.932065000 -0.0000 0.0000 100.0000
20315.6196 312598.2000 420.7799 300266.942065000 -0.0000 0.0000 100.0000
20315.5458 312598.1869 420.7517 300266.952065000 -0.0000 0.0000 100.0000
20315.4721 312598.1739 420.7236 300266.962065000 -0.0000 0.0000 100.0000
20315.3983 312598.1609 420.6954 300266.972065000 -0.0000 0.0000 100.0000
20315.3246 312598.1479 420.6672 300266.982065000 -0.0000 0.0000 100.0000
20315.2509 312598.1349 420.6391 300266.992065000 -0.0000 0.0000 100.0000
20315.1771 312598.1219 420.6109 300267.002065000 -0.0000 0.0000 100.0000
20315.1034 312598.1089 420.5827 300267.012065000 -0.0000 0.0000 100.0000
20315.0296 312598.0959 420.5546 300267.022065000 -0.0000 0.0000 100.0000
20314.9559 312598.0829 420.5264 300267.032065000 -0.0000 0.0000 100.0000
20314.8822 312598.0699 420.4982 300267.042065000 -0.0000 0.0000 100.0000
20314.8084 312598.0569 420.4701 300267.052065000 -0.0000 0.0000 100.0000
20314.7347 312598.0439 420.4419 300267.062065000 -0.0000 0.0000 100.0000
20314.6610 312598.0309 420.4137 300267.072065000 -0.0000 0.0000 100.0000
20314.5872 312598.0179 420.3856 300267.082065000 -0.0000 0.0000 100.0000
20314.5135 312598.0049 420.3574 300267.092065000 -0.0000 0.0000 100.0000
20314.4397 312597.9919 420.3292 300267.102065000 -0.0000 0.0000 100.0000
20314.3660 312597.9789 420.3011 300267.112065000 -0.0000 0.0000 100.0000
20314.2923 312597.9659 420.2729 300267.122065000 -0.0000 0.0000 100.0000
20314.2185 312597.9529 420.2447 300267.132065000 -0.0000 0.0000 100.0000
20314.1448 312597.9399 420.2165 300267.142065000 -0.0000 0.0000 100.0000
20314.0710 312597.9269 420.1884 300267.152065000 -0.0000 0.0000 100.0000
20313.9973 312597.9139 420.1602 300267.162065000 -0.0000 0.0000 100.0000
20313.9236 312597.9009 420.1320 300267.172065000 -0.0000 0.0000 100.0000
20313.8498 312597.8879 420.1039 300267.182065000 -0.0000 0.0000 100.0000
20313.7761 312597.8749 420.0757 300267.192065000 -0.0000 0.0000 100.0000
20313.7023 312597.8619 420.0475 300267.202065000 -0.0000 0.0000 100.0000
20313.6286 312597.8489 420.0194 300267.212065000 -0.0000 0.0000 100.0000
20313.5549 312597.8359 419.9912 300267.222065000 -0.0000 0.0000 100.0000
20313.4811 312597.8229 419.9630 300267.232065000 -0.0000 0.0000 100.0000
20313.4074 312597.8099 419.9349 300267.242065000 -0.0000 0.0000 100.0000
20313.3336 312597.7969 419.9067 300267.252065000 -0.0000 0.0000 100.0000
20313.2599 312597.7839 419.8785 300267.262065000 -0.0000 0.0000 100.0000
20313.1862 312597.7709 419.8504 300267.272065000 -0.0000 0.0000 100.0000
20313.1124 312597.7579 419.8222 300267.282065000 -0.0000 0.0000 100.0000
20313.0387 312597.7449 419.7940 300267.292065000 -0.0000 0.0000 100.0000
20312.9650 312597.7319 419.7658 300267.302065000 -0.0000 0.0000 100.0000
20312.8912 312597.7189 419.7377 300267.312065000 -0.0000 0.0000 100.0000
20312.8175 312597.7059 419.7095 300267.322065000 -0.0000 0.0000 100.0000
20312.7437 312597.6929 419.6813 300267.332065000 -0.0000 0.0000 100.0000
20312.6700 312597.6799 419.6532 300267.342065000 -0.0000 0.0000 100.0000
20312.5963 312597.6669 419.6250 300267.352065000 -0.0000 0.0000 100.0000
20312.5225 312597.6539 419.5968 300267.362065000 -0.0000 0.0000 100.0000
20312.4488 312597.6409 419.5687 300267.372065000 -0.0000 0.0000 100.0000
20312.3750 312597.6279 419.5405 300267.382065000 -0.0000 0.0000 100.0000
20312.3013 312597.6149 419.5123 300267.392065000 -0.0000 0.0000 100.0000
20312.2276 312597.6018 419.4842 300267.402065000 -0.0000 0.0000 100.0000
20312.1538 312597.5888 419.4560 300267.412065000 -0.0000 0.0000 100.0000
20312.0801 312597.5758 419.4278 300267.422065000 -0.0000 0.0000 100.0000
20312.0063 312597.5628 419.3997 300267.432065000 -0.0000 0.0000 100.0000
20311.9326 312597.5498 419.3715 300267.442065000 -0.0000 0.0000 100.0000
20311.8589 312597.5368 419.3433 300267.452065000 -0.0000 0.0000 100.0000
20311.7851 312597.5238 419.3151 300267.462065000 -0.0000 0.0000 100.0000
20311.7114 312597.5108 419.2870 300267.472065000 -0.0000 0.0000 100.0000
20311.6376 312597.4978 419.2588 300267.482065000 -0.0000 0.0000 100.0000
20311.5639 312597.4848 419.2306 300267.492065000 -0.0000 0.0000 100.0000
20311.4902 312597.4718 419.2025 300267.502065000 -0.0000 0.0000 100.0000
20311.4164 312597.4588 419.1743 300267.512065000 -0.0000 0.0000 100.0000
20311.3427 312597.4458 419.1461 300267.522065000 -0.0000 0.0000 100.0000
20311.2689 312597.4328 419.1180 300267.532065000 -0.0000 0.0000 100.0000
20311.1952 312597.4198 419.0898 300267.542065000 -0.0000 0.0000 100.0000
20311.1215 312597.4068 419.0616 300267.552065000 -0.0000 0.0000 100.0000
20311.0477 312597.3938 419.0335 300267.562065000 -0.0000 0.0000 100.0000
20310.9740 312597.3808 419.0053 300267.572065000 -0.0000 0.0000 100.0000
20310.9003 312597.3678 418.9771 300267.582065000 -0.0000 0.0000 100.0000
20310.8265 312597.3548 418.9490 300267.592065000 -0.0000 0.0000 100.0000
20310.7528 312597.3418 418.9208 300267.602065000 -0.0000 0.0000 100.0000
20310.6790 312597.3288 418.8926 300267.612065000 -0.0000 0.0000 100.0000
20310.6053 312597.3158 418.8645 300267.622065000 -0.0000 0.0000 100.0000
20310.5316 312597.3028 418.8363 300267.632065000 -0.0000 0.0000 100.0000
20310.4578 312597.2898 418.8081 300267.642065000 -0.0000 0.0000 100.0000
20310.3841 312597.2768 418.7799 300267.652065000 -0.0000 0.0000 100.0000
20310.3103 312597.2638 418.7518 300267.662065000 -0.0000 0.0000 100.0000
20310.2366 312597.2508 418.7236 300267.672065000 -0.0000 0.0000 100.0000
20310.1629 312597.2378 418.6954 300267.682065000 -0.0000 0.0000 100.0000
20310.0891 312597.2248 418.6673 300267.692065000 -0.0000 0.0000 100.0000
20310.0154 312597.2118 418.6391 300267.702065000 -0.0000 0.0000 100.0000
20309.9416 312597.1988 418.6109 300267.712065000 -0.0000 0.0000 100.0000
20309.8679 312597.1858 418.5828 300267.722065000 -0.0000 0.0000 100.0000
20309.7942 312597.1728 418.5546 300267.732065000 -0.0000 0.0000 100.0000
20309.7204 312597.1598 418.5264 300267.742065000 -0.0000 0.0000 100.0000
20309.6467 312597.1468 418.4983 300267.752065000 -0.0000 0.0000 100.0000
20309.5729 312597.1338 418.4701 300267.762065000 -0.0000 0.0000 100.0000
20309.4992 312597.1208 418.4419 300267.772065000 -0.0000 0.0000 100.0000
20309.4255 312597.1078 418.4138 300267.782065000 -0.0000 0.0000 100.0000
20309.3517 312597.0948 418.3856 300267.792065000 -0.0000 0.0000 100.0000
20309.2780 312597.0818 418.3574 300267.802065000 -0.0000 0.0000 100.0000
20309.2043 312597.0688 418.3292 300267.812065000 -0.0000 0.0000 100.0000
20309.1305 312597.0558 418.3011 300267.822065000 -0.0000 0.0000 100.0000
20309.0568 312597.0428 418.2729 300267.832065000 -0.0000 0.0000 100.0000
20308.9830 312597.0298 418.2447 300267.842065000 -0.0000 0.0000 100.0000
20308.9093 312597.0167 418.2166 300267.852065000 -0.0000 0.0000 100.0000
20308.8356 312597.0037 418.1884 300267.862065000 -0.0000 0.0000 100.0000
20308.7618 312596.9907 418.1602 300267.872065000 -0.0000 0.0000 100.0000
20308.6881 312596.9777 418.1321 300267.882065000 -0.0000 0.0000 100.0000
20308.6143 312596.9647 418.1039 300267.892065000 -0.0000 0.0000 100.0000
20308.5406 312596.9517 418.0757 300267.902065000 -0.0000 0.0000 100.0000
20308.4669 312596.9387 418.0476 300267.912065000 -0.0000 0.0000 100.0000
20308.3931 312596.9257 418.0194 300267.922065000 -0.0000 0.0000 100.0000
20308.3194 312596.9127 417.9912 300267.932065000 -0.0000 0.0000 100.0000
20308.2456 312596.8997 417.9631 300267.942065000 -0.0000 0.0000 100.0000
20308.1719 312596.8867 417.9349 300267.952065000 -0.0000 0.0000 100.0000
20308.0982 312596.8737 417.9067 300267.962065000 -0.0000 0.0000 100.0000
20308.0244 312596.8607 417.8785 300267.972065000 -0.0000 0.0000 100.0000
20307.9507 312596.8477 417.8504 300267.982065000 -0.0000 0.0000 100.0000
20307.8769 312596.8347 417.8222 300267.992065000 -0.0000 0.0000 100.0000
20307.8032 312596.8217 417.7940 300268.002065000 -0.0000 0.0000 100.0000
20307.7295 312596.8087 417.7659 300268.012065000 -0.0000 0.0000 100.0000
20307.6557 312596.7957 417.7377 300268.022065000 -0.0000 0.0000 100.0000
20307.5820 312596.7827 417.7095 300268.032065000 -0.0000 0.0000 100.0000
20307.5083 312596.7697 417.6814 300268.042065000 -0.0000 0.0000 100.0000
20307.4345 312596.7567 417.6532 300268.052065000 -0.0000 0.0000 100.0000
20307.3608 312596.7437 417.6250 300268.062065000 -0.0000 0.0000 100.0000
20307.2870 312596.7307 417.5969 300268.072065000 -0.0000 0.0000 100.0000
20307.2133 312596.7177 417.5687 300268.082065000 -0.0000 0.0000 100.0000
20307.1396 312596.7047 417.5405 300268.092065000 -0.0000 0.0000 100.0000
20307.0658 312596.6917 417.5124 300268.102065000 -0.0000 0.0000 100.0000
20306.9921 312596.6787 417.4842 300268.112065000 -0.0000 0.0000 100.0000
20306.9183 312596.6657 417.4560 300268.122065000 -0.0000 0.0000 100.0000
20306.8446 312596.6527 417.4279 300268.132065000 -0.0000 0.0000 100.0000
20306.7709 312596.6397 417.3997 300268.142065000 -0.0000 0.0000 100.0000
20306.6971 312596.6267 417.3715 300268.152065000 -0.0000 0.0000 100.0000
20306.6234 312596.6137 417.3433 300268.162065000 -0.0000 0.0000 100.0000
20306.5496 312596.6007 417.3152 300268.172065000 -0.0000 0.0000 100.0000
20306.4759 312596.5877 417.2870 300268.182065000 -0.0000 0.0000 100.0000
20306.4022 312596.5747 417.2588 300268.192065000 -0.0000 0.0000 100.0000
20306.3284 312596.5617 417.2307 300268.202065000 -0.0000 0.0000 100.0000
20306.2547 312596.5487 417.2025 300268.212065000 -0.0000 0.0000 100.0000
20306.1809 312596.5357 417.1743 300268.222065000 -0.0000 0.0000 100.0000
20306.1072 312596.5227 417.1462 300268.232065000 -0.0000 0.0000 100.0000
20306.0335 312596.5097 417.1180 300268.242065000 -0.0000 0.0000 100.0000
20305.9597 312596.4967 417.0898 300268.252065000 -0.0000 0.0000 100.0000
20305.8860 312596.4837 417.0617 300268.262065000 -0.0000 0.0000 100.0000
20305.8122 312596.4707 417.0335 300268.272065000 -0.0000 0.0000 100.0000
20305.7385 312596.4577 417.0053 300268.282065000 -0.0000 0.0000 100.0000
20305.6648 312596.4447 416.9772 300268.292065000 -0.0000 0.0000 100.0000
20305.5910 312596.4316 416.9490 300268.302065000 -0.0000 0.0000 100.0000
20305.5173 312596.4186 416.9208 300268.312065000 -0.0000 0.0000 100.0000
20305.4436 312596.4056 416.8926 300268.322065000 -0.0000 0.0000 100.0000
20305.3698 312596.3926 416.8645 300268.332065000 -0.0000 0.0000 100.0000
20305.2961 312596.3796 416.8363 300268.342065000 -0.0000 0.0000 100.0000
20305.2223 312596.3666 416.8081 300268.352065000 -0.0000 0.0000 100.0000
20305.1486 312596.3536 416.7800 300268.362065000 -0.0000 0.0000 100.0000
20305.0749 312596.3406 416.7518 300268.372065000 -0.0000 0.0000 100.0000
20305.0011 312596.3276 416.7236 300268.382065000 -0.0000 0.0000 100.0000
20304.9274 312596.3146 416.6955 300268.392065000 -0.0000 0.0000 100.0000
20304.8536 312596.3016 416.6673 300268.402065000 -0.0000 0.0000 100.0000
20304.7799 312596.2886 416.6391 300268.412065000 -0.0000 0.0000 100.0000
20304.7062 312596.2756 416.6110 300268.422065000 -0.0000 0.0000 100.0000
20304.6324 312596.2626 416.5828 300268.432065000 -0.0000 0.0000 100.0000
20304.5587 312596.2496 416.5546 300268.442065000 -0.0000 0.0000 100.0000
20304.4849 312596.2366 416.5265 300268.452065000 -0.0000 0.0000 100.0000
20304.4112 312596.2236 416.4983 300268.462065000 -0.0000 0.0000 100.0000
20304.3375 312596.2106 416.4701 300268.472065000 -0.0000 0.0000 100.0000
20304.2637 312596.1976 416.4419 300268.482065000 -0.0000 0.0000 100.0000
20304.1900 312596.1846 416.4138 300268.492065000 -0.0000 0.0000 100.0000
20304.1162 312596.1716 416.3856 300268.502065000 -0.0000 0.0000 100.0000
20304.0425 312596.1586 416.3574 300268.512065000 -0.0000 0.0000 100.0000
20303.9688 312596.1456 416.3293 300268.522065000 -0.0000 0.0000 100.0000
20303.8950 312596.1326 416.3011 300268.532065000 -0.0000 0.0000 100.0000
20303.8213 312596.1196 416.2729 300268.542065000 -0.0000 0.0000 100.0000
20303.7476 312596.1066 416.2448 300268.552065000 -0.0000 0.0000 100.0000
20303.6738 312596.0936 416.2166 300268.562065000 -0.0000 0.0000 100.0000
20303.6001 312596.0806 416.1884 300268.572065000 -0.0000 0.0000 100.0000
20303.5263 312596.0676 416.1603 300268.582065000 -0.0000 0.0000 100.0000
20303.4526 312596.0546 416.1321 300268.592065000 -0.0000 0.0000 100.0000
20303.3789 312596.0416 416.1039 300268.602065000 -0.0000 0.0000 100.0000
20303.3051 312596.0286 416.0758 300268.612065000 -0.0000 0.0000 100.0000
20303.2314 312596.0156 416.0476 300268.622065000 -0.0000 0.0000 100.0000
20303.1576 312596.0026 416.0194 300268.632065000 -0.0000 0.0000 100.0000
20303.0839 312595.9896 415.9912 300268.642065000 -0.0000 0.0000 100.0000
20303.0102 312595.9766 415.9631 300268.652065000 -0.0000 0.0000 100.0000
20302.9364 312595.9636 415.9349 300268.662065000 -0.0000 0.0000 100.0000
20302.8627 312595.9506 415.9067 300268.672065000 -0.0000 0.0000 100.0000
20302.7889 312595.9376 415.8786 300268.682065000 -0.0000 0.0000 100.0000
20302.7152 312595.9246 415.8504 300268.692065000 -0.0000 0.0000 100.0000
20302.6415 312595.9116 415.8222 300268.702065000 -0.0000 0.0000 100.0000
20302.5677 312595.8986 415.7941 300268.712065000 -0.0000 0.0000 100.0000
20302.4940 312595.8856 415.7659 300268.722065000 -0.0000 0.0000 100.0000
20302.4202 312595.8726 415.7377 300268.732065000 -0.0000 0.0000 100.0000
20302.3465 312595.8596 415.7096 300268.742065000 -0.0000 0.0000 100.0000
20302.2728 312595.8465 415.6814 300268.752065000 -0.0000 0.0000 100.0000
20302.1990 312595.8335 415.6532 300268.762065000 -0.0000 0.0000 100.0000
20302.1253 312595.8205 415.6251 300268.772065000 -0.0000 0.0000 100.0000
20302.0515 312595.8075 415.5969 300268.782065000 -0.0000 0.0000 100.0000
20301.9778 312595.7945 415.5687 300268.792065000 -0.0000 0.0000 100.0000
20301.9041 312595.7815 415.5406 300268.802065000 -0.0000 0.0000 100.0000
20301.8303 312595.7685 415.5124 300268.812065000 -0.0000 0.0000 100.0000
20301.7566 312595.7555 415.4842 300268.822065000 -0.0000 0.0000 100.0000
20301.6829 312595.7425 415.4560 300268.832065000 -0.0000 0.0000 100.0000
20301.6091 312595.7295 415.4279 300268.842065000 -0.0000 0.0000 100.0000
20301.5354 312595.7165 415.3997 300268.852065000 -0.0000 0.0000 100.0000
20301.4616 312595.7035 415.3715 300268.862065000 -0.0000 0.0000 100.0000
20301.3879 312595.6905 415.3434 300268.872065000 -0.0000 0.0000 100.0000
20301.3142 312595.6775 415.3152 300268.882065000 -0.0000 0.0000 100.0000
20301.2404 312595.6645 415.2870 300268.892065000 -0.0000 0.0000 100.0000
20301.1667 312595.6515 415.2589 300268.902065000 -0.0000 0.0000 100.0000
20301.0929 312595.6385 415.2307 300268.912065000 -0.0000 0.0000 100.0000
20301.0192 312595.6255 415.2025 300268.922065000 -0.0000 0.0000 100.0000
20300.9455 312595.6125 415.1744 300268.932065000 -0.0000 0.0000 100.0000
20300.8717 312595.5995 415.1462 300268.942065000 -0.0000 0.0000 100.0000
20300.7980 312595.5865 415.1180 300268.952065000 -0.0000 0.0000 100.0000
20300.7242 312595.5735 415.0899 300268.962065000 -0.0000 0.0000 100.0000
20300.6505 312595.5605 415.0617 300268.972065000 -0.0000 0.0000 100.0000
20300.5768 312595.5475 415.0335 300268.982065000 -0.0000 0.0000 100.0000
20300.5030 312595.5345 415.0053 300268.992065000 -0.0000 0.0000 100.0000
20300.4293 312595.5215 414.9772 300269.002065000 -0.0000 0.0000 100.0000
20300.3555 312595.5085 414.9490 300269.012065000 -0.0000 0.0000 100.0000
20300.2818 312595.4955 414.9208 300269.022065000 -0.0000 0.0000 100.0000
20300.2081 312595.4825 414.8927 300269.032065000 -0.0000 0.0000 100.0000
20300.1343 312595.4695 414.8645 300269.042065000 -0.0000 0.0000 100.0000
20300.0606 312595.4565 414.8363 300269.052065000 -0.0000 0.0000 100.0000
20299.9869 312595.4435 414.8082 300269.062065000 -0.0000 0.0000 100.0000
20299.9131 312595.4305 414.7800 300269.072065000 -0.0000 0.0000 100.0000
20299.8394 312595.4175 414.7518 300269.082065000 -0.0000 0.0000 100.0000
20299.7656 312595.4045 414.7237 300269.092065000 -0.0000 0.0000 100.0000
20299.6919 312595.3915 414.6955 300269.102065000 -0.0000 0.0000 100.0000
20299.6182 312595.3785 414.6673 300269.112065000 -0.0000 0.0000 100.0000
20299.5444 312595.3655 414.6392 300269.122065000 -0.0000 0.0000 100.0000
20299.4707 312595.3525 414.6110 300269.132065000 -0.0000 0.0000 100.0000
20299.3969 312595.3395 414.5828 300269.142065000 -0.0000 0.0000 100.0000
20299.3232 312595.3265 414.5546 300269.152065000 -0.0000 0.0000 100.0000
20299.2495 312595.3135 414.5265 300269.162065000 -0.0000 0.0000 100.0000
20299.1757 312595.3005 414.4983 300269.172065000 -0.0000 0.0000 100.0000
20299.1020 312595.2875 414.4701 300269.182065000 -0.0000 0.0000 100.0000
20299.0282 312595.2745 414.4420 300269.192065000 -0.0000 0.0000 100.0000
20298.9545 312595.2615 414.4138 300269.202065000 -0.0000 0.0000 100.0000
20298.8808 312595.2484 414.3856 300269.212065000 -0.0000 0.0000 100.0000
20298.8070 312595.2354 414.3575 300269.222065000 -0.0000 0.0000 100.0000
20298.7333 312595.2224 414.3293 300269.232065000 -0.0000 0.0000 100.0000
20298.6595 312595.2094 414.3011 300269.242065000 -0.0000 0.0000 100.0000
20298.5858 312595.1964 414.2730 300269.252065000 -0.0000 0.0000 100.0000
20298.5121 312595.1834 414.2448 300269.262065000 -0.0000 0.0000 100.0000
20298.4383 312595.1704 414.2166 300269.272065000 -0.0000 0.0000 100.0000
20298.3646 312595.1574 414.1885 300269.282065000 -0.0000 0.0000 100.0000
20298.2908 312595.1444 414.1603 300269.292065000 -0.0000 0.0000 100.0000
20298.2171 312595.1314 414.1321 300269.302065000 -0.0000 0.0000 100.0000
20298.1434 312595.1184 414.1040 300269.312065000 -0.0000 0.0000 100.0000
20298.0696 312595.1054 414.0758 300269.322065000 -0.0000 0.0000 100.0000
20297.9959 312595.0924 414.0476 300269.332065000 -0.0000 0.0000 100.0000
20297.9222 312595.0794 414.0194 300269.342065000 -0.0000 0.0000 100.0000
20297.8484 312595.0664 413.9913 300269.352065000 -0.0000 0.0000 100.0000
20297.7747 312595.0534 413.9631 300269.362065000 -0.0000 0.0000 100.0000
20297.7009 312595.0404 413.9349 300269.372065000 -0.0000 0.0000 100.0000
20297.6272 312595.0274 413.9068 300269.382065000 -0.0000 0.0000 100.0000
20297.5535 312595.0144 413.8786 300269.392065000 -0.0000 0.0000 100.0000
20297.4797 312595.0014 413.8504 300269.402065000 -0.0000 0.0000 100.0000
20297.4060 312594.9884 413.8223 300269.412065000 -0.0000 0.0000 100.0000
20297.3322 312594.9754 413.7941 300269.422065000 -0.0000 0.0000 100.0000
20297.2585 312594.9624 413.7659 300269.432065000 -0.0000 0.0000 100.0000
20297.1848 312594.9494 413.7378 300269.442065000 -0.0000 0.0000 100.0000
20297.1110 312594.9364 413.7096 300269.452065000 -0.0000 0.0000 100.0000
20297.0373 312594.9234 413.6814 300269.462065000 -0.0000 0.0000 100.0000
20296.9635 312594.9104 413.6533 300269.472065000 -0.0000 0.0000 100.0000
20296.8898 312594.8974 413.6251 300269.482065000 -0.0000 0.0000 100.0000
20296.8161 312594.8844 413.5969 300269.492065000 -0.0000 0.0000 100.0000
20296.7423 312594.8714 413.5687 300269.502065000 -0.0000 0.0000 100.0000
20296.6686 312594.8584 413.5406 300269.512065000 -0.0000 0.0000 100.0000
20296.5948 312594.8454 413.5124 300269.522065000 -0.0000 0.0000 100.0000
20296.5211 312594.8324 413.4842 300269.532065000 -0.0000 0.0000 100.0000
20296.4474 312594.8194 413.4561 300269.542065000 -0.0000 0.0000 100.0000
20296.3736 312594.8064 413.4279 300269.552065000 -0.0000 0.0000 100.0000
20296.2999 312594.7934 413.3997 300269.562065000 -0.0000 0.0000 100.0000
20296.2262 312594.7804 413.3716 300269.572065000 -0.0000 0.0000 100.0000
20296.1524 312594.7674 413.3434 300269.582065000 -0.0000 0.0000 100.0000
20296.0787 312594.7544 413.3152 300269.592065000 -0.0000 0.0000 100.0000
20296.0049 312594.7414 413.2871 300269.602065000 -0.0000 0.0000 100.0000
20295.9312 312594.7284 413.2589 300269.612065000 -0.0000 0.0000 100.0000
20295.8575 312594.7154 413.2307 300269.622065000 -0.0000 0.0000 100.0000
20295.7837 312594.7024 413.2026 300269.632065000 -0.0000 0.0000 100.0000
20295.7100 312594.6894 413.1744 300269.642065000 -0.0000 0.0000 100.0000
20295.6362 312594.6764 413.1462 300269.652065000 -0.0000 0.0000 100.0000
20295.5625 312594.6633 413.1180 300269.662065000 -0.0000 0.0000 100.0000
20295.4888 312594.6503 413.0899 300269.672065000 -0.0000 0.0000 100.0000
20295.4150 312594.6373 413.0617 300269.682065000 -0.0000 0.0000 100.0000
20295.3413 312594.6243 413.0335 300269.692065000 -0.0000 0.0000 100.0000
20295.2675 312594.6113 413.0054 300269.702065000 -0.0000 0.0000 100.0000
20295.1938 312594.5983 412.9772 300269.712065000 -0.0000 0.0000 100.0000
20295.1201 312594.5853 412.9490 300269.722065000 -0.0000 0.0000 100.0000
20295.0463 312594.5723 412.9209 300269.732065000 -0.0000 0.0000 100.0000
20294.9726 312594.5593 412.8927 300269.742065000 -0.0000 0.0000 100.0000
20294.8988 312594.5463 412.8645 300269.752065000 -0.0000 0.0000 100.0000
20294.8251 312594.5333 412.8364 300269.762065000 -0.0000 0.0000 100.0000
20294.7514 312594.5203 412.8082 300269.772065000 -0.0000 0.0000 100.0000
20294.6776 312594.5073 412.7800 300269.782065000 -0.0000 0.0000 100.0000
20294.6039 312594.4943 412.7519 300269.792065000 -0.0000 0.0000 100.0000
20294.5302 312594.4813 412.7237 300269.802065000 -0.0000 0.0000 100.0000
20294.4564 312594.4683 412.6955 300269.812065000 -0.0000 0.0000 100.0000
20294.3827 312594.4553 412.6673 300269.822065000 -0.0000 0.0000 100.0000
20294.3089 312594.4423 412.6392 300269.832065000 -0.0000 0.0000 100.0000
20294.2352 312594.4293 412.6110 300269.842065000 -0.0000 0.0000 100.0000
20294.1615 312594.4163 412.5828 300269.852065000 -0.0000 0.0000 100.0000
20294.0877 312594.4033 412.5547 300269.862065000 -0.0000 0.0000 100.0000
20294.0140 312594.3903 412.5265 300269.872065000 -0.0000 0.0000 100.0000
20293.9402 312594.3773 412.4983 300269.882065000 -0.0000 0.0000 100.0000
20293.8665 312594.3643 412.4702 300269.892065000 -0.0000 0.0000 100.0000
20293.7928 312594.3513 412.4420 300269.902065000 -0.0000 0.0000 100.0000
20293.7190 312594.3383 412.4138 300269.912065000 -0.0000 0.0000 100.0000
20293.6453 312594.3253 412.3857 300269.922065000 -0.0000 0.0000 100.0000
20293.5715 312594.3123 412.3575 300269.932065000 -0.0000 0.0000 100.0000
20293.4978 312594.2993 412.3293 300269.942065000 -0.0000 0.0000 100.0000
20293.4241 312594.2863 412.3012 300269.952065000 -0.0000 0.0000 100.0000
20293.3503 312594.2733 412.2730 300269.962065000 -0.0000 0.0000 100.0000
20293.2766 312594.2603 412.2448 300269.972065000 -0.0000 0.0000 100.0000
20293.2028 312594.2473 412.2167 300269.982065000 -0.0000 0.0000 100.0000
20293.1291 312594.2343 412.1885 300269.992065000 -0.0000 0.0000 100.0000
20293.0554 312594.2213 412.1603 300270.002065000 -0.0000 0.0000 100.0000
20292.9816 312594.2083 412.1321 300270.012065000 -0.0000 0.0000 100.0000
20292.9079 312594.1953 412.1040 300270.022065000 -0.0000 0.0000 100.0000
20292.8341 312594.1823 412.0758 300270.032065000 -0.0000 0.0000 100.0000
20292.7604 312594.1693 412.0476 300270.042065000 -0.0000 0.0000 100.0000
20292.6867 312594.1563 412.0195 300270.052065000 -0.0000 0.0000 100.0000
20292.6129 312594.1433 411.9913 300270.062065000 -0.0000 0.0000 100.0000
20292.5392 312594.1303 411.9631 300270.072065000 -0.0000 0.0000 100.0000
20292.4655 312594.1173 411.9350 300270.082065000 -0.0000 0.0000 100.0000
20292.3917 312594.1043 411.9068 300270.092065000 -0.0000 0.0000 100.0000
20292.3180 312594.0913 411.8786 300270.102065000 -0.0000 0.0000 100.0000
20292.2442 312594.0782 411.8505 300270.112065000 -0.0000 0.0000 100.0000
20292.1705 312594.0652 411.8223 300270.122065000 -0.0000 0.0000 100.0000
20292.0968 312594.0522 411.7941 300270.132065000 -0.0000 0.0000 100.0000
20292.0230 312594.0392 411.7660 300270.142065000 -0.0000 0.0000 100.0000
20291.9493 312594.0262 411.7378 300270.152065000 -0.0000 0.0000 100.0000
20291.8755 312594.0132 411.7096 300270.162065000 -0.0000 0.0000 100.0000
20291.8018 312594.0002 411.6814 300270.172065000 -0.0000 0.0000 100.0000
20291.7281 312593.9872 411.6533 300270.182065000 -0.0000 0.0000 100.0000
20291.6543 312593.9742 411.6251 300270.192065000 -0.0000 0.0000 100.0000
20291.5806 312593.9612 411.5969 300270.202065000 -0.0000 0.0000 100.0000
20291.5068 312593.9482 411.5688 300270.212065000 -0.0000 0.0000 100.0000
20291.4331 312593.9352 411.5406 300270.222065000 -0.0000 0.0000 100.0000
20291.3594 312593.9222 411.5124 300270.232065000 -0.0000 0.0000 100.0000
20291.2856 312593.9092 411.4843 300270.242065000 -0.0000 0.0000 100.0000
20291.2119 312593.8962 411.4561 300270.252065000 -0.0000 0.0000 100.0000
20291.1381 312593.8832 411.4279 300270.262065000 -0.0000 0.0000 100.0000
20291.0644 312593.8702 411.3998 300270.272065000 -0.0000 0.0000 100.0000
20290.9907 312593.8572 411.3716 300270.282065000 -0.0000 0.0000 100.0000
20290.9169 312593.8442 411.3434 300270.292065000 -0.0000 0.0000 100.0000
20290.8432 312593.8312 411.3153 300270.302065000 -0.0000 0.0000 100.0000
20290.7695 312593.8182 411.2871 300270.312065000 -0.0000 0.0000 100.0000
20290.6957 312593.8052 411.2589 300270.322065000 -0.0000 0.0000 100.0000
20290.6220 312593.7922 411.2307 300270.332065000 -0.0000 0.0000 100.0000
20290.5482 312593.7792 411.2026 300270.342065000 -0.0000 0.0000 100.0000
20290.4745 312593.7662 411.1744 300270.352065000 -0.0000 0.0000 100.0000
20290.4008 312593.7532 411.1462 300270.362065000 -0.0000 0.0000 100.0000
20290.3270 312593.7402 411.1181 300270.372065000 -0.0000 0.0000 100.0000
20290.2533 312593.7272 411.0899 300270.382065000 -0.0000 0.0000 100.0000
20290.1795 312593.7142 411.0617 300270.392065000 -0.0000 0.0000 100.0000
20290.1058 312593.7012 411.0336 300270.402065000 -0.0000 0.0000 100.0000
20290.0321 312593.6882 411.0054 300270.412065000 -0.0000 0.0000 100.0000
20289.9583 312593.6752 410.9772 300270.422065000 -0.0000 0.0000 100.0000
20289.8846 312593.6622 410.9491 300270.432065000 -0.0000 0.0000 100.0000
20289.8108 312593.6492 410.9209 300270.442065000 -0.0000 0.0000 100.0000
20289.7371 312593.6362 410.8927 300270.452065000 -0.0000 0.0000 100.0000
20289.6634 312593.6232 410.8646 300270.462065000 -0.0000 0.0000 100.0000
20289.5896 312593.6102 410.8364 300270.472065000 -0.0000 0.0000 100.0000
20289.5159 312593.5972 410.8082 300270.482065000 -0.0000 0.0000 100.0000
20289.4421 312593.5842 410.7801 300270.492065000 -0.0000 0.0000 100.0000
20289.3684 312593.5712 410.7519 300270.502065000 -0.0000 0.0000 100.0000
20289.2947 312593.5582 410.7237 300270.512065000 -0.0000 0.0000 100.0000
20289.2209 312593.5452 410.6955 300270.522065000 -0.0000 0.0000 100.0000
20289.1472 312593.5322 410.6674 300270.532065000 -0.0000 0.0000 100.0000
20289.0734 312593.5192 410.6392 300270.542065000 -0.0000 0.0000 100.0000
20288.9997 312593.5062 410.6110 300270.552065000 -0.0000 0.0000 100.0000
20288.9260 312593.4931 410.5829 300270.562065000 -0.0000 0.0000 100.0000
20288.8522 312593.4801 410.5547 300270.572065000 -0.0000 0.0000 100.0000
20288.7785 312593.4671 410.5265 300270.582065000 -0.0000 0.0000 100.0000
20288.7048 312593.4541 410.4984 300270.592065000 -0.0000 0.0000 100.0000
20288.6310 312593.4411 410.4702 300270.602065000 -0.0000 0.0000 100.0000
20288.5573 312593.4281 410.4420 300270.612065000 -0.0000 0.0000 100.0000
20288.4835 312593.4151 410.4139 300270.622065000 -0.0000 0.0000 100.0000
20288.4098 312593.4021 410.3857 300270.632065000 -0.0000 0.0000 100.0000
20288.3361 312593.3891 410.3575 300270.642065000 -0.0000 0.0000 100.0000
20288.2623 312593.3761 410.3294 300270.652065000 -0.0000 0.0000 100.0000
20288.1886 312593.3631 410.3012 300270.662065000 -0.0000 0.0000 100.0000
20288.1148 312593.3501 410.2730 300270.672065000 -0.0000 0.0000 100.0000
20288.0411 312593.3371 410.2448 300270.682065000 -0.0000 0.0000 100.0000
20287.9674 312593.3241 410.2167 300270.692065000 -0.0000 0.0000 100.0000
20287.8936 312593.3111 410.1885 300270.702065000 -0.0000 0.0000 100.0000
20287.8199 312593.2981 410.1603 300270.712065000 -0.0000 0.0000 100.0000
20287.7461 312593.2851 410.1322 300270.722065000 -0.0000 0.0000 100.0000
20287.6724 312593.2721 410.1040 300270.732065000 -0.0000 0.0000 100.0000
20287.5987 312593.2591 410.0758 300270.742065000 -0.0000 0.0000 100.0000
20287.5249 312593.2461 410.0477 300270.752065000 -0.0000 0.0000 100.0000
20287.4512 312593.2331 410.0195 300270.762065000 -0.0000 0.0000 100.0000
20287.3774 312593.2201 409.9913 300270.772065000 -0.0000 0.0000 100.0000
20287.3037 312593.2071 409.9632 300270.782065000 -0.0000 0.0000 100.0000
20287.2300 312593.1941 409.9350 300270.792065000 -0.0000 0.0000 100.0000
20287.1562 312593.1811 409.9068 300270.802065000 -0.0000 0.0000 100.0000
20287.0825 312593.1681 409.8787 300270.812065000 -0.0000 0.0000 100.0000
20287.0088 312593.1551 409.8505 300270.822065000 -0.0000 0.0000 100.0000
20286.9350 312593.1421 409.8223 300270.832065000 -0.0000 0.0000 100.0000
20286.8613 312593.1291 409.7941 300270.842065000 -0.0000 0.0000 100.0000
20286.7875 312593.1161 409.7660 300270.852065000 -0.0000 0.0000 100.0000
20286.7138 312593.1031 409.7378 300270.862065000 -0.0000 0.0000 100.0000
20286.6401 312593.0901 409.7096 300270.872065000 -0.0000 0.0000 100.0000
20286.5663 312593.0771 409.6815 300270.882065000 -0.0000 0.0000 100.0000
20286.4926 312593.0641 409.6533 300270.892065000 -0.0000 0.0000 100.0000
20286.4188 312593.0511 409.6251 300270.902065000 -0.0000 0.0000 100.0000
20286.3451 312593.0381 409.5970 300270.912065000 -0.0000 0.0000 100.0000
20286.2714 312593.0251 409.5688 300270.922065000 -0.0000 0.0000 100.0000
20286.1976 312593.0121 409.5406 300270.932065000 -0.0000 0.0000 100.0000
20286.1239 312592.9991 409.5125 300270.942065000 -0.0000 0.0000 100.0000
20286.0501 312592.9861 409.4843 300270.952065000 -0.0000 0.0000 100.0000
20285.9764 312592.9731 409.4561 300270.962065000 -0.0000 0.0000 100.0000
20285.9027 312592.9601 409.4280 300270.972065000 -0.0000 0.0000 100.0000
20285.8289 312592.9471 409.3998 300270.982065000 -0.0000 0.0000 100.0000
20285.7552 312592.9341 409.3716 300270.992065000 -0.0000 0.0000 100.0000
20285.6814 312592.9211 409.3435 300271.002065000 -0.0000 0.0000 100.0000
20285.6077 312592.9081 409.3153 300271.012065000 -0.0000 0.0000 100.0000
20285.5340 312592.8950 409.2871 300271.022065000 -0.0000 0.0000 100.0000
20285.4602 312592.8820 409.2589 300271.032065000 -0.0000 0.0000 100.0000
20285.3865 312592.8690 409.2308 300271.042065000 -0.0000 0.0000 100.0000
20285.3127 312592.8560 409.2026 300271.052065000 -0.0000 0.0000 100.0000
20285.2390 312592.8430 409.1744 300271.062065000 -0.0000 0.0000 100.0000
20285.1653 312592.8300 409.1463 300271.072065000 -0.0000 0.0000 100.0000
20285.0915 312592.8170 409.1181 300271.082065000 -0.0000 0.0000 100.0000
20285.0178 312592.8040 409.0899 300271.092065000 -0.0000 0.0000 100.0000
20284.9441 312592.7910 409.0618 300271.102065000 -0.0000 0.0000 100.0000
20284.8703 312592.7780 409.0336 300271.112065000 -0.0000 0.0000 100.0000
20284.7966 312592.7650 409.0054 300271.122065000 -0.0000 0.0000 100.0000
20284.7228 312592.7520 408.9773 300271.132065000 -0.0000 0.0000 100.0000
20284.6491 312592.7390 408.9491 300271.142065000 -0.0000 0.0000 100.0000
20284.5754 312592.7260 408.9209 300271.152065000 -0.0000 0.0000 100.0000
20284.5016 312592.7130 408.8928 300271.162065000 -0.0000 0.0000 100.0000
20284.4279 312592.7000 408.8646 300271.172065000 -0.0000 0.0000 100.0000
20284.3541 312592.6870 408.8364 300271.182065000 -0.0000 0.0000 100.0000
20284.2804 312592.6740 408.8082 300271.192065000 -0.0000 0.0000 100.0000
20284.2067 312592.6610 408.7801 300271.202065000 -0.0000 0.0000 100.0000
20284.1329 312592.6480 408.7519 300271.212065000 -0.0000 0.0000 100.0000
20284.0592 312592.6350 408.7237 300271.222065000 -0.0000 0.0000 100.0000
20283.9854 312592.6220 408.6956 300271.232065000 -0.0000 0.0000 100.0000
20283.9117 312592.6090 408.6674 300271.242065000 -0.0000 0.0000 100.0000
20283.8380 312592.5960 408.6392 300271.252065000 -0.0000 0.0000 100.0000
20283.7642 312592.5830 408.6111 300271.262065000 -0.0000 0.0000 100.0000
20283.6905 312592.5700 408.5829 300271.272065000 -0.0000 0.0000 100.0000
20283.6167 312592.5570 408.5547 300271.282065000 -0.0000 0.0000 100.0000
20283.5430 312592.5440 408.5266 300271.292065000 -0.0000 0.0000 100.0000
20283.4693 312592.5310 408.4984 300271.302065000 -0.0000 0.0000 100.0000
20283.3955 312592.5180 408.4702 300271.312065000 -0.0000 0.0000 100.0000
20283.3218 312592.5050 408.4421 300271.322065000 -0.0000 0.0000 100.0000
20283.2481 312592.4920 408.4139 300271.332065000 -0.0000 0.0000 100.0000
20283.1743 312592.4790 408.3857 300271.342065000 -0.0000 0.0000 100.0000
20283.1006 312592.4660 408.3575 300271.352065000 -0.0000 0.0000 100.0000
20283.0268 312592.4530 408.3294 300271.362065000 -0.0000 0.0000 100.0000
20282.9531 312592.4400 408.3012 300271.372065000 -0.0000 0.0000 100.0000
20282.8794 312592.4270 408.2730 300271.382065000 -0.0000 0.0000 100.0000
20282.8056 312592.4140 408.2449 300271.392065000 -0.0000 0.0000 100.0000
20282.7319 312592.4010 408.2167 300271.402065000 -0.0000 0.0000 100.0000
20282.6581 312592.3880 408.1885 300271.412065000 -0.0000 0.0000 100.0000
20282.5844 312592.3750 408.1604 300271.422065000 -0.0000 0.0000 100.0000
20282.5107 312592.3620 408.1322 300271.432065000 -0.0000 0.0000 100.0000
20282.4369 312592.3490 408.1040 300271.442065000 -0.0000 0.0000 100.0000
20282.3632 312592.3360 408.0759 300271.452065000 -0.0000 0.0000 100.0000
20282.2894 312592.3230 408.0477 300271.462065000 -0.0000 0.0000 100.0000
20282.2157 312592.3099 408.0195 300271.472065000 -0.0000 0.0000 100.0000
20282.1420 312592.2969 407.9914 300271.482065000 -0.0000 0.0000 100.0000
20282.0682 312592.2839 407.9632 300271.492065000 -0.0000 0.0000 100.0000
20281.9945 312592.2709 407.9350 300271.502065000 -0.0000 0.0000 100.0000
20281.9207 312592.2579 407.9068 300271.512065000 -0.0000 0.0000 100.0000
20281.8470 312592.2449 407.8787 300271.522065000 -0.0000 0.0000 100.0000
20281.7733 312592.2319 407.8505 300271.532065000 -0.0000 0.0000 100.0000
20281.6995 312592.2189 407.8223 300271.542065000 -0.0000 0.0000 100.0000
20281.6258 312592.2059 407.7942 300271.552065000 -0.0000 0.0000 100.0000
20281.5521 312592.1929 407.7660 300271.562065000 -0.0000 0.0000 100.0000
20281.4783 312592.1799 407.7378 300271.572065000 -0.0000 0.0000 100.0000
20281.4046 312592.1669 407.7097 300271.582065000 -0.0000 0.0000 100.0000
20281.3308 312592.1539 407.6815 300271.592065000 -0.0000 0.0000 100.0000
20281.2571 312592.1409 407.6533 300271.602065000 -0.0000 0.0000 100.0000
20281.1834 312592.1279 407.6252 300271.612065000 -0.0000 0.0000 100.0000
20281.1096 312592.1149 407.5970 300271.622065000 -0.0000 0.0000 100.0000
20281.0359 312592.1019 407.5688 300271.632065000 -0.0000 0.0000 100.0000
20280.9621 312592.0889 407.5407 300271.642065000 -0.0000 0.0000 100.0000
20280.8884 312592.0759 407.5125 300271.652065000 -0.0000 0.0000 100.0000
20280.8147 312592.0629 407.4843 300271.662065000 -0.0000 0.0000 100.0000
20280.7409 312592.0499 407.4562 300271.672065000 -0.0000 0.0000 100.0000
20280.6672 312592.0369 407.4280 300271.682065000 -0.0000 0.0000 100.0000
20280.5934 312592.0239 407.3998 300271.692065000 -0.0000 0.0000 100.0000
20280.5197 312592.0109 407.3716 300271.702065000 -0.0000 0.0000 100.0000
20280.4460 312591.9979 407.3435 300271.712065000 -0.0000 0.0000 100.0000
20280.3722 312591.9849 407.3153 300271.722065000 -0.0000 0.0000 100.0000
20280.2985 312591.9719 407.2871 300271.732065000 -0.0000 0.0000 100.0000
20280.2247 312591.9589 407.2590 300271.742065000 -0.0000 0.0000 100.0000
20280.1510 312591.9459 407.2308 300271.752065000 -0.0000 0.0000 100.0000
20280.0773 312591.9329 407.2026 300271.762065000 -0.0000 0.0000 100.0000
20280.0035 312591.9199 407.1745 300271.772065000 -0.0000 0.0000 100.0000
20279.9298 312591.9069 407.1463 300271.782065000 -0.0000 0.0000 100.0000
20279.8560 312591.8939 407.1181 300271.792065000 -0.0000 0.0000 100.0000
20279.7823 312591.8809 407.0900 300271.802065000 -0.0000 0.0000 100.0000
20279.7086 312591.8679 407.0618 300271.812065000 -0.0000 0.0000 100.0000
20279.6348 312591.8549 407.0336 300271.822065000 -0.0000 0.0000 100.0000
20279.5611 312591.8419 407.0055 300271.832065000 -0.0000 0.0000 100.0000
20279.4874 312591.8289 406.9773 300271.842065000 -0.0000 0.0000 100.0000
20279.4136 312591.8159 406.9491 300271.852065000 -0.0000 0.0000 100.0000
20279.3399 312591.8029 406.9209 300271.862065000 -0.0000 0.0000 100.0000
20279.2661 312591.7899 406.8928 300271.872065000 -0.0000 0.0000 100.0000
20279.1924 312591.7769 406.8646 300271.882065000 -0.0000 0.0000 100.0000
20279.1187 312591.7639 406.8364 300271.892065000 -0.0000 0.0000 100.0000
20279.0449 312591.7509 406.8083 300271.902065000 -0.0000 0.0000 100.0000
20278.9712 312591.7379 406.7801 300271.912065000 -0.0000 0.0000 100.0000
20278.8974 312591.7248 406.7519 300271.922065000 -0.0000 0.0000 100.0000
20278.8237 312591.7118 406.7238 300271.932065000 -0.0000 0.0000 100.0000
20278.7500 312591.6988 406.6956 300271.942065000 -0.0000 0.0000 100.0000
20278.6762 312591.6858 406.6674 300271.952065000 -0.0000 0.0000 100.0000
20278.6025 312591.6728 406.6393 300271.962065000 -0.0000 0.0000 100.0000
20278.5287 312591.6598 406.6111 300271.972065000 -0.0000 0.0000 100.0000
20278.4550 312591.6468 406.5829 300271.982065000 -0.0000 0.0000 100.0000
20278.3813 312591.6338 406.5548 300271.992065000 -0.0000 0.0000 100.0000
20278.3075 312591.6208 406.5266 300272.002065000 -0.0000 0.0000 100.0000
20278.2338 312591.6078 406.4984 300272.012065000 -0.0000 0.0000 100.0000
20278.1600 312591.5948 406.4702 300272.022065000 -0.0000 0.0000 100.0000
20278.0863 312591.5818 406.4421 300272.032065000 -0.0000 0.0000 100.0000
20278.0126 312591.5688 406.4139 300272.042065000 -0.0000 0.0000 100.0000
20277.9388 312591.5558 406.3857 300272.052065000 -0.0000 0.0000 100.0000
20277.8651 312591.5428 406.3576 300272.062065000 -0.0000 0.0000 100.0000
20277.7914 312591.5298 406.3294 300272.072065000 -0.0000 0.0000 100.0000
20277.7176 312591.5168 406.3012 300272.082065000 -0.0000 0.0000 100.0000
20277.6439 312591.5038 406.2731 300272.092065000 -0.0000 0.0000 100.0000
20277.5701 312591.4908 406.2449 300272.102065000 -0.0000 0.0000 100.0000
20277.4964 312591.4778 406.2167 300272.112065000 -0.0000 0.0000 100.0000
20277.4227 312591.4648 406.1886 300272.122065000 -0.0000 0.0000 100.0000
20277.3489 312591.4518 406.1604 300272.132065000 -0.0000 0.0000 100.0000
20277.2752 312591.4388 406.1322 300272.142065000 -0.0000 0.0000 100.0000
20277.2014 312591.4258 406.1041 300272.152065000 -0.0000 0.0000 100.0000
20277.1277 312591.4128 406.0759 300272.162065000 -0.0000 0.0000 100.0000
20277.0540 312591.3998 406.0477 300272.172065000 -0.0000 0.0000 100.0000
20276.9802 312591.3868 406.0196 300272.182065000 -0.0000 0.0000 100.0000
20276.9065 312591.3738 405.9914 300272.192065000 -0.0000 0.0000 100.0000
20276.8327 312591.3608 405.9632 300272.202065000 -0.0000 0.0000 100.0000
20276.7590 312591.3478 405.9350 300272.212065000 -0.0000 0.0000 100.0000
20276.6853 312591.3348 405.9069 300272.222065000 -0.0000 0.0000 100.0000
20276.6115 312591.3218 405.8787 300272.232065000 -0.0000 0.0000 100.0000
20276.5378 312591.3088 405.8505 300272.242065000 -0.0000 0.0000 100.0000
20276.4640 312591.2958 405.8224 300272.252065000 -0.0000 0.0000 100.0000
20276.3903 312591.2828 405.7942 300272.262065000 -0.0000 0.0000 100.0000
20276.3166 312591.2698 405.7660 300272.272065000 -0.0000 0.0000 100.0000
20276.2428 312591.2568 405.7379 300272.282065000 -0.0000 0.0000 100.0000
20276.1691 312591.2438 405.7097 300272.292065000 -0.0000 0.0000 100.0000
20276.0953 312591.2308 405.6815 300272.302065000 -0.0000 0.0000 100.0000
20276.0216 312591.2178 405.6534 300272.312065000 -0.0000 0.0000 100.0000
20275.9479 312591.2048 405.6252 300272.322065000 -0.0000 0.0000 100.0000
20275.8741 312591.1918 405.5970 300272.332065000 -0.0000 0.0000 100.0000
20275.8004 312591.1788 405.5689 300272.342065000 -0.0000 0.0000 100.0000
20275.7267 312591.1658 405.5407 300272.352065000 -0.0000 0.0000 100.0000
20275.6529 312591.1528 405.5125 300272.362065000 -0.0000 0.0000 100.0000
20275.5792 312591.1397 405.4843 300272.372065000 -0.0000 0.0000 100.0000
20275.5054 312591.1267 405.4562 300272.382065000 -0.0000 0.0000 100.0000
20275.4317 312591.1137 405.4280 300272.392065000 -0.0000 0.0000 100.0000
20275.3580 312591.1007 405.3998 300272.402065000 -0.0000 0.0000 100.0000
20275.2842 312591.0877 405.3717 300272.412065000 -0.0000 0.0000 100.0000
20275.2105 312591.0747 405.3435 300272.422065000 -0.0000 0.0000 100.0000
20275.1367 312591.0617 405.3153 300272.432065000 -0.0000 0.0000 100.0000
20275.0630 312591.0487 405.2872 300272.442065000 -0.0000 0.0000 100.0000
20274.9893 312591.0357 405.2590 300272.452065000 -0.0000 0.0000 100.0000
20274.9155 312591.0227 405.2308 300272.462065000 -0.0000 0.0000 100.0000
20274.8418 312591.0097 405.2027 300272.472065000 -0.0000 0.0000 100.0000
20274.7680 312590.9967 405.1745 300272.482065000 -0.0000 0.0000 100.0000
20274.6943 312590.9837 405.1463 300272.492065000 -0.0000 0.0000 100.0000
20274.6206 312590.9707 405.1182 300272.502065000 -0.0000 0.0000 100.0000
20274.5468 312590.9577 405.0900 300272.512065000 -0.0000 0.0000 100.0000
20274.4731 312590.9447 405.0618 300272.522065000 -0.0000 0.0000 100.0000
20274.3993 312590.9317 405.0336 300272.532065000 -0.0000 0.0000 100.0000
20274.3256 312590.9187 405.0055 300272.542065000 -0.0000 0.0000 100.0000
20274.2519 312590.9057 404.9773 300272.552065000 -0.0000 0.0000 100.0000
20274.1781 312590.8927 404.9491 300272.562065000 -0.0000 0.0000 100.0000
20274.1044 312590.8797 404.9210 300272.572065000 -0.0000 0.0000 100.0000
20274.0307 312590.8667 404.8928 300272.582065000 -0.0000 0.0000 100.0000
20273.9569 312590.8537 404.8646 300272.592065000 -0.0000 0.0000 100.0000
20273.8832 312590.8407 404.8365 300272.602065000 -0.0000 0.0000 100.0000
20273.8094 312590.8277 404.8083 300272.612065000 -0.0000 0.0000 100.0000
20273.7357 312590.8147 404.7801 300272.622065000 -0.0000 0.0000 100.0000
20273.6620 312590.8017 404.7520 300272.632065000 -0.0000 0.0000 100.0000
20273.5882 312590.7887 404.7238 300272.642065000 -0.0000 0.0000 100.0000
20273.5145 312590.7757 404.6956 300272.652065000 -0.0000 0.0000 100.0000
20273.4407 312590.7627 404.6675 300272.662065000 -0.0000 0.0000 100.0000
20273.3670 312590.7497 404.6393 300272.672065000 -0.0000 0.0000 100.0000
20273.2933 312590.7367 404.6111 300272.682065000 -0.0000 0.0000 100.0000
20273.2195 312590.7237 404.5829 300272.692065000 -0.0000 0.0000 100.0000
20273.1458 312590.7107 404.5548 300272.702065000 -0.0000 0.0000 100.0000
20273.0720 312590.6977 404.5266 300272.712065000 -0.0000 0.0000 100.0000
20272.9983 312590.6847 404.4984 300272.722065000 -0.0000 0.0000 100.0000
20272.9246 312590.6717 404.4703 300272.732065000 -0.0000 0.0000 100.0000
20272.8508 312590.6587 404.4421 300272.742065000 -0.0000 0.0000 100.0000
20272.7771 312590.6457 404.4139 300272.752065000 -0.0000 0.0000 100.0000
20272.7033 312590.6327 404.3858 300272.762065000 -0.0000 0.0000 100.0000
20272.6296 312590.6197 404.3576 300272.772065000 -0.0000 0.0000 100.0000
20272.5559 312590.6067 404.3294 300272.782065000 -0.0000 0.0000 100.0000
20272.4821 312590.5937 404.3013 300272.792065000 -0.0000 0.0000 100.0000
20272.4084 312590.5807 404.2731 300272.802065000 -0.0000 0.0000 100.0000
20272.3347 312590.5677 404.2449 300272.812065000 -0.0000 0.0000 100.0000
20272.2609 312590.5547 404.2168 300272.822065000 -0.0000 0.0000 100.0000
20272.1872 312590.5416 404.1886 300272.832065000 -0.0000 0.0000 100.0000
20272.1134 312590.5286 404.1604 300272.842065000 -0.0000 0.0000 100.0000
20272.0397 312590.5156 404.1323 300272.852065000 -0.0000 0.0000 100.0000
20271.9660 312590.5026 404.1041 300272.862065000 -0.0000 0.0000 100.0000
20271.8922 312590.4896 404.0759 300272.872065000 -0.0000 0.0000 100.0000
20271.8185 312590.4766 404.0477 300272.882065000 -0.0000 0.0000 100.0000
20271.7447 312590.4636 404.0196 300272.892065000 -0.0000 0.0000 100.0000
20271.6710 312590.4506 403.9914 300272.902065000 -0.0000 0.0000 100.0000
20271.5973 312590.4376 403.9632 300272.912065000 -0.0000 0.0000 100.0000
20271.5235 312590.4246 403.9351 300272.922065000 -0.0000 0.0000 100.0000
20271.4498 312590.4116 403.9069 300272.932065000 -0.0000 0.0000 100.0000
20271.3760 312590.3986 403.8787 300272.942065000 -0.0000 0.0000 100.0000
20271.3023 312590.3856 403.8506 300272.952065000 -0.0000 0.0000 100.0000
20271.2286 312590.3726 403.8224 300272.962065000 -0.0000 0.0000 100.0000
20271.1548 312590.3596 403.7942 300272.972065000 -0.0000 0.0000 100.0000
20271.0811 312590.3466 403.7661 300272.982065000 -0.0000 0.0000 100.0000
20271.0073 312590.3336 403.7379 300272.992065000 -0.0000 0.0000 100.0000
20270.9336 312590.3206 403.7097 300273.002065000 -0.0000 0.0000 100.0000
20270.8599 312590.3076 403.6816 300273.012065000 -0.0000 0.0000 100.0000
20270.7861 312590.2946 403.6534 300273.022065000 -0.0000 0.0000 100.0000
20270.7124 312590.2816 403.6252 300273.032065000 -0.0000 0.0000 100.0000
20270.6386 312590.2686 403.5970 300273.042065000 -0.0000 0.0000 100.0000
20270.5649 312590.2556 403.5689 300273.052065000 -0.0000 0.0000 100.0000
20270.4912 312590.2426 403.5407 300273.062065000 -0.0000 0.0000 100.0000
20270.4174 312590.2296 403.5125 300273.072065000 -0.0000 0.0000 100.0000
20270.3437 312590.2166 403.4844 300273.082065000 -0.0000 0.0000 100.0000
20270.2700 312590.2036 403.4562 300273.092065000 -0.0000 0.0000 100.0000
20270.1962 312590.1906 403.4280 300273.102065000 -0.0000 0.0000 100.0000
20270.1225 312590.1776 403.3999 300273.112065000 -0.0000 0.0000 100.0000
20270.0487 312590.1646 403.3717 300273.122065000 -0.0000 0.0000 100.0000
20269.9750 312590.1516 403.3435 300273.132065000 -0.0000 0.0000 100.0000
20269.9013 312590.1386 403.3154 300273.142065000 -0.0000 0.0000 100.0000
20269.8275 312590.1256 403.2872 300273.152065000 -0.0000 0.0000 100.0000
20269.7538 312590.1126 403.2590 300273.162065000 -0.0000 0.0000 100.0000
20269.6800 312590.0996 403.2309 300273.172065000 -0.0000 0.0000 100.0000
20269.6063 312590.0866 403.2027 300273.182065000 -0.0000 0.0000 100.0000
20269.5326 312590.0736 403.1745 300273.192065000 -0.0000 0.0000 100.0000
20269.4588 312590.0606 403.1463 300273.202065000 -0.0000 0.0000 100.0000
20269.3851 312590.0476 403.1182 300273.212065000 -0.0000 0.0000 100.0000
20269.3113 312590.0346 403.0900 300273.222065000 -0.0000 0.0000 100.0000
20269.2376 312590.0216 403.0618 300273.232065000 -0.0000 0.0000 100.0000
20269.1639 312590.0086 403.0337 300273.242065000 -0.0000 0.0000 100.0000
20269.0901 312589.9956 403.0055 300273.252065000 -0.0000 0.0000 100.0000
20269.0164 312589.9826 402.9773 300273.262065000 -0.0000 0.0000 100.0000
20268.9426 312589.9696 402.9492 300273.272065000 -0.0000 0.0000 100.0000
20268.8689 312589.9565 402.9210 300273.282065000 -0.0000 0.0000 100.0000
20268.7952 312589.9435 402.8928 300273.292065000 -0.0000 0.0000 100.0000
20268.7214 312589.9305 402.8647 300273.302065000 -0.0000 0.0000 100.0000
20268.6477 312589.9175 402.8365 300273.312065000 -0.0000 0.0000 100.0000
20268.5740 312589.9045 402.8083 300273.322065000 -0.0000 0.0000 100.0000
20268.5002 312589.8915 402.7802 300273.332065000 -0.0000 0.0000 100.0000
20268.4265 312589.8785 402.7520 300273.342065000 -0.0000 0.0000 100.0000
20268.3527 312589.8655 402.7238 300273.352065000 -0.0000 0.0000 100.0000
20268.2790 312589.8525 402.6957 300273.362065000 -0.0000 0.0000 100.0000
20268.2053 312589.8395 402.6675 300273.372065000 -0.0000 0.0000 100.0000
20268.1315 312589.8265 402.6393 300273.382065000 -0.0000 0.0000 100.0000
20268.0578 312589.8135 402.6111 300273.392065000 -0.0000 0.0000 100.0000
20267.9840 312589.8005 402.5830 300273.402065000 -0.0000 0.0000 100.0000
20267.9103 312589.7875 402.5548 300273.412065000 -0.0000 0.0000 100.0000
20267.8366 312589.7745 402.5266 300273.422065000 -0.0000 0.0000 100.0000
20267.7628 312589.7615 402.4985 300273.432065000 -0.0000 0.0000 100.0000
20267.6891 312589.7485 402.4703 300273.442065000 -0.0000 0.0000 100.0000
20267.6153 312589.7355 402.4421 300273.452065000 -0.0000 0.0000 100.0000
20267.5416 312589.7225 402.4140 300273.462065000 -0.0000 0.0000 100.0000
20267.4679 312589.7095 402.3858 300273.472065000 -0.0000 0.0000 100.0000
20267.3941 312589.6965 402.3576 300273.482065000 -0.0000 0.0000 100.0000
20267.3204 312589.6835 402.3295 300273.492065000 -0.0000 0.0000 100.0000
20267.2466 312589.6705 402.3013 300273.502065000 -0.0000 0.0000 100.0000
20267.1729 312589.6575 402.2731 300273.512065000 -0.0000 0.0000 100.0000
20267.0992 312589.6445 402.2450 300273.522065000 -0.0000 0.0000 100.0000
20267.0254 312589.6315 402.2168 300273.532065000 -0.0000 0.0000 100.0000
20266.9517 312589.6185 402.1886 300273.542065000 -0.0000 0.0000 100.0000
20266.8779 312589.6055 402.1604 300273.552065000 -0.0000 0.0000 100.0000
20266.8042 312589.5925 402.1323 300273.562065000 -0.0000 0.0000 100.0000
20266.7305 312589.5795 402.1041 300273.572065000 -0.0000 0.0000 100.0000
20266.6567 312589.5665 402.0759 300273.582065000 -0.0000 0.0000 100.0000
20266.5830 312589.5535 402.0478 300273.592065000 -0.0000 0.0000 100.0000
20266.5093 312589.5405 402.0196 300273.602065000 -0.0000 0.0000 100.0000
20266.4355 312589.5275 401.9914 300273.612065000 -0.0000 0.0000 100.0000
20266.3618 312589.5145 401.9633 300273.622065000 -0.0000 0.0000 100.0000
20266.2880 312589.5015 401.9351 300273.632065000 -0.0000 0.0000 100.0000
20266.2143 312589.4885 401.9069 300273.642065000 -0.0000 0.0000 100.0000
20266.1406 312589.4755 401.8788 300273.652065000 -0.0000 0.0000 100.0000
20266.0668 312589.4625 401.8506 300273.662065000 -0.0000 0.0000 100.0000
20265.9931 312589.4495 401.8224 300273.672065000 -0.0000 0.0000 100.0000
20265.9193 312589.4365 401.7943 300273.682065000 -0.0000 0.0000 100.0000
20265.8456 312589.4235 401.7661 300273.692065000 -0.0000 0.0000 100.0000
20265.7719 312589.4105 401.7379 300273.702065000 -0.0000 0.0000 100.0000
20265.6981 312589.3975 401.7097 300273.712065000 -0.0000 0.0000 100.0000
20265.6244 312589.3845 401.6816 300273.722065000 -0.0000 0.0000 100.0000
20265.5506 312589.3714 401.6534 300273.732065000 -0.0000 0.0000 100.0000
20265.4769 312589.3584 401.6252 300273.742065000 -0.0000 0.0000 100.0000
20265.4032 312589.3454 401.5971 300273.752065000 -0.0000 0.0000 100.0000
20265.3294 312589.3324 401.5689 300273.762065000 -0.0000 0.0000 100.0000
20265.2557 312589.3194 401.5407 300273.772065000 -0.0000 0.0000 100.0000
20265.1819 312589.3064 401.5126 300273.782065000 -0.0000 0.0000 100.0000
20265.1082 312589.2934 401.4844 300273.792065000 -0.0000 0.0000 100.0000
20265.0345 312589.2804 401.4562 300273.802065000 -0.0000 0.0000 100.0000
20264.9607 312589.2674 401.4281 300273.812065000 -0.0000 0.0000 100.0000
20264.8870 312589.2544 401.3999 300273.822065000 -0.0000 0.0000 100.0000
20264.8133 312589.2414 401.3717 300273.832065000 -0.0000 0.0000 100.0000
20264.7395 312589.2284 401.3436 300273.842065000 -0.0000 0.0000 100.0000
20264.6658 312589.2154 401.3154 300273.852065000 -0.0000 0.0000 100.0000
20264.5920 312589.2024 401.2872 300273.862065000 -0.0000 0.0000 100.0000
20264.5183 312589.1894 401.2591 300273.872065000 -0.0000 0.0000 100.0000
20264.4446 312589.1764 401.2309 300273.882065000 -0.0000 0.0000 100.0000
20264.3708 312589.1634 401.2027 300273.892065000 -0.0000 0.0000 100.0000
20264.2971 312589.1504 401.1745 300273.902065000 -0.0000 0.0000 100.0000
20264.2233 312589.1374 401.1464 300273.912065000 -0.0000 0.0000 100.0000
20264.1496 312589.1244 401.1182 300273.922065000 -0.0000 0.0000 100.0000
20264.0759 312589.1114 401.0900 300273.932065000 -0.0000 0.0000 100.0000
20264.0021 312589.0984 401.0619 300273.942065000 -0.0000 0.0000 100.0000
20263.9284 312589.0854 401.0337 300273.952065000 -0.0000 0.0000 100.0000
20263.8546 312589.0724 401.0055 300273.962065000 -0.0000 0.0000 100.0000
20263.7809 312589.0594 400.9774 300273.972065000 -0.0000 0.0000 100.0000
20263.7072 312589.0464 400.9492 300273.982065000 -0.0000 0.0000 100.0000
20263.6334 312589.0334 400.9210 300273.992065000 -0.0000 0.0000 100.0000
20263.5597 312589.0204 400.8929 300274.002065000 -0.0000 0.0000 100.0000
20263.4859 312589.0074 400.8647 300274.012065000 -0.0000 0.0000 100.0000
20263.4122 312588.9944 400.8365 300274.022065000 -0.0000 0.0000 100.0000
20263.3385 312588.9814 400.8084 300274.032065000 -0.0000 0.0000 100.0000
20263.2647 312588.9684 400.7802 300274.042065000 -0.0000 0.0000 100.0000
20263.1910 312588.9554 400.7520 300274.052065000 -0.0000 0.0000 100.0000
20263.1172 312588.9424 400.7238 300274.062065000 -0.0000 0.0000 100.0000
20263.0435 312588.9294 400.6957 300274.072065000 -0.0000 0.0000 100.0000
20262.9698 312588.9164 400.6675 300274.082065000 -0.0000 0.0000 100.0000
20262.8960 312588.9034 400.6393 300274.092065000 -0.0000 0.0000 100.0000
20262.8223 312588.8904 400.6112 300274.102065000 -0.0000 0.0000 100.0000
20262.7486 312588.8774 400.5830 300274.112065000 -0.0000 0.0000 100.0000
20262.6748 312588.8644 400.5548 300274.122065000 -0.0000 0.0000 100.0000
20262.6011 312588.8514 400.5267 300274.132065000 -0.0000 0.0000 100.0000
20262.5273 312588.8384 400.4985 300274.142065000 -0.0000 0.0000 100.0000
20262.4536 312588.8254 400.4703 300274.152065000 -0.0000 0.0000 100.0000
20262.3799 312588.8124 400.4422 300274.162065000 -0.0000 0.0000 100.0000
20262.3061 312588.7994 400.4140 300274.172065000 -0.0000 0.0000 100.0000
20262.2324 312588.7863 400.3858 300274.182065000 -0.0000 0.0000 100.0000
20262.1586 312588.7733 400.3577 300274.192065000 -0.0000 0.0000 100.0000
20262.0849 312588.7603 400.3295 300274.202065000 -0.0000 0.0000 100.0000
20262.0112 312588.7473 400.3013 300274.212065000 -0.0000 0.0000 100.0000
20261.9374 312588.7343 400.2731 300274.222065000 -0.0000 0.0000 100.0000
20261.8637 312588.7213 400.2450 300274.232065000 -0.0000 0.0000 100.0000
20261.7899 312588.7083 400.2168 300274.242065000 -0.0000 0.0000 100.0000
20261.7162 312588.6953 400.1886 300274.252065000 -0.0000 0.0000 100.0000
20261.6425 312588.6823 400.1605 300274.262065000 -0.0000 0.0000 100.0000
20261.5687 312588.6693 400.1323 300274.272065000 -0.0000 0.0000 100.0000
20261.4950 312588.6563 400.1041 300274.282065000 -0.0000 0.0000 100.0000
20261.4212 312588.6433 400.0760 300274.292065000 -0.0000 0.0000 100.0000
20261.3475 312588.6303 400.0478 300274.302065000 -0.0000 0.0000 100.0000
20261.2738 312588.6173 400.0196 300274.312065000 -0.0000 0.0000 100.0000
20261.2000 312588.6043 399.9915 300274.322065000 -0.0000 0.0000 100.0000
20261.1263 312588.5913 399.9633 300274.332065000 -0.0000 0.0000 100.0000
20261.0526 312588.5783 399.9351 300274.342065000 -0.0000 0.0000 100.0000
20260.9788 312588.5653 399.9070 300274.352065000 -0.0000 0.0000 100.0000
20260.9051 312588.5523 399.8788 300274.362065000 -0.0000 0.0000 100.0000
20260.8313 312588.5393 399.8506 300274.372065000 -0.0000 0.0000 100.0000
20260.7576 312588.5263 399.8224 300274.382065000 -0.0000 0.0000 100.0000
20260.6839 312588.5133 399.7943 300274.392065000 -0.0000 0.0000 100.0000
20260.6101 312588.5003 399.7661 300274.402065000 -0.0000 0.0000 100.0000
20260.5364 312588.4873 399.7379 300274.412065000 -0.0000 0.0000 100.0000
20260.4626 312588.4743 399.7098 300274.422065000 -0.0000 0.0000 100.0000
20260.3889 312588.4613 399.6816 300274.432065000 -0.0000 0.0000 100.0000
20260.3152 312588.4483 399.6534 300274.442065000 -0.0000 0.0000 100.0000
20260.2414 312588.4353 399.6253 300274.452065000 -0.0000 0.0000 100.0000
20260.1677 312588.4223 399.5971 300274.462065000 -0.0000 0.0000 100.0000
20260.0939 312588.4093 399.5689 300274.472065000 -0.0000 0.0000 100.0000
20260.0202 312588.3963 399.5408 300274.482065000 -0.0000 0.0000 100.0000
20259.9465 312588.3833 399.5126 300274.492065000 -0.0000 0.0000 100.0000
20259.8727 312588.3703 399.4844 300274.502065000 -0.0000 0.0000 100.0000
20259.7990 312588.3573 399.4563 300274.512065000 -0.0000 0.0000 100.0000
20259.7252 312588.3443 399.4281 300274.522065000 -0.0000 0.0000 100.0000
20259.6515 312588.3313 399.3999 300274.532065000 -0.0000 0.0000 100.0000
20259.5778 312588.3183 399.3718 300274.542065000 -0.0000 0.0000 100.0000
20259.5040 312588.3053 399.3436 300274.552065000 -0.0000 0.0000 100.0000
20259.4303 312588.2923 399.3154 300274.562065000 -0.0000 0.0000 100.0000
20259.3566 312588.2793 399.2872 300274.572065000 -0.0000 0.0000 100.0000
20259.2828 312588.2663 399.2591 300274.582065000 -0.0000 0.0000 100.0000
20259.2091 312588.2533 399.2309 300274.592065000 -0.0000 0.0000 100.0000
20259.1353 312588.2403 399.2027 300274.602065000 -0.0000 0.0000 100.0000
20259.0616 312588.2273 399.1746 300274.612065000 -0.0000 0.0000 100.0000
20258.9879 312588.2143 399.1464 300274.622065000 -0.0000 0.0000 100.0000
20258.9141 312588.2012 399.1182 300274.632065000 -0.0000 0.0000 100.0000
20258.8404 312588.1882 399.0901 300274.642065000 -0.0000 0.0000 100.0000
20258.7666 312588.1752 399.0619 300274.652065000 -0.0000 0.0000 100.0000
20258.6929 312588.1622 399.0337 300274.662065000 -0.0000 0.0000 100.0000
20258.6192 312588.1492 399.0056 300274.672065000 -0.0000 0.0000 100.0000
20258.5454 312588.1362 398.9774 300274.682065000 -0.0000 0.0000 100.0000
20258.4717 312588.1232 398.9492 300274.692065000 -0.0000 0.0000 100.0000
20258.3979 312588.1102 398.9211 300274.702065000 -0.0000 0.0000 100.0000
20258.3242 312588.0972 398.8929 300274.712065000 -0.0000 0.0000 100.0000
20258.2505 312588.0842 398.8647 300274.722065000 -0.0000 0.0000 100.0000
20258.1767 312588.0712 398.8365 300274.732065000 -0.0000 0.0000 100.0000
20258.1030 312588.0582 398.8084 300274.742065000 -0.0000 0.0000 100.0000
20258.0292 312588.0452 398.7802 300274.752065000 -0.0000 0.0000 100.0000
20257.9555 312588.0322 398.7520 300274.762065000 -0.0000 0.0000 100.0000
20257.8818 312588.0192 398.7239 300274.772065000 -0.0000 0.0000 100.0000
20257.8080 312588.0062 398.6957 300274.782065000 -0.0000 0.0000 100.0000
20257.7343 312587.9932 398.6675 300274.792065000 -0.0000 0.0000 100.0000
20257.6605 312587.9802 398.6394 300274.802065000 -0.0000 0.0000 100.0000
20257.5868 312587.9672 398.6112 300274.812065000 -0.0000 0.0000 100.0000
20257.5131 312587.9542 398.5830 300274.822065000 -0.0000 0.0000 100.0000
20257.4393 312587.9412 398.5549 300274.832065000 -0.0000 0.0000 100.0000
20257.3656 312587.9282 398.5267 300274.842065000 -0.0000 0.0000 100.0000
20257.2919 312587.9152 398.4985 300274.852065000 -0.0000 0.0000 100.0000
20257.2181 312587.9022 398.4704 300274.862065000 -0.0000 0.0000 100.0000
20257.1444 312587.8892 398.4422 300274.872065000 -0.0000 0.0000 100.0000
20257.0706 312587.8762 398.4140 300274.882065000 -0.0000 0.0000 100.0000
20256.9969 312587.8632 398.3858 300274.892065000 -0.0000 0.0000 100.0000
20256.9232 312587.8502 398.3577 300274.902065000 -0.0000 0.0000 100.0000
20256.8494 312587.8372 398.3295 300274.912065000 -0.0000 0.0000 100.0000
20256.7757 312587.8242 398.3013 300274.922065000 -0.0000 0.0000 100.0000
20256.7019 312587.8112 398.2732 300274.932065000 -0.0000 0.0000 100.0000
20256.6282 312587.7982 398.2450 300274.942065000 -0.0000 0.0000 100.0000
20256.5545 312587.7852 398.2168 300274.952065000 -0.0000 0.0000 100.0000
20256.4807 312587.7722 398.1887 300274.962065000 -0.0000 0.0000 100.0000
20256.4070 312587.7592 398.1605 300274.972065000 -0.0000 0.0000 100.0000
20256.3332 312587.7462 398.1323 300274.982065000 -0.0000 0.0000 100.0000
20256.2595 312587.7332 398.1042 300274.992065000 -0.0000 0.0000 100.0000
20256.1858 312587.7202 398.0760 300275.002065000 -0.0000 0.0000 100.0000
20256.1120 312587.7072 398.0478 300275.012065000 -0.0000 0.0000 100.0000
20256.0383 312587.6942 398.0197 300275.022065000 -0.0000 0.0000 100.0000
20255.9645 312587.6812 397.9915 300275.032065000 -0.0000 0.0000 100.0000
20255.8908 312587.6682 397.9633 300275.042065000 -0.0000 0.0000 100.0000
20255.8171 312587.6552 397.9352 300275.052065000 -0.0000 0.0000 100.0000
20255.7433 312587.6422 397.9070 300275.062065000 -0.0000 0.0000 100.0000
20255.6696 312587.6292 397.8788 300275.072065000 -0.0000 0.0000 100.0000
20255.5959 312587.6162 397.8506 300275.082065000 -0.0000 0.0000 100.0000
20255.5221 312587.6031 397.8225 300275.092065000 -0.0000 0.0000 100.0000
20255.4484 312587.5901 397.7943 300275.102065000 -0.0000 0.0000 100.0000
20255.3746 312587.5771 397.7661 300275.112065000 -0.0000 0.0000 100.0000
20255.3009 312587.5641 397.7380 300275.122065000 -0.0000 0.0000 100.0000
20255.2272 312587.5511 397.7098 300275.132065000 -0.0000 0.0000 100.0000
20255.1534 312587.5381 397.6816 300275.142065000 -0.0000 0.0000 100.0000
20255.0797 312587.5251 397.6535 300275.152065000 -0.0000 0.0000 100.0000
20255.0059 312587.5121 397.6253 300275.162065000 -0.0000 0.0000 100.0000
20254.9322 312587.4991 397.5971 300275.172065000 -0.0000 0.0000 100.0000
20254.8585 312587.4861 397.5690 300275.182065000 -0.0000 0.0000 100.0000
20254.7847 312587.4731 397.5408 300275.192065000 -0.0000 0.0000 100.0000
20254.7110 312587.4601 397.5126 300275.202065000 -0.0000 0.0000 100.0000
20254.6372 312587.4471 397.4845 300275.212065000 -0.0000 0.0000 100.0000
20254.5635 312587.4341 397.4563 300275.222065000 -0.0000 0.0000 100.0000
20254.4898 312587.4211 397.4281 300275.232065000 -0.0000 0.0000 100.0000
20254.4160 312587.4081 397.3999 300275.242065000 -0.0000 0.0000 100.0000
20254.3423 312587.3951 397.3718 300275.252065000 -0.0000 0.0000 100.0000
20254.2685 312587.3821 397.3436 300275.262065000 -0.0000 0.0000 100.0000
20254.1948 312587.3691 397.3154 300275.272065000 -0.0000 0.0000 100.0000
20254.1211 312587.3561 397.2873 300275.282065000 -0.0000 0.0000 100.0000
20254.0473 312587.3431 397.2591 300275.292065000 -0.0000 0.0000 100.0000
20253.9736 312587.3301 397.2309 300275.302065000 -0.0000 0.0000 100.0000
20253.8998 312587.3171 397.2028 300275.312065000 -0.0000 0.0000 100.0000
20253.8261 312587.3041 397.1746 300275.322065000 -0.0000 0.0000 100.0000
20253.7524 312587.2911 397.1464 300275.332065000 -0.0000 0.0000 100.0000
20253.6786 312587.2781 397.1183 300275.342065000 -0.0000 0.0000 100.0000
20253.6049 312587.2651 397.0901 300275.352065000 -0.0000 0.0000 100.0000
20253.5312 312587.2521 397.0619 300275.362065000 -0.0000 0.0000 100.0000
20253.4574 312587.2391 397.0338 300275.372065000 -0.0000 0.0000 100.0000
20253.3837 312587.2261 397.0056 300275.382065000 -0.0000 0.0000 100.0000
20253.3099 312587.2131 396.9774 300275.392065000 -0.0000 0.0000 100.0000
20253.2362 312587.2001 396.9492 300275.402065000 -0.0000 0.0000 100.0000
20253.1625 312587.1871 396.9211 300275.412065000 -0.0000 0.0000 100.0000
20253.0887 312587.1741 396.8929 300275.422065000 -0.0000 0.0000 100.0000
20253.0150 312587.1611 396.8647 300275.432065000 -0.0000 0.0000 100.0000
20252.9412 312587.1481 396.8366 300275.442065000 -0.0000 0.0000 100.0000
20252.8675 312587.1351 396.8084 300275.452065000 -0.0000 0.0000 100.0000
20252.7938 312587.1221 396.7802 300275.462065000 -0.0000 0.0000 100.0000
20252.7200 312587.1091 396.7521 300275.472065000 -0.0000 0.0000 100.0000
20252.6463 312587.0961 396.7239 300275.482065000 -0.0000 0.0000 100.0000
20252.5725 312587.0831 396.6957 300275.492065000 -0.0000 0.0000 100.0000
20252.4988 312587.0701 396.6676 300275.502065000 -0.0000 0.0000 100.0000
20252.4251 312587.0571 396.6394 300275.512065000 -0.0000 0.0000 100.0000
20252.3513 312587.0441 396.6112 300275.522065000 -0.0000 0.0000 100.0000
20252.2776 312587.0311 396.5831 300275.532065000 -0.0000 0.0000 100.0000
20252.2038 312587.0180 396.5549 300275.542065000 -0.0000 0.0000 100.0000
20252.1301 312587.0050 396.5267 300275.552065000 -0.0000 0.0000 100.0000
20252.0564 312586.9920 396.4985 300275.562065000 -0.0000 0.0000 100.0000
20251.9826 312586.9790 396.4704 300275.572065000 -0.0000 0.0000 100.0000
20251.9089 312586.9660 396.4422 300275.582065000 -0.0000 0.0000 100.0000
20251.8352 312586.9530 396.4140 300275.592065000 -0.0000 0.0000 100.0000
20251.7614 312586.9400 396.3859 300275.602065000 -0.0000 0.0000 100.0000
20251.6877 312586.9270 396.3577 300275.612065000 -0.0000 0.0000 100.0000
20251.6139 312586.9140 396.3295 300275.622065000 -0.0000 0.0000 100.0000
20251.5402 312586.9010 396.3014 300275.632065000 -0.0000 0.0000 100.0000
20251.4665 312586.8880 396.2732 300275.642065000 -0.0000 0.0000 100.0000
20251.3927 312586.8750 396.2450 300275.652065000 -0.0000 0.0000 100.0000
20251.3190 312586.8620 396.2169 300275.662065000 -0.0000 0.0000 100.0000
20251.2452 312586.8490 396.1887 300275.672065000 -0.0000 0.0000 100.0000
20251.1715 312586.8360 396.1605 300275.682065000 -0.0000 0.0000 100.0000
20251.0978 312586.8230 396.1324 300275.692065000 -0.0000 0.0000 100.0000
20251.0240 312586.8100 396.1042 300275.702065000 -0.0000 0.0000 100.0000
20250.9503 312586.7970 396.0760 300275.712065000 -0.0000 0.0000 100.0000
20250.8765 312586.7840 396.0479 300275.722065000 -0.0000 0.0000 100.0000
20250.8028 312586.7710 396.0197 300275.732065000 -0.0000 0.0000 100.0000
20250.7291 312586.7580 395.9915 300275.742065000 -0.0000 0.0000 100.0000
20250.6553 312586.7450 395.9633 300275.752065000 -0.0000 0.0000 100.0000
20250.5816 312586.7320 395.9352 300275.762065000 -0.0000 0.0000 100.0000
20250.5078 312586.7190 395.9070 300275.772065000 -0.0000 0.0000 100.0000
20250.4341 312586.7060 395.8788 300275.782065000 -0.0000 0.0000 100.0000
20250.3604 312586.6930 395.8507 300275.792065000 -0.0000 0.0000 100.0000
20250.2866 312586.6800 395.8225 300275.802065000 -0.0000 0.0000 100.0000
20250.2129 312586.6670 395.7943 300275.812065000 -0.0000 0.0000 100.0000
20250.1391 312586.6540 395.7662 300275.822065000 -0.0000 0.0000 100.0000
20250.0654 312586.6410 395.7380 300275.832065000 -0.0000 0.0000 100.0000
20249.9917 312586.6280 395.7098 300275.842065000 -0.0000 0.0000 100.0000
20249.9179 312586.6150 395.6817 300275.852065000 -0.0000 0.0000 100.0000
20249.8442 312586.6020 395.6535 300275.862065000 -0.0000 0.0000 100.0000
20249.7705 312586.5890 395.6253 300275.872065000 -0.0000 0.0000 100.0000
20249.6967 312586.5760 395.5972 300275.882065000 -0.0000 0.0000 100.0000
20249.6230 312586.5630 395.5690 300275.892065000 -0.0000 0.0000 100.0000
20249.5492 312586.5500 395.5408 300275.902065000 -0.0000 0.0000 100.0000
20249.4755 312586.5370 395.5126 300275.912065000 -0.0000 0.0000 100.0000
20249.4018 312586.5240 395.4845 300275.922065000 -0.0000 0.0000 100.0000
20249.3280 312586.5110 395.4563 300275.932065000 -0.0000 0.0000 100.0000
20249.2543 312586.4980 395.4281 300275.942065000 -0.0000 0.0000 100.0000
20249.1805 312586.4850 395.4000 300275.952065000 -0.0000 0.0000 100.0000
20249.1068 312586.4720 395.3718 300275.962065000 -0.0000 0.0000 100.0000
20249.0331 312586.4590 395.3436 300275.972065000 -0.0000 0.0000 100.0000
20248.9593 312586.4460 395.3155 300275.982065000 -0.0000 0.0000 100.0000
20248.8856 312586.4329 395.2873 300275.992065000 -0.0000 0.0000 100.0000
20248.8118 312586.4199 395.2591 300276.002065000 -0.0000 0.0000 100.0000
20248.7381 312586.4069 395.2310 300276.012065000 -0.0000 0.0000 100.0000
20248.6644 312586.3939 395.2028 300276.022065000 -0.0000 0.0000 100.0000
20248.5906 312586.3809 395.1746 300276.032065000 -0.0000 0.0000 100.0000
20248.5169 312586.3679 395.1465 300276.042065000 -0.0000 0.0000 100.0000
20248.4431 312586.3549 395.1183 300276.052065000 -0.0000 0.0000 100.0000
20248.3694 312586.3419 395.0901 300276.062065000 -0.0000 0.0000 100.0000
20248.2957 312586.3289 395.0619 300276.072065000 -0.0000 0.0000 100.0000
20248.2219 312586.3159 395.0338 300276.082065000 -0.0000 0.0000 100.0000
20248.1482 312586.3029 395.0056 300276.092065000 -0.0000 0.0000 100.0000
20248.0745 312586.2899 394.9774 300276.102065000 -0.0000 0.0000 100.0000
20248.0007 312586.2769 394.9493 300276.112065000 -0.0000 0.0000 100.0000
20247.9270 312586.2639 394.9211 300276.122065000 -0.0000 0.0000 100.0000
20247.8532 312586.2509 394.8929 300276.132065000 -0.0000 0.0000 100.0000
20247.7795 312586.2379 394.8648 300276.142065000 -0.0000 0.0000 100.0000
20247.7058 312586.2249 394.8366 300276.152065000 -0.0000 0.0000 100.0000
20247.6320 312586.2119 394.8084 300276.162065000 -0.0000 0.0000 100.0000
20247.5583 312586.1989 394.7803 300276.172065000 -0.0000 0.0000 100.0000
20247.4845 312586.1859 394.7521 300276.182065000 -0.0000 0.0000 100.0000
20247.4108 312586.1729 394.7239 300276.192065000 -0.0000 0.0000 100.0000
20247.3371 312586.1599 394.6958 300276.202065000 -0.0000 0.0000 100.0000
20247.2633 312586.1469 394.6676 300276.212065000 -0.0000 0.0000 100.0000
20247.1896 312586.1339 394.6394 300276.222065000 -0.0000 0.0000 100.0000
20247.1158 312586.1209 394.6113 300276.232065000 -0.0000 0.0000 100.0000
20247.0421 312586.1079 394.5831 300276.242065000 -0.0000 0.0000 100.0000
20246.9684 312586.0949 394.5549 300276.252065000 -0.0000 0.0000 100.0000
20246.8946 312586.0819 394.5267 300276.262065000 -0.0000 0.0000 100.0000
20246.8209 312586.0689 394.4986 300276.272065000 -0.0000 0.0000 100.0000
20246.7471 312586.0559 394.4704 300276.282065000 -0.0000 0.0000 100.0000
20246.6734 312586.0429 394.4422 300276.292065000 -0.0000 0.0000 100.0000
20246.5997 312586.0299 394.4141 300276.302065000 -0.0000 0.0000 100.0000
20246.5259 312586.0169 394.3859 300276.312065000 -0.0000 0.0000 100.0000
20246.4522 312586.0039 394.3577 300276.322065000 -0.0000 0.0000 100.0000
20246.3785 312585.9909 394.3296 300276.332065000 -0.0000 0.0000 100.0000
20246.3047 312585.9779 394.3014 300276.342065000 -0.0000 0.0000 100.0000
20246.2310 312585.9649 394.2732 300276.352065000 -0.0000 0.0000 100.0000
20246.1572 312585.9519 394.2451 300276.362065000 -0.0000 0.0000 100.0000
20246.0835 312585.9389 394.2169 300276.372065000 -0.0000 0.0000 100.0000
20246.0098 312585.9259 394.1887 300276.382065000 -0.0000 0.0000 100.0000
20245.9360 312585.9129 394.1606 300276.392065000 -0.0000 0.0000 100.0000
20245.8623 312585.8999 394.1324 300276.402065000 -0.0000 0.0000 100.0000
20245.7885 312585.8869 394.1042 300276.412065000 -0.0000 0.0000 100.0000
