20567.2566 312490.2564 424.1660 300142.000000000 -0.0000 0.0000 100.0000
20567.1781 312490.2425 424.1731 300142.010000000 -0.0000 0.0000 100.0000
20567.0996 312490.2287 424.1801 300142.020000000 -0.0000 0.0000 100.0000
20567.0211 312490.2148 424.1872 300142.030000000 -0.0000 0.0000 100.0000
20566.9427 312490.2010 424.1942 300142.040000000 -0.0000 0.0000 100.0000
20566.8642 312490.1872 424.2013 300142.050000000 -0.0000 0.0000 100.0000
20566.7857 312490.1733 424.2083 300142.060000000 -0.0000 0.0000 100.0000
20566.7072 312490.1595 424.2154 300142.070000000 -0.0000 0.0000 100.0000
20566.6288 312490.1457 424.2224 300142.080000000 -0.0000 0.0000 100.0000
20566.5503 312490.1318 424.2295 300142.090000000 -0.0000 0.0000 100.0000
20566.4718 312490.1180 424.2366 300142.100000000 -0.0000 0.0000 100.0000
20566.3933 312490.1041 424.2436 300142.110000000 -0.0000 0.0000 100.0000
20566.3149 312490.0903 424.2507 300142.120000000 -0.0000 0.0000 100.0000
20566.2364 312490.0765 424.2577 300142.130000000 -0.0000 0.0000 100.0000
20566.1579 312490.0626 424.2648 300142.140000000 -0.0000 0.0000 100.0000
20566.0794 312490.0488 424.2718 300142.150000000 -0.0000 0.0000 100.0000
20566.0009 312490.0350 424.2789 300142.160000000 -0.0000 0.0000 100.0000
20565.9225 312490.0211 424.2859 300142.170000000 -0.0000 0.0000 100.0000
20565.8440 312490.0073 424.2930 300142.180000000 -0.0000 0.0000 100.0000
20565.7655 312489.9934 424.3000 300142.190000000 -0.0000 0.0000 100.0000
20565.6870 312489.9796 424.3071 300142.200000000 -0.0000 0.0000 100.0000
20565.6086 312489.9658 424.3142 300142.210000000 -0.0000 0.0000 100.0000
20565.5301 312489.9519 424.3212 300142.220000000 -0.0000 0.0000 100.0000
20565.4516 312489.9381 424.3283 300142.230000000 -0.0000 0.0000 100.0000
20565.3731 312489.9242 424.3353 300142.240000000 -0.0000 0.0000 100.0000
20565.2946 312489.9104 424.3424 300142.250000000 -0.0000 0.0000 100.0000
20565.2162 312489.8966 424.3494 300142.260000000 -0.0000 0.0000 100.0000
20565.1377 312489.8827 424.3565 300142.270000000 -0.0000 0.0000 100.0000
20565.0592 312489.8689 424.3635 300142.280000000 -0.0000 0.0000 100.0000
20564.9807 312489.8551 424.3706 300142.290000000 -0.0000 0.0000 100.0000
20564.9023 312489.8412 424.3777 300142.300000000 -0.0000 0.0000 100.0000
20564.8238 312489.8274 424.3847 300142.310000000 -0.0000 0.0000 100.0000
20564.7453 312489.8135 424.3918 300142.320000000 -0.0000 0.0000 100.0000
20564.6668 312489.7997 424.3988 300142.330000000 -0.0000 0.0000 100.0000
20564.5883 312489.7859 424.4059 300142.340000000 -0.0000 0.0000 100.0000
20564.5099 312489.7720 424.4129 300142.350000000 -0.0000 0.0000 100.0000
20564.4314 312489.7582 424.4200 300142.360000000 -0.0000 0.0000 100.0000
20564.3529 312489.7444 424.4270 300142.370000000 -0.0000 0.0000 100.0000
20564.2744 312489.7305 424.4341 300142.380000000 -0.0000 0.0000 100.0000
20564.1960 312489.7167 424.4411 300142.390000000 -0.0000 0.0000 100.0000
20564.1175 312489.7028 424.4482 300142.400000000 -0.0000 0.0000 100.0000
20564.0390 312489.6890 424.4553 300142.410000000 -0.0000 0.0000 100.0000
20563.9605 312489.6752 424.4623 300142.420000000 -0.0000 0.0000 100.0000
20563.8820 312489.6613 424.4694 300142.430000000 -0.0000 0.0000 100.0000
20563.8036 312489.6475 424.4764 300142.440000000 -0.0000 0.0000 100.0000
20563.7251 312489.6337 424.4835 300142.450000000 -0.0000 0.0000 100.0000
20563.6466 312489.6198 424.4905 300142.460000000 -0.0000 0.0000 100.0000
20563.5681 312489.6060 424.4976 300142.470000000 -0.0000 0.0000 100.0000
20563.4897 312489.5921 424.5046 300142.480000000 -0.0000 0.0000 100.0000
20563.4112 312489.5783 424.5117 300142.490000000 -0.0000 0.0000 100.0000
20563.3327 312489.5645 424.5188 300142.500000000 -0.0000 0.0000 100.0000
20563.2542 312489.5506 424.5258 300142.510000000 -0.0000 0.0000 100.0000
20563.1757 312489.5368 424.5329 300142.520000000 -0.0000 0.0000 100.0000
20563.0973 312489.5230 424.5399 300142.530000000 -0.0000 0.0000 100.0000
20563.0188 312489.5091 424.5470 300142.540000000 -0.0000 0.0000 100.0000
20562.9403 312489.4953 424.5540 300142.550000000 -0.0000 0.0000 100.0000
20562.8618 312489.4814 424.5611 300142.560000000 -0.0000 0.0000 100.0000
20562.7834 312489.4676 424.5681 300142.570000000 -0.0000 0.0000 100.0000
20562.7049 312489.4538 424.5752 300142.580000000 -0.0000 0.0000 100.0000
20562.6264 312489.4399 424.5822 300142.590000000 -0.0000 0.0000 100.0000
20562.5479 312489.4261 424.5893 300142.600000000 -0.0000 0.0000 100.0000
20562.4694 312489.4123 424.5964 300142.610000000 -0.0000 0.0000 100.0000
20562.3910 312489.3984 424.6034 300142.620000000 -0.0000 0.0000 100.0000
20562.3125 312489.3846 424.6105 300142.630000000 -0.0000 0.0000 100.0000
20562.2340 312489.3707 424.6175 300142.640000000 -0.0000 0.0000 100.0000
20562.1555 312489.3569 424.6246 300142.650000000 -0.0000 0.0000 100.0000
20562.0771 312489.3431 424.6316 300142.660000000 -0.0000 0.0000 100.0000
20561.9986 312489.3292 424.6387 300142.670000000 -0.0000 0.0000 100.0000
20561.9201 312489.3154 424.6457 300142.680000000 -0.0000 0.0000 100.0000
20561.8416 312489.3016 424.6528 300142.690000000 -0.0000 0.0000 100.0000
20561.7631 312489.2877 424.6599 300142.700000000 -0.0000 0.0000 100.0000
20561.6847 312489.2739 424.6669 300142.710000000 -0.0000 0.0000 100.0000
20561.6062 312489.2600 424.6740 300142.720000000 -0.0000 0.0000 100.0000
20561.5277 312489.2462 424.6810 300142.730000000 -0.0000 0.0000 100.0000
20561.4492 312489.2324 424.6881 300142.740000000 -0.0000 0.0000 100.0000
20561.3708 312489.2185 424.6951 300142.750000000 -0.0000 0.0000 100.0000
20561.2923 312489.2047 424.7022 300142.760000000 -0.0000 0.0000 100.0000
20561.2138 312489.1908 424.7092 300142.770000000 -0.0000 0.0000 100.0000
20561.1353 312489.1770 424.7163 300142.780000000 -0.0000 0.0000 100.0000
20561.0568 312489.1632 424.7234 300142.790000000 -0.0000 0.0000 100.0000
20560.9784 312489.1493 424.7304 300142.800000000 -0.0000 0.0000 100.0000
20560.8999 312489.1355 424.7375 300142.810000000 -0.0000 0.0000 100.0000
20560.8214 312489.1217 424.7445 300142.820000000 -0.0000 0.0000 100.0000
20560.7429 312489.1078 424.7516 300142.830000000 -0.0000 0.0000 100.0000
20560.6645 312489.0940 424.7586 300142.840000000 -0.0000 0.0000 100.0000
20560.5860 312489.0801 424.7657 300142.850000000 -0.0000 0.0000 100.0000
20560.5075 312489.0663 424.7727 300142.860000000 -0.0000 0.0000 100.0000
20560.4290 312489.0525 424.7798 300142.870000000 -0.0000 0.0000 100.0000
20560.3505 312489.0386 424.7868 300142.880000000 -0.0000 0.0000 100.0000
20560.2721 312489.0248 424.7939 300142.890000000 -0.0000 0.0000 100.0000
20560.1936 312489.0110 424.8010 300142.900000000 -0.0000 0.0000 100.0000
20560.1151 312488.9971 424.8080 300142.910000000 -0.0000 0.0000 100.0000
20560.0366 312488.9833 424.8151 300142.920000000 -0.0000 0.0000 100.0000
20559.9582 312488.9694 424.8221 300142.930000000 -0.0000 0.0000 100.0000
20559.8797 312488.9556 424.8292 300142.940000000 -0.0000 0.0000 100.0000
20559.8012 312488.9418 424.8362 300142.950000000 -0.0000 0.0000 100.0000
20559.7227 312488.9279 424.8433 300142.960000000 -0.0000 0.0000 100.0000
20559.6442 312488.9141 424.8503 300142.970000000 -0.0000 0.0000 100.0000
20559.5658 312488.9003 424.8574 300142.980000000 -0.0000 0.0000 100.0000
20559.4873 312488.8864 424.8645 300142.990000000 -0.0000 0.0000 100.0000
20559.4088 312488.8726 424.8715 300143.000000000 -0.0000 0.0000 100.0000
20559.3303 312488.8587 424.8786 300143.010000000 -0.0000 0.0000 100.0000
20559.2519 312488.8449 424.8856 300143.020000000 -0.0000 0.0000 100.0000
20559.1734 312488.8311 424.8927 300143.030000000 -0.0000 0.0000 100.0000
20559.0949 312488.8172 424.8997 300143.040000000 -0.0000 0.0000 100.0000
20559.0164 312488.8034 424.9068 300143.050000000 -0.0000 0.0000 100.0000
20558.9380 312488.7896 424.9138 300143.060000000 -0.0000 0.0000 100.0000
20558.8595 312488.7757 424.9209 300143.070000000 -0.0000 0.0000 100.0000
20558.7810 312488.7619 424.9279 300143.080000000 -0.0000 0.0000 100.0000
20558.7025 312488.7480 424.9350 300143.090000000 -0.0000 0.0000 100.0000
20558.6240 312488.7342 424.9421 300143.100000000 -0.0000 0.0000 100.0000
20558.5456 312488.7204 424.9491 300143.110000000 -0.0000 0.0000 100.0000
20558.4671 312488.7065 424.9562 300143.120000000 -0.0000 0.0000 100.0000
20558.3886 312488.6927 424.9632 300143.130000000 -0.0000 0.0000 100.0000
20558.3101 312488.6789 424.9703 300143.140000000 -0.0000 0.0000 100.0000
20558.2317 312488.6650 424.9773 300143.150000000 -0.0000 0.0000 100.0000
20558.1532 312488.6512 424.9844 300143.160000000 -0.0000 0.0000 100.0000
20558.0747 312488.6373 424.9914 300143.170000000 -0.0000 0.0000 100.0000
20557.9962 312488.6235 424.9985 300143.180000000 -0.0000 0.0000 100.0000
20557.9177 312488.6097 425.0056 300143.190000000 -0.0000 0.0000 100.0000
20557.8393 312488.5958 425.0126 300143.200000000 -0.0000 0.0000 100.0000
20557.7608 312488.5820 425.0197 300143.210000000 -0.0000 0.0000 100.0000
20557.6823 312488.5682 425.0267 300143.220000000 -0.0000 0.0000 100.0000
20557.6038 312488.5543 425.0338 300143.230000000 -0.0000 0.0000 100.0000
20557.5254 312488.5405 425.0408 300143.240000000 -0.0000 0.0000 100.0000
20557.4469 312488.5266 425.0479 300143.250000000 -0.0000 0.0000 100.0000
20557.3684 312488.5128 425.0549 300143.260000000 -0.0000 0.0000 100.0000
20557.2899 312488.4990 425.0620 300143.270000000 -0.0000 0.0000 100.0000
20557.2114 312488.4851 425.0690 300143.280000000 -0.0000 0.0000 100.0000
20557.1330 312488.4713 425.0761 300143.290000000 -0.0000 0.0000 100.0000
20557.0545 312488.4574 425.0832 300143.300000000 -0.0000 0.0000 100.0000
20556.9760 312488.4436 425.0902 300143.310000000 -0.0000 0.0000 100.0000
20556.8975 312488.4298 425.0973 300143.320000000 -0.0000 0.0000 100.0000
20556.8191 312488.4159 425.1043 300143.330000000 -0.0000 0.0000 100.0000
20556.7406 312488.4021 425.1114 300143.340000000 -0.0000 0.0000 100.0000
20556.6621 312488.3883 425.1184 300143.350000000 -0.0000 0.0000 100.0000
20556.5836 312488.3744 425.1255 300143.360000000 -0.0000 0.0000 100.0000
20556.5051 312488.3606 425.1325 300143.370000000 -0.0000 0.0000 100.0000
20556.4267 312488.3467 425.1396 300143.380000000 -0.0000 0.0000 100.0000
20556.3482 312488.3329 425.1467 300143.390000000 -0.0000 0.0000 100.0000
20556.2697 312488.3191 425.1537 300143.400000000 -0.0000 0.0000 100.0000
20556.1912 312488.3052 425.1608 300143.410000000 -0.0000 0.0000 100.0000
20556.1128 312488.2914 425.1678 300143.420000000 -0.0000 0.0000 100.0000
20556.0343 312488.2776 425.1749 300143.430000000 -0.0000 0.0000 100.0000
20555.9558 312488.2637 425.1819 300143.440000000 -0.0000 0.0000 100.0000
20555.8773 312488.2499 425.1890 300143.450000000 -0.0000 0.0000 100.0000
20555.7988 312488.2360 425.1960 300143.460000000 -0.0000 0.0000 100.0000
20555.7204 312488.2222 425.2031 300143.470000000 -0.0000 0.0000 100.0000
20555.6419 312488.2084 425.2102 300143.480000000 -0.0000 0.0000 100.0000
20555.5634 312488.1945 425.2172 300143.490000000 -0.0000 0.0000 100.0000
20555.4849 312488.1807 425.2243 300143.500000000 -0.0000 0.0000 100.0000
20555.4065 312488.1669 425.2313 300143.510000000 -0.0000 0.0000 100.0000
20555.3280 312488.1530 425.2384 300143.520000000 -0.0000 0.0000 100.0000
20555.2495 312488.1392 425.2454 300143.530000000 -0.0000 0.0000 100.0000
20555.1710 312488.1253 425.2525 300143.540000000 -0.0000 0.0000 100.0000
20555.0925 312488.1115 425.2595 300143.550000000 -0.0000 0.0000 100.0000
20555.0141 312488.0977 425.2666 300143.560000000 -0.0000 0.0000 100.0000
20554.9356 312488.0838 425.2736 300143.570000000 -0.0000 0.0000 100.0000
20554.8571 312488.0700 425.2807 300143.580000000 -0.0000 0.0000 100.0000
20554.7786 312488.0562 425.2878 300143.590000000 -0.0000 0.0000 100.0000
20554.7002 312488.0423 425.2948 300143.600000000 -0.0000 0.0000 100.0000
20554.6217 312488.0285 425.3019 300143.610000000 -0.0000 0.0000 100.0000
20554.5432 312488.0146 425.3089 300143.620000000 -0.0000 0.0000 100.0000
20554.4647 312488.0008 425.3160 300143.630000000 -0.0000 0.0000 100.0000
20554.3862 312487.9870 425.3230 300143.640000000 -0.0000 0.0000 100.0000
20554.3078 312487.9731 425.3301 300143.650000000 -0.0000 0.0000 100.0000
20554.2293 312487.9593 425.3371 300143.660000000 -0.0000 0.0000 100.0000
20554.1508 312487.9455 425.3442 300143.670000000 -0.0000 0.0000 100.0000
20554.0723 312487.9316 425.3513 300143.680000000 -0.0000 0.0000 100.0000
20553.9939 312487.9178 425.3583 300143.690000000 -0.0000 0.0000 100.0000
20553.9154 312487.9039 425.3654 300143.700000000 -0.0000 0.0000 100.0000
20553.8369 312487.8901 425.3724 300143.710000000 -0.0000 0.0000 100.0000
20553.7584 312487.8763 425.3795 300143.720000000 -0.0000 0.0000 100.0000
20553.6799 312487.8624 425.3865 300143.730000000 -0.0000 0.0000 100.0000
20553.6015 312487.8486 425.3936 300143.740000000 -0.0000 0.0000 100.0000
20553.5230 312487.8348 425.4006 300143.750000000 -0.0000 0.0000 100.0000
20553.4445 312487.8209 425.4077 300143.760000000 -0.0000 0.0000 100.0000
20553.3660 312487.8071 425.4147 300143.770000000 -0.0000 0.0000 100.0000
20553.2876 312487.7932 425.4218 300143.780000000 -0.0000 0.0000 100.0000
20553.2091 312487.7794 425.4289 300143.790000000 -0.0000 0.0000 100.0000
20553.1306 312487.7656 425.4359 300143.800000000 -0.0000 0.0000 100.0000
20553.0521 312487.7517 425.4430 300143.810000000 -0.0000 0.0000 100.0000
20552.9736 312487.7379 425.4500 300143.820000000 -0.0000 0.0000 100.0000
20552.8952 312487.7241 425.4571 300143.830000000 -0.0000 0.0000 100.0000
20552.8167 312487.7102 425.4641 300143.840000000 -0.0000 0.0000 100.0000
20552.7382 312487.6964 425.4712 300143.850000000 -0.0000 0.0000 100.0000
20552.6597 312487.6825 425.4782 300143.860000000 -0.0000 0.0000 100.0000
20552.5813 312487.6687 425.4853 300143.870000000 -0.0000 0.0000 100.0000
20552.5028 312487.6549 425.4924 300143.880000000 -0.0000 0.0000 100.0000
20552.4243 312487.6410 425.4994 300143.890000000 -0.0000 0.0000 100.0000
20552.3458 312487.6272 425.5065 300143.900000000 -0.0000 0.0000 100.0000
20552.2673 312487.6133 425.5135 300143.910000000 -0.0000 0.0000 100.0000
20552.1889 312487.5995 425.5206 300143.920000000 -0.0000 0.0000 100.0000
20552.1104 312487.5857 425.5276 300143.930000000 -0.0000 0.0000 100.0000
20552.0319 312487.5718 425.5347 300143.940000000 -0.0000 0.0000 100.0000
20551.9534 312487.5580 425.5417 300143.950000000 -0.0000 0.0000 100.0000
20551.8750 312487.5442 425.5488 300143.960000000 -0.0000 0.0000 100.0000
20551.7965 312487.5303 425.5558 300143.970000000 -0.0000 0.0000 100.0000
20551.7180 312487.5165 425.5629 300143.980000000 -0.0000 0.0000 100.0000
20551.6395 312487.5026 425.5700 300143.990000000 -0.0000 0.0000 100.0000
20551.5611 312487.4888 425.5770 300144.000000000 -0.0000 0.0000 100.0000
20551.4826 312487.4750 425.5841 300144.010000000 -0.0000 0.0000 100.0000
20551.4041 312487.4611 425.5911 300144.020000000 -0.0000 0.0000 100.0000
20551.3256 312487.4473 425.5982 300144.030000000 -0.0000 0.0000 100.0000
20551.2471 312487.4335 425.6052 300144.040000000 -0.0000 0.0000 100.0000
20551.1687 312487.4196 425.6123 300144.050000000 -0.0000 0.0000 100.0000
20551.0902 312487.4058 425.6193 300144.060000000 -0.0000 0.0000 100.0000
20551.0117 312487.3919 425.6264 300144.070000000 -0.0000 0.0000 100.0000
20550.9332 312487.3781 425.6335 300144.080000000 -0.0000 0.0000 100.0000
20550.8548 312487.3643 425.6405 300144.090000000 -0.0000 0.0000 100.0000
20550.7763 312487.3504 425.6476 300144.100000000 -0.0000 0.0000 100.0000
20550.6978 312487.3366 425.6546 300144.110000000 -0.0000 0.0000 100.0000
20550.6193 312487.3228 425.6617 300144.120000000 -0.0000 0.0000 100.0000
20550.5408 312487.3089 425.6687 300144.130000000 -0.0000 0.0000 100.0000
20550.4624 312487.2951 425.6758 300144.140000000 -0.0000 0.0000 100.0000
20550.3839 312487.2812 425.6828 300144.150000000 -0.0000 0.0000 100.0000
20550.3054 312487.2674 425.6899 300144.160000000 -0.0000 0.0000 100.0000
20550.2269 312487.2536 425.6970 300144.170000000 -0.0000 0.0000 100.0000
20550.1485 312487.2397 425.7040 300144.180000000 -0.0000 0.0000 100.0000
20550.0700 312487.2259 425.7111 300144.190000000 -0.0000 0.0000 100.0000
20549.9915 312487.2121 425.7181 300144.200000000 -0.0000 0.0000 100.0000
20549.9130 312487.1982 425.7252 300144.210000000 -0.0000 0.0000 100.0000
20549.8345 312487.1844 425.7322 300144.220000000 -0.0000 0.0000 100.0000
20549.7561 312487.1705 425.7393 300144.230000000 -0.0000 0.0000 100.0000
20549.6776 312487.1567 425.7463 300144.240000000 -0.0000 0.0000 100.0000
20549.5991 312487.1429 425.7534 300144.250000000 -0.0000 0.0000 100.0000
20549.5206 312487.1290 425.7604 300144.260000000 -0.0000 0.0000 100.0000
20549.4422 312487.1152 425.7675 300144.270000000 -0.0000 0.0000 100.0000
20549.3637 312487.1014 425.7746 300144.280000000 -0.0000 0.0000 100.0000
20549.2852 312487.0875 425.7816 300144.290000000 -0.0000 0.0000 100.0000
20549.2067 312487.0737 425.7887 300144.300000000 -0.0000 0.0000 100.0000
20549.1282 312487.0598 425.7957 300144.310000000 -0.0000 0.0000 100.0000
20549.0498 312487.0460 425.8028 300144.320000000 -0.0000 0.0000 100.0000
20548.9713 312487.0322 425.8098 300144.330000000 -0.0000 0.0000 100.0000
20548.8928 312487.0183 425.8169 300144.340000000 -0.0000 0.0000 100.0000
20548.8143 312487.0045 425.8239 300144.350000000 -0.0000 0.0000 100.0000
20548.7359 312486.9907 425.8310 300144.360000000 -0.0000 0.0000 100.0000
20548.6574 312486.9768 425.8381 300144.370000000 -0.0000 0.0000 100.0000
20548.5789 312486.9630 425.8451 300144.380000000 -0.0000 0.0000 100.0000
20548.5004 312486.9491 425.8522 300144.390000000 -0.0000 0.0000 100.0000
20548.4219 312486.9353 425.8592 300144.400000000 -0.0000 0.0000 100.0000
20548.3435 312486.9215 425.8663 300144.410000000 -0.0000 0.0000 100.0000
20548.2650 312486.9076 425.8733 300144.420000000 -0.0000 0.0000 100.0000
20548.1865 312486.8938 425.8804 300144.430000000 -0.0000 0.0000 100.0000
20548.1080 312486.8799 425.8874 300144.440000000 -0.0000 0.0000 100.0000
20548.0296 312486.8661 425.8945 300144.450000000 -0.0000 0.0000 100.0000
20547.9511 312486.8523 425.9015 300144.460000000 -0.0000 0.0000 100.0000
20547.8726 312486.8384 425.9086 300144.470000000 -0.0000 0.0000 100.0000
20547.7941 312486.8246 425.9157 300144.480000000 -0.0000 0.0000 100.0000
20547.7156 312486.8108 425.9227 300144.490000000 -0.0000 0.0000 100.0000
20547.6372 312486.7969 425.9298 300144.500000000 -0.0000 0.0000 100.0000
20547.5587 312486.7831 425.9368 300144.510000000 -0.0000 0.0000 100.0000
20547.4802 312486.7692 425.9439 300144.520000000 -0.0000 0.0000 100.0000
20547.4017 312486.7554 425.9509 300144.530000000 -0.0000 0.0000 100.0000
20547.3233 312486.7416 425.9580 300144.540000000 -0.0000 0.0000 100.0000
20547.2448 312486.7277 425.9650 300144.550000000 -0.0000 0.0000 100.0000
20547.1663 312486.7139 425.9721 300144.560000000 -0.0000 0.0000 100.0000
20547.0878 312486.7001 425.9792 300144.570000000 -0.0000 0.0000 100.0000
20547.0093 312486.6862 425.9862 300144.580000000 -0.0000 0.0000 100.0000
20546.9309 312486.6724 425.9933 300144.590000000 -0.0000 0.0000 100.0000
20546.8524 312486.6585 426.0003 300144.600000000 -0.0000 0.0000 100.0000
20546.7739 312486.6447 426.0074 300144.610000000 -0.0000 0.0000 100.0000
20546.6954 312486.6309 426.0144 300144.620000000 -0.0000 0.0000 100.0000
20546.6170 312486.6170 426.0215 300144.630000000 -0.0000 0.0000 100.0000
20546.5385 312486.6032 426.0285 300144.640000000 -0.0000 0.0000 100.0000
20546.4600 312486.5894 426.0356 300144.650000000 -0.0000 0.0000 100.0000
20546.3815 312486.5755 426.0426 300144.660000000 -0.0000 0.0000 100.0000
20546.3030 312486.5617 426.0497 300144.670000000 -0.0000 0.0000 100.0000
20546.2246 312486.5478 426.0568 300144.680000000 -0.0000 0.0000 100.0000
20546.1461 312486.5340 426.0638 300144.690000000 -0.0000 0.0000 100.0000
20546.0676 312486.5202 426.0709 300144.700000000 -0.0000 0.0000 100.0000
20545.9891 312486.5063 426.0779 300144.710000000 -0.0000 0.0000 100.0000
20545.9107 312486.4925 426.0850 300144.720000000 -0.0000 0.0000 100.0000
20545.8322 312486.4787 426.0920 300144.730000000 -0.0000 0.0000 100.0000
20545.7537 312486.4648 426.0991 300144.740000000 -0.0000 0.0000 100.0000
20545.6752 312486.4510 426.1061 300144.750000000 -0.0000 0.0000 100.0000
20545.5967 312486.4371 426.1132 300144.760000000 -0.0000 0.0000 100.0000
20545.5183 312486.4233 426.1203 300144.770000000 -0.0000 0.0000 100.0000
20545.4398 312486.4095 426.1273 300144.780000000 -0.0000 0.0000 100.0000
20545.3613 312486.3956 426.1344 300144.790000000 -0.0000 0.0000 100.0000
20545.2828 312486.3818 426.1414 300144.800000000 -0.0000 0.0000 100.0000
20545.2044 312486.3680 426.1485 300144.810000000 -0.0000 0.0000 100.0000
20545.1259 312486.3541 426.1555 300144.820000000 -0.0000 0.0000 100.0000
20545.0474 312486.3403 426.1626 300144.830000000 -0.0000 0.0000 100.0000
20544.9689 312486.3264 426.1696 300144.840000000 -0.0000 0.0000 100.0000
20544.8904 312486.3126 426.1767 300144.850000000 -0.0000 0.0000 100.0000
20544.8120 312486.2988 426.1838 300144.860000000 -0.0000 0.0000 100.0000
20544.7335 312486.2849 426.1908 300144.870000000 -0.0000 0.0000 100.0000
20544.6550 312486.2711 426.1979 300144.880000000 -0.0000 0.0000 100.0000
20544.5765 312486.2573 426.2049 300144.890000000 -0.0000 0.0000 100.0000
20544.4981 312486.2434 426.2120 300144.900000000 -0.0000 0.0000 100.0000
20544.4196 312486.2296 426.2190 300144.910000000 -0.0000 0.0000 100.0000
20544.3411 312486.2157 426.2261 300144.920000000 -0.0000 0.0000 100.0000
20544.2626 312486.2019 426.2331 300144.930000000 -0.0000 0.0000 100.0000
20544.1842 312486.1881 426.2402 300144.940000000 -0.0000 0.0000 100.0000
20544.1057 312486.1742 426.2472 300144.950000000 -0.0000 0.0000 100.0000
20544.0272 312486.1604 426.2543 300144.960000000 -0.0000 0.0000 100.0000
20543.9487 312486.1465 426.2614 300144.970000000 -0.0000 0.0000 100.0000
20543.8702 312486.1327 426.2684 300144.980000000 -0.0000 0.0000 100.0000
20543.7918 312486.1189 426.2755 300144.990000000 -0.0000 0.0000 100.0000
20543.7133 312486.1050 426.2825 300145.000000000 -0.0000 0.0000 100.0000
20543.6348 312486.0912 426.2896 300145.010000000 -0.0000 0.0000 100.0000
20543.5563 312486.0774 426.2966 300145.020000000 -0.0000 0.0000 100.0000
20543.4779 312486.0635 426.3037 300145.030000000 -0.0000 0.0000 100.0000
20543.3994 312486.0497 426.3107 300145.040000000 -0.0000 0.0000 100.0000
20543.3209 312486.0358 426.3178 300145.050000000 -0.0000 0.0000 100.0000
20543.2424 312486.0220 426.3249 300145.060000000 -0.0000 0.0000 100.0000
20543.1639 312486.0082 426.3319 300145.070000000 -0.0000 0.0000 100.0000
20543.0855 312485.9943 426.3390 300145.080000000 -0.0000 0.0000 100.0000
20543.0070 312485.9805 426.3460 300145.090000000 -0.0000 0.0000 100.0000
20542.9285 312485.9667 426.3531 300145.100000000 -0.0000 0.0000 100.0000
20542.8500 312485.9528 426.3601 300145.110000000 -0.0000 0.0000 100.0000
20542.7716 312485.9390 426.3672 300145.120000000 -0.0000 0.0000 100.0000
20542.6931 312485.9251 426.3742 300145.130000000 -0.0000 0.0000 100.0000
20542.6146 312485.9113 426.3813 300145.140000000 -0.0000 0.0000 100.0000
20542.5361 312485.8975 426.3883 300145.150000000 -0.0000 0.0000 100.0000
20542.4576 312485.8836 426.3954 300145.160000000 -0.0000 0.0000 100.0000
20542.3792 312485.8698 426.4025 300145.170000000 -0.0000 0.0000 100.0000
20542.3007 312485.8560 426.4095 300145.180000000 -0.0000 0.0000 100.0000
20542.2222 312485.8421 426.4166 300145.190000000 -0.0000 0.0000 100.0000
20542.1437 312485.8283 426.4236 300145.200000000 -0.0000 0.0000 100.0000
20542.0653 312485.8144 426.4307 300145.210000000 -0.0000 0.0000 100.0000
20541.9868 312485.8006 426.4377 300145.220000000 -0.0000 0.0000 100.0000
20541.9083 312485.7868 426.4448 300145.230000000 -0.0000 0.0000 100.0000
20541.8298 312485.7729 426.4518 300145.240000000 -0.0000 0.0000 100.0000
20541.7513 312485.7591 426.4589 300145.250000000 -0.0000 0.0000 100.0000
20541.6729 312485.7453 426.4660 300145.260000000 -0.0000 0.0000 100.0000
20541.5944 312485.7314 426.4730 300145.270000000 -0.0000 0.0000 100.0000
20541.5159 312485.7176 426.4801 300145.280000000 -0.0000 0.0000 100.0000
20541.4374 312485.7037 426.4871 300145.290000000 -0.0000 0.0000 100.0000
20541.3590 312485.6899 426.4942 300145.300000000 -0.0000 0.0000 100.0000
20541.2805 312485.6761 426.5012 300145.310000000 -0.0000 0.0000 100.0000
20541.2020 312485.6622 426.5083 300145.320000000 -0.0000 0.0000 100.0000
20541.1235 312485.6484 426.5153 300145.330000000 -0.0000 0.0000 100.0000
20541.0450 312485.6346 426.5224 300145.340000000 -0.0000 0.0000 100.0000
20540.9666 312485.6207 426.5294 300145.350000000 -0.0000 0.0000 100.0000
20540.8881 312485.6069 426.5365 300145.360000000 -0.0000 0.0000 100.0000
20540.8096 312485.5930 426.5436 300145.370000000 -0.0000 0.0000 100.0000
20540.7311 312485.5792 426.5506 300145.380000000 -0.0000 0.0000 100.0000
20540.6527 312485.5654 426.5577 300145.390000000 -0.0000 0.0000 100.0000
20540.5742 312485.5515 426.5647 300145.400000000 -0.0000 0.0000 100.0000
20540.4957 312485.5377 426.5718 300145.410000000 -0.0000 0.0000 100.0000
20540.4172 312485.5239 426.5788 300145.420000000 -0.0000 0.0000 100.0000
20540.3387 312485.5100 426.5859 300145.430000000 -0.0000 0.0000 100.0000
20540.2603 312485.4962 426.5929 300145.440000000 -0.0000 0.0000 100.0000
20540.1818 312485.4823 426.6000 300145.450000000 -0.0000 0.0000 100.0000
20540.1033 312485.4685 426.6071 300145.460000000 -0.0000 0.0000 100.0000
20540.0248 312485.4547 426.6141 300145.470000000 -0.0000 0.0000 100.0000
20539.9464 312485.4408 426.6212 300145.480000000 -0.0000 0.0000 100.0000
20539.8679 312485.4270 426.6282 300145.490000000 -0.0000 0.0000 100.0000
20539.7894 312485.4131 426.6353 300145.500000000 -0.0000 0.0000 100.0000
20539.7109 312485.3993 426.6423 300145.510000000 -0.0000 0.0000 100.0000
20539.6324 312485.3855 426.6494 300145.520000000 -0.0000 0.0000 100.0000
20539.5540 312485.3716 426.6564 300145.530000000 -0.0000 0.0000 100.0000
20539.4755 312485.3578 426.6635 300145.540000000 -0.0000 0.0000 100.0000
20539.3970 312485.3440 426.6706 300145.550000000 -0.0000 0.0000 100.0000
20539.3185 312485.3301 426.6776 300145.560000000 -0.0000 0.0000 100.0000
20539.2401 312485.3163 426.6847 300145.570000000 -0.0000 0.0000 100.0000
20539.1616 312485.3024 426.6917 300145.580000000 -0.0000 0.0000 100.0000
20539.0831 312485.2886 426.6988 300145.590000000 -0.0000 0.0000 100.0000
20539.0046 312485.2748 426.7058 300145.600000000 -0.0000 0.0000 100.0000
20538.9261 312485.2609 426.7129 300145.610000000 -0.0000 0.0000 100.0000
20538.8477 312485.2471 426.7199 300145.620000000 -0.0000 0.0000 100.0000
20538.7692 312485.2333 426.7270 300145.630000000 -0.0000 0.0000 100.0000
20538.6907 312485.2194 426.7340 300145.640000000 -0.0000 0.0000 100.0000
20538.6122 312485.2056 426.7411 300145.650000000 -0.0000 0.0000 100.0000
20538.5338 312485.1917 426.7482 300145.660000000 -0.0000 0.0000 100.0000
20538.4553 312485.1779 426.7552 300145.670000000 -0.0000 0.0000 100.0000
20538.3768 312485.1641 426.7623 300145.680000000 -0.0000 0.0000 100.0000
20538.2983 312485.1502 426.7693 300145.690000000 -0.0000 0.0000 100.0000
20538.2198 312485.1364 426.7764 300145.700000000 -0.0000 0.0000 100.0000
20538.1414 312485.1226 426.7834 300145.710000000 -0.0000 0.0000 100.0000
20538.0629 312485.1087 426.7905 300145.720000000 -0.0000 0.0000 100.0000
20537.9844 312485.0949 426.7975 300145.730000000 -0.0000 0.0000 100.0000
20537.9059 312485.0810 426.8046 300145.740000000 -0.0000 0.0000 100.0000
20537.8275 312485.0672 426.8117 300145.750000000 -0.0000 0.0000 100.0000
20537.7490 312485.0534 426.8187 300145.760000000 -0.0000 0.0000 100.0000
20537.6705 312485.0395 426.8258 300145.770000000 -0.0000 0.0000 100.0000
20537.5920 312485.0257 426.8328 300145.780000000 -0.0000 0.0000 100.0000
20537.5135 312485.0119 426.8399 300145.790000000 -0.0000 0.0000 100.0000
20537.4351 312484.9980 426.8469 300145.800000000 -0.0000 0.0000 100.0000
20537.3566 312484.9842 426.8540 300145.810000000 -0.0000 0.0000 100.0000
20537.2781 312484.9703 426.8610 300145.820000000 -0.0000 0.0000 100.0000
20537.1996 312484.9565 426.8681 300145.830000000 -0.0000 0.0000 100.0000
20537.1212 312484.9427 426.8751 300145.840000000 -0.0000 0.0000 100.0000
20537.0427 312484.9288 426.8822 300145.850000000 -0.0000 0.0000 100.0000
20536.9642 312484.9150 426.8893 300145.860000000 -0.0000 0.0000 100.0000
20536.8857 312484.9012 426.8963 300145.870000000 -0.0000 0.0000 100.0000
20536.8073 312484.8873 426.9034 300145.880000000 -0.0000 0.0000 100.0000
20536.7288 312484.8735 426.9104 300145.890000000 -0.0000 0.0000 100.0000
20536.6503 312484.8596 426.9175 300145.900000000 -0.0000 0.0000 100.0000
20536.5718 312484.8458 426.9245 300145.910000000 -0.0000 0.0000 100.0000
20536.4933 312484.8320 426.9316 300145.920000000 -0.0000 0.0000 100.0000
20536.4149 312484.8181 426.9386 300145.930000000 -0.0000 0.0000 100.0000
20536.3364 312484.8043 426.9457 300145.940000000 -0.0000 0.0000 100.0000
20536.2579 312484.7905 426.9528 300145.950000000 -0.0000 0.0000 100.0000
20536.1794 312484.7766 426.9598 300145.960000000 -0.0000 0.0000 100.0000
20536.1010 312484.7628 426.9669 300145.970000000 -0.0000 0.0000 100.0000
20536.0225 312484.7489 426.9739 300145.980000000 -0.0000 0.0000 100.0000
20535.9440 312484.7351 426.9810 300145.990000000 -0.0000 0.0000 100.0000
20535.8655 312484.7213 426.9880 300146.000000000 -0.0000 0.0000 100.0000
20535.7870 312484.7074 426.9951 300146.010000000 -0.0000 0.0000 100.0000
20535.7086 312484.6936 427.0021 300146.020000000 -0.0000 0.0000 100.0000
20535.6301 312484.6797 427.0092 300146.030000000 -0.0000 0.0000 100.0000
20535.5516 312484.6659 427.0162 300146.040000000 -0.0000 0.0000 100.0000
20535.4731 312484.6521 427.0233 300146.050000000 -0.0000 0.0000 100.0000
20535.3947 312484.6382 427.0304 300146.060000000 -0.0000 0.0000 100.0000
20535.3162 312484.6244 427.0374 300146.070000000 -0.0000 0.0000 100.0000
20535.2377 312484.6106 427.0445 300146.080000000 -0.0000 0.0000 100.0000
20535.1592 312484.5967 427.0515 300146.090000000 -0.0000 0.0000 100.0000
20535.0807 312484.5829 427.0586 300146.100000000 -0.0000 0.0000 100.0000
20535.0023 312484.5690 427.0656 300146.110000000 -0.0000 0.0000 100.0000
20534.9238 312484.5552 427.0727 300146.120000000 -0.0000 0.0000 100.0000
20534.8453 312484.5414 427.0797 300146.130000000 -0.0000 0.0000 100.0000
20534.7668 312484.5275 427.0868 300146.140000000 -0.0000 0.0000 100.0000
20534.6884 312484.5137 427.0939 300146.150000000 -0.0000 0.0000 100.0000
20534.6099 312484.4999 427.1009 300146.160000000 -0.0000 0.0000 100.0000
20534.5314 312484.4860 427.1080 300146.170000000 -0.0000 0.0000 100.0000
20534.4529 312484.4722 427.1150 300146.180000000 -0.0000 0.0000 100.0000
20534.3744 312484.4583 427.1221 300146.190000000 -0.0000 0.0000 100.0000
20534.2960 312484.4445 427.1291 300146.200000000 -0.0000 0.0000 100.0000
20534.2175 312484.4307 427.1362 300146.210000000 -0.0000 0.0000 100.0000
20534.1390 312484.4168 427.1432 300146.220000000 -0.0000 0.0000 100.0000
20534.0605 312484.4030 427.1503 300146.230000000 -0.0000 0.0000 100.0000
20533.9821 312484.3892 427.1574 300146.240000000 -0.0000 0.0000 100.0000
20533.9036 312484.3753 427.1644 300146.250000000 -0.0000 0.0000 100.0000
20533.8251 312484.3615 427.1715 300146.260000000 -0.0000 0.0000 100.0000
20533.7466 312484.3476 427.1785 300146.270000000 -0.0000 0.0000 100.0000
20533.6681 312484.3338 427.1856 300146.280000000 -0.0000 0.0000 100.0000
20533.5897 312484.3200 427.1926 300146.290000000 -0.0000 0.0000 100.0000
20533.5112 312484.3061 427.1997 300146.300000000 -0.0000 0.0000 100.0000
20533.4327 312484.2923 427.2067 300146.310000000 -0.0000 0.0000 100.0000
20533.3542 312484.2785 427.2138 300146.320000000 -0.0000 0.0000 100.0000
20533.2758 312484.2646 427.2208 300146.330000000 -0.0000 0.0000 100.0000
20533.1973 312484.2508 427.2279 300146.340000000 -0.0000 0.0000 100.0000
20533.1188 312484.2369 427.2350 300146.350000000 -0.0000 0.0000 100.0000
20533.0403 312484.2231 427.2420 300146.360000000 -0.0000 0.0000 100.0000
20532.9618 312484.2093 427.2491 300146.370000000 -0.0000 0.0000 100.0000
20532.8834 312484.1954 427.2561 300146.380000000 -0.0000 0.0000 100.0000
20532.8049 312484.1816 427.2632 300146.390000000 -0.0000 0.0000 100.0000
20532.7264 312484.1678 427.2702 300146.400000000 -0.0000 0.0000 100.0000
20532.6479 312484.1539 427.2773 300146.410000000 -0.0000 0.0000 100.0000
20532.5695 312484.1401 427.2843 300146.420000000 -0.0000 0.0000 100.0000
20532.4910 312484.1262 427.2914 300146.430000000 -0.0000 0.0000 100.0000
20532.4125 312484.1124 427.2985 300146.440000000 -0.0000 0.0000 100.0000
20532.3340 312484.0986 427.3055 300146.450000000 -0.0000 0.0000 100.0000
20532.2555 312484.0847 427.3126 300146.460000000 -0.0000 0.0000 100.0000
20532.1771 312484.0709 427.3196 300146.470000000 -0.0000 0.0000 100.0000
20532.0986 312484.0571 427.3267 300146.480000000 -0.0000 0.0000 100.0000
20532.0201 312484.0432 427.3337 300146.490000000 -0.0000 0.0000 100.0000
20531.9416 312484.0294 427.3408 300146.500000000 -0.0000 0.0000 100.0000
20531.8632 312484.0155 427.3478 300146.510000000 -0.0000 0.0000 100.0000
20531.7847 312484.0017 427.3549 300146.520000000 -0.0000 0.0000 100.0000
20531.7062 312483.9879 427.3619 300146.530000000 -0.0000 0.0000 100.0000
20531.6277 312483.9740 427.3690 300146.540000000 -0.0000 0.0000 100.0000
20531.5492 312483.9602 427.3761 300146.550000000 -0.0000 0.0000 100.0000
20531.4708 312483.9464 427.3831 300146.560000000 -0.0000 0.0000 100.0000
20531.3923 312483.9325 427.3902 300146.570000000 -0.0000 0.0000 100.0000
20531.3138 312483.9187 427.3972 300146.580000000 -0.0000 0.0000 100.0000
20531.2353 312483.9048 427.4043 300146.590000000 -0.0000 0.0000 100.0000
20531.1569 312483.8910 427.4113 300146.600000000 -0.0000 0.0000 100.0000
20531.0784 312483.8772 427.4184 300146.610000000 -0.0000 0.0000 100.0000
20530.9999 312483.8633 427.4254 300146.620000000 -0.0000 0.0000 100.0000
20530.9214 312483.8495 427.4325 300146.630000000 -0.0000 0.0000 100.0000
20530.8429 312483.8356 427.4396 300146.640000000 -0.0000 0.0000 100.0000
20530.7645 312483.8218 427.4466 300146.650000000 -0.0000 0.0000 100.0000
20530.6860 312483.8080 427.4537 300146.660000000 -0.0000 0.0000 100.0000
20530.6075 312483.7941 427.4607 300146.670000000 -0.0000 0.0000 100.0000
20530.5290 312483.7803 427.4678 300146.680000000 -0.0000 0.0000 100.0000
20530.4506 312483.7665 427.4748 300146.690000000 -0.0000 0.0000 100.0000
20530.3721 312483.7526 427.4819 300146.700000000 -0.0000 0.0000 100.0000
20530.2936 312483.7388 427.4889 300146.710000000 -0.0000 0.0000 100.0000
20530.2151 312483.7249 427.4960 300146.720000000 -0.0000 0.0000 100.0000
20530.1366 312483.7111 427.5030 300146.730000000 -0.0000 0.0000 100.0000
20530.0582 312483.6973 427.5101 300146.740000000 -0.0000 0.0000 100.0000
20529.9797 312483.6834 427.5172 300146.750000000 -0.0000 0.0000 100.0000
20529.9012 312483.6696 427.5242 300146.760000000 -0.0000 0.0000 100.0000
20529.8227 312483.6558 427.5313 300146.770000000 -0.0000 0.0000 100.0000
20529.7443 312483.6419 427.5383 300146.780000000 -0.0000 0.0000 100.0000
20529.6658 312483.6281 427.5454 300146.790000000 -0.0000 0.0000 100.0000
20529.5873 312483.6142 427.5524 300146.800000000 -0.0000 0.0000 100.0000
20529.5088 312483.6004 427.5595 300146.810000000 -0.0000 0.0000 100.0000
20529.4304 312483.5866 427.5665 300146.820000000 -0.0000 0.0000 100.0000
20529.3519 312483.5727 427.5736 300146.830000000 -0.0000 0.0000 100.0000
20529.2734 312483.5589 427.5807 300146.840000000 -0.0000 0.0000 100.0000
20529.1949 312483.5451 427.5877 300146.850000000 -0.0000 0.0000 100.0000
20529.1164 312483.5312 427.5948 300146.860000000 -0.0000 0.0000 100.0000
20529.0380 312483.5174 427.6018 300146.870000000 -0.0000 0.0000 100.0000
20528.9595 312483.5035 427.6089 300146.880000000 -0.0000 0.0000 100.0000
20528.8810 312483.4897 427.6159 300146.890000000 -0.0000 0.0000 100.0000
20528.8025 312483.4759 427.6230 300146.900000000 -0.0000 0.0000 100.0000
20528.7241 312483.4620 427.6300 300146.910000000 -0.0000 0.0000 100.0000
20528.6456 312483.4482 427.6371 300146.920000000 -0.0000 0.0000 100.0000
20528.5671 312483.4344 427.6442 300146.930000000 -0.0000 0.0000 100.0000
20528.4886 312483.4205 427.6512 300146.940000000 -0.0000 0.0000 100.0000
20528.4101 312483.4067 427.6583 300146.950000000 -0.0000 0.0000 100.0000
20528.3317 312483.3928 427.6653 300146.960000000 -0.0000 0.0000 100.0000
20528.2532 312483.3790 427.6724 300146.970000000 -0.0000 0.0000 100.0000
20528.1747 312483.3652 427.6794 300146.980000000 -0.0000 0.0000 100.0000
20528.0962 312483.3513 427.6865 300146.990000000 -0.0000 0.0000 100.0000
20528.0178 312483.3375 427.6935 300147.000000000 -0.0000 0.0000 100.0000
20527.9393 312483.3237 427.7006 300147.010000000 -0.0000 0.0000 100.0000
20527.8608 312483.3098 427.7076 300147.020000000 -0.0000 0.0000 100.0000
20527.7823 312483.2960 427.7147 300147.030000000 -0.0000 0.0000 100.0000
20527.7038 312483.2821 427.7218 300147.040000000 -0.0000 0.0000 100.0000
20527.6254 312483.2683 427.7288 300147.050000000 -0.0000 0.0000 100.0000
20527.5469 312483.2545 427.7359 300147.060000000 -0.0000 0.0000 100.0000
20527.4684 312483.2406 427.7429 300147.070000000 -0.0000 0.0000 100.0000
20527.3899 312483.2268 427.7500 300147.080000000 -0.0000 0.0000 100.0000
20527.3115 312483.2130 427.7570 300147.090000000 -0.0000 0.0000 100.0000
20527.2330 312483.1991 427.7641 300147.100000000 -0.0000 0.0000 100.0000
20527.1545 312483.1853 427.7711 300147.110000000 -0.0000 0.0000 100.0000
20527.0760 312483.1714 427.7782 300147.120000000 -0.0000 0.0000 100.0000
20526.9975 312483.1576 427.7853 300147.130000000 -0.0000 0.0000 100.0000
20526.9191 312483.1438 427.7923 300147.140000000 -0.0000 0.0000 100.0000
20526.8406 312483.1299 427.7994 300147.150000000 -0.0000 0.0000 100.0000
20526.7621 312483.1161 427.8064 300147.160000000 -0.0000 0.0000 100.0000
20526.6836 312483.1022 427.8135 300147.170000000 -0.0000 0.0000 100.0000
20526.6052 312483.0884 427.8205 300147.180000000 -0.0000 0.0000 100.0000
20526.5267 312483.0746 427.8276 300147.190000000 -0.0000 0.0000 100.0000
20526.4482 312483.0607 427.8346 300147.200000000 -0.0000 0.0000 100.0000
20526.3697 312483.0469 427.8417 300147.210000000 -0.0000 0.0000 100.0000
20526.2912 312483.0331 427.8487 300147.220000000 -0.0000 0.0000 100.0000
20526.2128 312483.0192 427.8558 300147.230000000 -0.0000 0.0000 100.0000
20526.1343 312483.0054 427.8629 300147.240000000 -0.0000 0.0000 100.0000
20526.0558 312482.9915 427.8699 300147.250000000 -0.0000 0.0000 100.0000
20525.9773 312482.9777 427.8770 300147.260000000 -0.0000 0.0000 100.0000
20525.8989 312482.9639 427.8840 300147.270000000 -0.0000 0.0000 100.0000
20525.8204 312482.9500 427.8911 300147.280000000 -0.0000 0.0000 100.0000
20525.7419 312482.9362 427.8981 300147.290000000 -0.0000 0.0000 100.0000
20525.6634 312482.9224 427.9052 300147.300000000 -0.0000 0.0000 100.0000
20525.5849 312482.9085 427.9122 300147.310000000 -0.0000 0.0000 100.0000
20525.5065 312482.8947 427.9193 300147.320000000 -0.0000 0.0000 100.0000
20525.4280 312482.8808 427.9264 300147.330000000 -0.0000 0.0000 100.0000
20525.3495 312482.8670 427.9334 300147.340000000 -0.0000 0.0000 100.0000
20525.2710 312482.8532 427.9405 300147.350000000 -0.0000 0.0000 100.0000
20525.1926 312482.8393 427.9475 300147.360000000 -0.0000 0.0000 100.0000
20525.1141 312482.8255 427.9546 300147.370000000 -0.0000 0.0000 100.0000
20525.0356 312482.8117 427.9616 300147.380000000 -0.0000 0.0000 100.0000
20524.9571 312482.7978 427.9687 300147.390000000 -0.0000 0.0000 100.0000
20524.8786 312482.7840 427.9757 300147.400000000 -0.0000 0.0000 100.0000
20524.8002 312482.7701 427.9828 300147.410000000 -0.0000 0.0000 100.0000
20524.7217 312482.7563 427.9898 300147.420000000 -0.0000 0.0000 100.0000
20524.6432 312482.7425 427.9969 300147.430000000 -0.0000 0.0000 100.0000
20524.5647 312482.7286 428.0040 300147.440000000 -0.0000 0.0000 100.0000
20524.4863 312482.7148 428.0110 300147.450000000 -0.0000 0.0000 100.0000
20524.4078 312482.7010 428.0181 300147.460000000 -0.0000 0.0000 100.0000
20524.3293 312482.6871 428.0251 300147.470000000 -0.0000 0.0000 100.0000
20524.2508 312482.6733 428.0322 300147.480000000 -0.0000 0.0000 100.0000
20524.1723 312482.6594 428.0392 300147.490000000 -0.0000 0.0000 100.0000
20524.0939 312482.6456 428.0463 300147.500000000 -0.0000 0.0000 100.0000
20524.0154 312482.6318 428.0533 300147.510000000 -0.0000 0.0000 100.0000
20523.9369 312482.6179 428.0604 300147.520000000 -0.0000 0.0000 100.0000
20523.8584 312482.6041 428.0675 300147.530000000 -0.0000 0.0000 100.0000
20523.7800 312482.5903 428.0745 300147.540000000 -0.0000 0.0000 100.0000
20523.7015 312482.5764 428.0816 300147.550000000 -0.0000 0.0000 100.0000
20523.6230 312482.5626 428.0886 300147.560000000 -0.0000 0.0000 100.0000
20523.5445 312482.5487 428.0957 300147.570000000 -0.0000 0.0000 100.0000
20523.4660 312482.5349 428.1027 300147.580000000 -0.0000 0.0000 100.0000
20523.3876 312482.5211 428.1098 300147.590000000 -0.0000 0.0000 100.0000
20523.3091 312482.5072 428.1168 300147.600000000 -0.0000 0.0000 100.0000
20523.2306 312482.4934 428.1239 300147.610000000 -0.0000 0.0000 100.0000
20523.1521 312482.4796 428.1310 300147.620000000 -0.0000 0.0000 100.0000
20523.0737 312482.4657 428.1380 300147.630000000 -0.0000 0.0000 100.0000
20522.9952 312482.4519 428.1451 300147.640000000 -0.0000 0.0000 100.0000
20522.9167 312482.4380 428.1521 300147.650000000 -0.0000 0.0000 100.0000
20522.8382 312482.4242 428.1592 300147.660000000 -0.0000 0.0000 100.0000
20522.7597 312482.4104 428.1662 300147.670000000 -0.0000 0.0000 100.0000
20522.6813 312482.3965 428.1733 300147.680000000 -0.0000 0.0000 100.0000
20522.6028 312482.3827 428.1803 300147.690000000 -0.0000 0.0000 100.0000
20522.5243 312482.3688 428.1874 300147.700000000 -0.0000 0.0000 100.0000
20522.4458 312482.3550 428.1944 300147.710000000 -0.0000 0.0000 100.0000
20522.3674 312482.3412 428.2015 300147.720000000 -0.0000 0.0000 100.0000
20522.2889 312482.3273 428.2086 300147.730000000 -0.0000 0.0000 100.0000
20522.2104 312482.3135 428.2156 300147.740000000 -0.0000 0.0000 100.0000
20522.1319 312482.2997 428.2227 300147.750000000 -0.0000 0.0000 100.0000
20522.0535 312482.2858 428.2297 300147.760000000 -0.0000 0.0000 100.0000
20521.9750 312482.2720 428.2368 300147.770000000 -0.0000 0.0000 100.0000
20521.8965 312482.2581 428.2438 300147.780000000 -0.0000 0.0000 100.0000
20521.8180 312482.2443 428.2509 300147.790000000 -0.0000 0.0000 100.0000
20521.7395 312482.2305 428.2579 300147.800000000 -0.0000 0.0000 100.0000
20521.6611 312482.2166 428.2650 300147.810000000 -0.0000 0.0000 100.0000
20521.5826 312482.2028 428.2721 300147.820000000 -0.0000 0.0000 100.0000
20521.5041 312482.1890 428.2791 300147.830000000 -0.0000 0.0000 100.0000
20521.4256 312482.1751 428.2862 300147.840000000 -0.0000 0.0000 100.0000
20521.3472 312482.1613 428.2932 300147.850000000 -0.0000 0.0000 100.0000
20521.2687 312482.1474 428.3003 300147.860000000 -0.0000 0.0000 100.0000
20521.1902 312482.1336 428.3073 300147.870000000 -0.0000 0.0000 100.0000
20521.1117 312482.1198 428.3144 300147.880000000 -0.0000 0.0000 100.0000
20521.0332 312482.1059 428.3214 300147.890000000 -0.0000 0.0000 100.0000
20520.9548 312482.0921 428.3285 300147.900000000 -0.0000 0.0000 100.0000
20520.8763 312482.0783 428.3355 300147.910000000 -0.0000 0.0000 100.0000
20520.7978 312482.0644 428.3426 300147.920000000 -0.0000 0.0000 100.0000
20520.7193 312482.0506 428.3497 300147.930000000 -0.0000 0.0000 100.0000
20520.6409 312482.0367 428.3567 300147.940000000 -0.0000 0.0000 100.0000
20520.5624 312482.0229 428.3638 300147.950000000 -0.0000 0.0000 100.0000
20520.4839 312482.0091 428.3708 300147.960000000 -0.0000 0.0000 100.0000
20520.4054 312481.9952 428.3779 300147.970000000 -0.0000 0.0000 100.0000
20520.3269 312481.9814 428.3849 300147.980000000 -0.0000 0.0000 100.0000
20520.2485 312481.9676 428.3920 300147.990000000 -0.0000 0.0000 100.0000
20520.1700 312481.9537 428.3990 300148.000000000 -0.0000 0.0000 100.0000
20520.0915 312481.9399 428.4061 300148.010000000 -0.0000 0.0000 100.0000
20520.0130 312481.9260 428.4132 300148.020000000 -0.0000 0.0000 100.0000
20519.9346 312481.9122 428.4202 300148.030000000 -0.0000 0.0000 100.0000
20519.8561 312481.8984 428.4273 300148.040000000 -0.0000 0.0000 100.0000
20519.7776 312481.8845 428.4343 300148.050000000 -0.0000 0.0000 100.0000
20519.6991 312481.8707 428.4414 300148.060000000 -0.0000 0.0000 100.0000
20519.6206 312481.8569 428.4484 300148.070000000 -0.0000 0.0000 100.0000
20519.5422 312481.8430 428.4555 300148.080000000 -0.0000 0.0000 100.0000
20519.4637 312481.8292 428.4625 300148.090000000 -0.0000 0.0000 100.0000
20519.3852 312481.8153 428.4696 300148.100000000 -0.0000 0.0000 100.0000
20519.3067 312481.8015 428.4766 300148.110000000 -0.0000 0.0000 100.0000
20519.2283 312481.7877 428.4837 300148.120000000 -0.0000 0.0000 100.0000
20519.1498 312481.7738 428.4908 300148.130000000 -0.0000 0.0000 100.0000
20519.0713 312481.7600 428.4978 300148.140000000 -0.0000 0.0000 100.0000
20518.9928 312481.7462 428.5049 300148.150000000 -0.0000 0.0000 100.0000
20518.9143 312481.7323 428.5119 300148.160000000 -0.0000 0.0000 100.0000
20518.8359 312481.7185 428.5190 300148.170000000 -0.0000 0.0000 100.0000
20518.7574 312481.7046 428.5260 300148.180000000 -0.0000 0.0000 100.0000
20518.6789 312481.6908 428.5331 300148.190000000 -0.0000 0.0000 100.0000
20518.6004 312481.6770 428.5401 300148.200000000 -0.0000 0.0000 100.0000
20518.5220 312481.6631 428.5472 300148.210000000 -0.0000 0.0000 100.0000
20518.4435 312481.6493 428.5543 300148.220000000 -0.0000 0.0000 100.0000
20518.3650 312481.6354 428.5613 300148.230000000 -0.0000 0.0000 100.0000
20518.2865 312481.6216 428.5684 300148.240000000 -0.0000 0.0000 100.0000
20518.2080 312481.6078 428.5754 300148.250000000 -0.0000 0.0000 100.0000
20518.1296 312481.5939 428.5825 300148.260000000 -0.0000 0.0000 100.0000
20518.0511 312481.5801 428.5895 300148.270000000 -0.0000 0.0000 100.0000
20517.9726 312481.5663 428.5966 300148.280000000 -0.0000 0.0000 100.0000
20517.8941 312481.5524 428.6036 300148.290000000 -0.0000 0.0000 100.0000
20517.8157 312481.5386 428.6107 300148.300000000 -0.0000 0.0000 100.0000
20517.7372 312481.5247 428.6177 300148.310000000 -0.0000 0.0000 100.0000
20517.6587 312481.5109 428.6248 300148.320000000 -0.0000 0.0000 100.0000
20517.5802 312481.4971 428.6319 300148.330000000 -0.0000 0.0000 100.0000
20517.5017 312481.4832 428.6389 300148.340000000 -0.0000 0.0000 100.0000
20517.4233 312481.4694 428.6460 300148.350000000 -0.0000 0.0000 100.0000
20517.3448 312481.4556 428.6530 300148.360000000 -0.0000 0.0000 100.0000
20517.2663 312481.4417 428.6601 300148.370000000 -0.0000 0.0000 100.0000
20517.1878 312481.4279 428.6671 300148.380000000 -0.0000 0.0000 100.0000
20517.1094 312481.4140 428.6742 300148.390000000 -0.0000 0.0000 100.0000
20517.0309 312481.4002 428.6812 300148.400000000 -0.0000 0.0000 100.0000
20516.9524 312481.3864 428.6883 300148.410000000 -0.0000 0.0000 100.0000
20516.8739 312481.3725 428.6954 300148.420000000 -0.0000 0.0000 100.0000
20516.7954 312481.3587 428.7024 300148.430000000 -0.0000 0.0000 100.0000
20516.7170 312481.3449 428.7095 300148.440000000 -0.0000 0.0000 100.0000
20516.6385 312481.3310 428.7165 300148.450000000 -0.0000 0.0000 100.0000
20516.5600 312481.3172 428.7236 300148.460000000 -0.0000 0.0000 100.0000
20516.4815 312481.3033 428.7306 300148.470000000 -0.0000 0.0000 100.0000
20516.4031 312481.2895 428.7377 300148.480000000 -0.0000 0.0000 100.0000
20516.3246 312481.2757 428.7447 300148.490000000 -0.0000 0.0000 100.0000
20516.2461 312481.2618 428.7518 300148.500000000 -0.0000 0.0000 100.0000
20516.1676 312481.2480 428.7589 300148.510000000 -0.0000 0.0000 100.0000
20516.0891 312481.2342 428.7659 300148.520000000 -0.0000 0.0000 100.0000
20516.0107 312481.2203 428.7730 300148.530000000 -0.0000 0.0000 100.0000
20515.9322 312481.2065 428.7800 300148.540000000 -0.0000 0.0000 100.0000
20515.8537 312481.1926 428.7871 300148.550000000 -0.0000 0.0000 100.0000
20515.7752 312481.1788 428.7941 300148.560000000 -0.0000 0.0000 100.0000
20515.6968 312481.1650 428.8012 300148.570000000 -0.0000 0.0000 100.0000
20515.6183 312481.1511 428.8082 300148.580000000 -0.0000 0.0000 100.0000
20515.5398 312481.1373 428.8153 300148.590000000 -0.0000 0.0000 100.0000
20515.4613 312481.1235 428.8223 300148.600000000 -0.0000 0.0000 100.0000
20515.3828 312481.1096 428.8294 300148.610000000 -0.0000 0.0000 100.0000
20515.3044 312481.0958 428.8365 300148.620000000 -0.0000 0.0000 100.0000
20515.2259 312481.0819 428.8435 300148.630000000 -0.0000 0.0000 100.0000
20515.1474 312481.0681 428.8506 300148.640000000 -0.0000 0.0000 100.0000
20515.0689 312481.0543 428.8576 300148.650000000 -0.0000 0.0000 100.0000
20514.9905 312481.0404 428.8647 300148.660000000 -0.0000 0.0000 100.0000
20514.9120 312481.0266 428.8717 300148.670000000 -0.0000 0.0000 100.0000
20514.8335 312481.0128 428.8788 300148.680000000 -0.0000 0.0000 100.0000
20514.7550 312480.9989 428.8858 300148.690000000 -0.0000 0.0000 100.0000
20514.6766 312480.9851 428.8929 300148.700000000 -0.0000 0.0000 100.0000
20514.5981 312480.9712 428.9000 300148.710000000 -0.0000 0.0000 100.0000
20514.5196 312480.9574 428.9070 300148.720000000 -0.0000 0.0000 100.0000
20514.4411 312480.9436 428.9141 300148.730000000 -0.0000 0.0000 100.0000
20514.3626 312480.9297 428.9211 300148.740000000 -0.0000 0.0000 100.0000
20514.2842 312480.9159 428.9282 300148.750000000 -0.0000 0.0000 100.0000
20514.2057 312480.9020 428.9352 300148.760000000 -0.0000 0.0000 100.0000
20514.1272 312480.8882 428.9423 300148.770000000 -0.0000 0.0000 100.0000
20514.0487 312480.8744 428.9493 300148.780000000 -0.0000 0.0000 100.0000
20513.9703 312480.8605 428.9564 300148.790000000 -0.0000 0.0000 100.0000
20513.8918 312480.8467 428.9634 300148.800000000 -0.0000 0.0000 100.0000
20513.8133 312480.8329 428.9705 300148.810000000 -0.0000 0.0000 100.0000
20513.7348 312480.8190 428.9776 300148.820000000 -0.0000 0.0000 100.0000
20513.6563 312480.8052 428.9846 300148.830000000 -0.0000 0.0000 100.0000
20513.5779 312480.7913 428.9917 300148.840000000 -0.0000 0.0000 100.0000
20513.4994 312480.7775 428.9987 300148.850000000 -0.0000 0.0000 100.0000
20513.4209 312480.7637 429.0058 300148.860000000 -0.0000 0.0000 100.0000
20513.3424 312480.7498 429.0128 300148.870000000 -0.0000 0.0000 100.0000
20513.2640 312480.7360 429.0199 300148.880000000 -0.0000 0.0000 100.0000
20513.1855 312480.7222 429.0269 300148.890000000 -0.0000 0.0000 100.0000
20513.1070 312480.7083 429.0340 300148.900000000 -0.0000 0.0000 100.0000
20513.0285 312480.6945 429.0411 300148.910000000 -0.0000 0.0000 100.0000
20512.9500 312480.6806 429.0481 300148.920000000 -0.0000 0.0000 100.0000
20512.8716 312480.6668 429.0552 300148.930000000 -0.0000 0.0000 100.0000
20512.7931 312480.6530 429.0622 300148.940000000 -0.0000 0.0000 100.0000
20512.7146 312480.6391 429.0693 300148.950000000 -0.0000 0.0000 100.0000
20512.6361 312480.6253 429.0763 300148.960000000 -0.0000 0.0000 100.0000
20512.5577 312480.6115 429.0834 300148.970000000 -0.0000 0.0000 100.0000
20512.4792 312480.5976 429.0904 300148.980000000 -0.0000 0.0000 100.0000
20512.4007 312480.5838 429.0975 300148.990000000 -0.0000 0.0000 100.0000
20512.3222 312480.5699 429.1045 300149.000000000 -0.0000 0.0000 100.0000
20512.2437 312480.5561 429.1116 300149.010000000 -0.0000 0.0000 100.0000
20512.1653 312480.5423 429.1187 300149.020000000 -0.0000 0.0000 100.0000
20512.0868 312480.5284 429.1257 300149.030000000 -0.0000 0.0000 100.0000
20512.0083 312480.5146 429.1328 300149.040000000 -0.0000 0.0000 100.0000
20511.9298 312480.5008 429.1398 300149.050000000 -0.0000 0.0000 100.0000
20511.8514 312480.4869 429.1469 300149.060000000 -0.0000 0.0000 100.0000
20511.7729 312480.4731 429.1539 300149.070000000 -0.0000 0.0000 100.0000
20511.6944 312480.4592 429.1610 300149.080000000 -0.0000 0.0000 100.0000
20511.6159 312480.4454 429.1680 300149.090000000 -0.0000 0.0000 100.0000
20511.5374 312480.4316 429.1751 300149.100000000 -0.0000 0.0000 100.0000
20511.4590 312480.4177 429.1822 300149.110000000 -0.0000 0.0000 100.0000
20511.3805 312480.4039 429.1892 300149.120000000 -0.0000 0.0000 100.0000
20511.3020 312480.3901 429.1963 300149.130000000 -0.0000 0.0000 100.0000
20511.2235 312480.3762 429.2033 300149.140000000 -0.0000 0.0000 100.0000
20511.1451 312480.3624 429.2104 300149.150000000 -0.0000 0.0000 100.0000
20511.0666 312480.3485 429.2174 300149.160000000 -0.0000 0.0000 100.0000
20510.9881 312480.3347 429.2245 300149.170000000 -0.0000 0.0000 100.0000
20510.9096 312480.3209 429.2315 300149.180000000 -0.0000 0.0000 100.0000
20510.8311 312480.3070 429.2386 300149.190000000 -0.0000 0.0000 100.0000
20510.7527 312480.2932 429.2457 300149.200000000 -0.0000 0.0000 100.0000
20510.6742 312480.2794 429.2527 300149.210000000 -0.0000 0.0000 100.0000
20510.5957 312480.2655 429.2598 300149.220000000 -0.0000 0.0000 100.0000
20510.5172 312480.2517 429.2668 300149.230000000 -0.0000 0.0000 100.0000
20510.4388 312480.2378 429.2739 300149.240000000 -0.0000 0.0000 100.0000
20510.3603 312480.2240 429.2809 300149.250000000 -0.0000 0.0000 100.0000
20510.2818 312480.2102 429.2880 300149.260000000 -0.0000 0.0000 100.0000
20510.2033 312480.1963 429.2950 300149.270000000 -0.0000 0.0000 100.0000
20510.1248 312480.1825 429.3021 300149.280000000 -0.0000 0.0000 100.0000
20510.0464 312480.1687 429.3091 300149.290000000 -0.0000 0.0000 100.0000
20509.9679 312480.1548 429.3162 300149.300000000 -0.0000 0.0000 100.0000
20509.8894 312480.1410 429.3233 300149.310000000 -0.0000 0.0000 100.0000
20509.8109 312480.1271 429.3303 300149.320000000 -0.0000 0.0000 100.0000
20509.7325 312480.1133 429.3374 300149.330000000 -0.0000 0.0000 100.0000
20509.6540 312480.0995 429.3444 300149.340000000 -0.0000 0.0000 100.0000
20509.5755 312480.0856 429.3515 300149.350000000 -0.0000 0.0000 100.0000
20509.4970 312480.0718 429.3585 300149.360000000 -0.0000 0.0000 100.0000
20509.4185 312480.0579 429.3656 300149.370000000 -0.0000 0.0000 100.0000
20509.3401 312480.0441 429.3726 300149.380000000 -0.0000 0.0000 100.0000
20509.2616 312480.0303 429.3797 300149.390000000 -0.0000 0.0000 100.0000
20509.1831 312480.0164 429.3868 300149.400000000 -0.0000 0.0000 100.0000
20509.1046 312480.0026 429.3938 300149.410000000 -0.0000 0.0000 100.0000
20509.0262 312479.9888 429.4009 300149.420000000 -0.0000 0.0000 100.0000
20508.9477 312479.9749 429.4079 300149.430000000 -0.0000 0.0000 100.0000
20508.8692 312479.9611 429.4150 300149.440000000 -0.0000 0.0000 100.0000
20508.7907 312479.9472 429.4220 300149.450000000 -0.0000 0.0000 100.0000
20508.7122 312479.9334 429.4291 300149.460000000 -0.0000 0.0000 100.0000
20508.6338 312479.9196 429.4361 300149.470000000 -0.0000 0.0000 100.0000
20508.5553 312479.9057 429.4432 300149.480000000 -0.0000 0.0000 100.0000
20508.4768 312479.8919 429.4502 300149.490000000 -0.0000 0.0000 100.0000
20508.3983 312479.8781 429.4573 300149.500000000 -0.0000 0.0000 100.0000
20508.3199 312479.8642 429.4644 300149.510000000 -0.0000 0.0000 100.0000
20508.2414 312479.8504 429.4714 300149.520000000 -0.0000 0.0000 100.0000
20508.1629 312479.8365 429.4785 300149.530000000 -0.0000 0.0000 100.0000
20508.0844 312479.8227 429.4855 300149.540000000 -0.0000 0.0000 100.0000
20508.0059 312479.8089 429.4926 300149.550000000 -0.0000 0.0000 100.0000
20507.9275 312479.7950 429.4996 300149.560000000 -0.0000 0.0000 100.0000
20507.8490 312479.7812 429.5067 300149.570000000 -0.0000 0.0000 100.0000
20507.7705 312479.7674 429.5137 300149.580000000 -0.0000 0.0000 100.0000
20507.6920 312479.7535 429.5208 300149.590000000 -0.0000 0.0000 100.0000
20507.6136 312479.7397 429.5279 300149.600000000 -0.0000 0.0000 100.0000
20507.5351 312479.7258 429.5349 300149.610000000 -0.0000 0.0000 100.0000
20507.4566 312479.7120 429.5420 300149.620000000 -0.0000 0.0000 100.0000
20507.3781 312479.6982 429.5490 300149.630000000 -0.0000 0.0000 100.0000
20507.2997 312479.6843 429.5561 300149.640000000 -0.0000 0.0000 100.0000
20507.2212 312479.6705 429.5631 300149.650000000 -0.0000 0.0000 100.0000
20507.1427 312479.6567 429.5702 300149.660000000 -0.0000 0.0000 100.0000
20507.0642 312479.6428 429.5772 300149.670000000 -0.0000 0.0000 100.0000
20506.9857 312479.6290 429.5843 300149.680000000 -0.0000 0.0000 100.0000
20506.9073 312479.6151 429.5913 300149.690000000 -0.0000 0.0000 100.0000
20506.8288 312479.6013 429.5984 300149.700000000 -0.0000 0.0000 100.0000
20506.7503 312479.5875 429.6055 300149.710000000 -0.0000 0.0000 100.0000
20506.6718 312479.5736 429.6125 300149.720000000 -0.0000 0.0000 100.0000
20506.5934 312479.5598 429.6196 300149.730000000 -0.0000 0.0000 100.0000
20506.5149 312479.5460 429.6266 300149.740000000 -0.0000 0.0000 100.0000
20506.4364 312479.5321 429.6337 300149.750000000 -0.0000 0.0000 100.0000
20506.3579 312479.5183 429.6407 300149.760000000 -0.0000 0.0000 100.0000
20506.2794 312479.5044 429.6478 300149.770000000 -0.0000 0.0000 100.0000
20506.2010 312479.4906 429.6548 300149.780000000 -0.0000 0.0000 100.0000
20506.1225 312479.4768 429.6619 300149.790000000 -0.0000 0.0000 100.0000
20506.0440 312479.4629 429.6690 300149.800000000 -0.0000 0.0000 100.0000
20505.9655 312479.4491 429.6760 300149.810000000 -0.0000 0.0000 100.0000
20505.8871 312479.4353 429.6831 300149.820000000 -0.0000 0.0000 100.0000
20505.8086 312479.4214 429.6901 300149.830000000 -0.0000 0.0000 100.0000
20505.7301 312479.4076 429.6972 300149.840000000 -0.0000 0.0000 100.0000
20505.6516 312479.3937 429.7042 300149.850000000 -0.0000 0.0000 100.0000
20505.5731 312479.3799 429.7113 300149.860000000 -0.0000 0.0000 100.0000
20505.4947 312479.3661 429.7183 300149.870000000 -0.0000 0.0000 100.0000
20505.4162 312479.3522 429.7254 300149.880000000 -0.0000 0.0000 100.0000
20505.3377 312479.3384 429.7325 300149.890000000 -0.0000 0.0000 100.0000
20505.2592 312479.3245 429.7395 300149.900000000 -0.0000 0.0000 100.0000
20505.1808 312479.3107 429.7466 300149.910000000 -0.0000 0.0000 100.0000
20505.1023 312479.2969 429.7536 300149.920000000 -0.0000 0.0000 100.0000
20505.0238 312479.2830 429.7607 300149.930000000 -0.0000 0.0000 100.0000
20504.9453 312479.2692 429.7677 300149.940000000 -0.0000 0.0000 100.0000
20504.8668 312479.2554 429.7748 300149.950000000 -0.0000 0.0000 100.0000
20504.7884 312479.2415 429.7818 300149.960000000 -0.0000 0.0000 100.0000
20504.7099 312479.2277 429.7889 300149.970000000 -0.0000 0.0000 100.0000
20504.6314 312479.2138 429.7959 300149.980000000 -0.0000 0.0000 100.0000
20504.5529 312479.2000 429.8030 300149.990000000 -0.0000 0.0000 100.0000
20504.4745 312479.1862 429.8101 300150.000000000 -0.0000 0.0000 100.0000
20504.3960 312479.1723 429.8171 300150.010000000 -0.0000 0.0000 100.0000
20504.3175 312479.1585 429.8242 300150.020000000 -0.0000 0.0000 100.0000
20504.2390 312479.1447 429.8312 300150.030000000 -0.0000 0.0000 100.0000
20504.1605 312479.1308 429.8383 300150.040000000 -0.0000 0.0000 100.0000
20504.0821 312479.1170 429.8453 300150.050000000 -0.0000 0.0000 100.0000
20504.0036 312479.1031 429.8524 300150.060000000 -0.0000 0.0000 100.0000
20503.9251 312479.0893 429.8594 300150.070000000 -0.0000 0.0000 100.0000
20503.8466 312479.0755 429.8665 300150.080000000 -0.0000 0.0000 100.0000
20503.7682 312479.0616 429.8736 300150.090000000 -0.0000 0.0000 100.0000
20503.6897 312479.0478 429.8806 300150.100000000 -0.0000 0.0000 100.0000
20503.6112 312479.0340 429.8877 300150.110000000 -0.0000 0.0000 100.0000
20503.5327 312479.0201 429.8947 300150.120000000 -0.0000 0.0000 100.0000
20503.4542 312479.0063 429.9018 300150.130000000 -0.0000 0.0000 100.0000
20503.3758 312478.9924 429.9088 300150.140000000 -0.0000 0.0000 100.0000
20503.2973 312478.9786 429.9159 300150.150000000 -0.0000 0.0000 100.0000
20503.2188 312478.9648 429.9229 300150.160000000 -0.0000 0.0000 100.0000
20503.1403 312478.9509 429.9300 300150.170000000 -0.0000 0.0000 100.0000
20503.0619 312478.9371 429.9370 300150.180000000 -0.0000 0.0000 100.0000
20502.9834 312478.9233 429.9441 300150.190000000 -0.0000 0.0000 100.0000
20502.9049 312478.9094 429.9512 300150.200000000 -0.0000 0.0000 100.0000
20502.8264 312478.8956 429.9582 300150.210000000 -0.0000 0.0000 100.0000
20502.7479 312478.8817 429.9653 300150.220000000 -0.0000 0.0000 100.0000
20502.6695 312478.8679 429.9723 300150.230000000 -0.0000 0.0000 100.0000
20502.5910 312478.8541 429.9794 300150.240000000 -0.0000 0.0000 100.0000
20502.5125 312478.8402 429.9864 300150.250000000 -0.0000 0.0000 100.0000
20502.4340 312478.8264 429.9935 300150.260000000 -0.0000 0.0000 100.0000
20502.3556 312478.8126 430.0005 300150.270000000 -0.0000 0.0000 100.0000
20502.2771 312478.7987 430.0076 300150.280000000 -0.0000 0.0000 100.0000
20502.1986 312478.7849 430.0147 300150.290000000 -0.0000 0.0000 100.0000
20502.1201 312478.7710 430.0217 300150.300000000 -0.0000 0.0000 100.0000
20502.0416 312478.7572 430.0288 300150.310000000 -0.0000 0.0000 100.0000
20501.9632 312478.7434 430.0358 300150.320000000 -0.0000 0.0000 100.0000
20501.8847 312478.7295 430.0429 300150.330000000 -0.0000 0.0000 100.0000
20501.8062 312478.7157 430.0499 300150.340000000 -0.0000 0.0000 100.0000
20501.7277 312478.7019 430.0570 300150.350000000 -0.0000 0.0000 100.0000
20501.6493 312478.6880 430.0640 300150.360000000 -0.0000 0.0000 100.0000
20501.5708 312478.6742 430.0711 300150.370000000 -0.0000 0.0000 100.0000
20501.4923 312478.6603 430.0781 300150.380000000 -0.0000 0.0000 100.0000
20501.4138 312478.6465 430.0852 300150.390000000 -0.0000 0.0000 100.0000
20501.3353 312478.6327 430.0923 300150.400000000 -0.0000 0.0000 100.0000
20501.2569 312478.6188 430.0993 300150.410000000 -0.0000 0.0000 100.0000
20501.1784 312478.6050 430.1064 300150.420000000 -0.0000 0.0000 100.0000
20501.0999 312478.5911 430.1134 300150.430000000 -0.0000 0.0000 100.0000
20501.0214 312478.5773 430.1205 300150.440000000 -0.0000 0.0000 100.0000
20500.9430 312478.5635 430.1275 300150.450000000 -0.0000 0.0000 100.0000
20500.8645 312478.5496 430.1346 300150.460000000 -0.0000 0.0000 100.0000
20500.7860 312478.5358 430.1416 300150.470000000 -0.0000 0.0000 100.0000
20500.7075 312478.5220 430.1487 300150.480000000 -0.0000 0.0000 100.0000
20500.6290 312478.5081 430.1558 300150.490000000 -0.0000 0.0000 100.0000
20500.5506 312478.4943 430.1628 300150.500000000 -0.0000 0.0000 100.0000
20500.4721 312478.4804 430.1699 300150.510000000 -0.0000 0.0000 100.0000
20500.3936 312478.4666 430.1769 300150.520000000 -0.0000 0.0000 100.0000
20500.3151 312478.4528 430.1840 300150.530000000 -0.0000 0.0000 100.0000
20500.2367 312478.4389 430.1910 300150.540000000 -0.0000 0.0000 100.0000
20500.1582 312478.4251 430.1981 300150.550000000 -0.0000 0.0000 100.0000
20500.0797 312478.4113 430.2051 300150.560000000 -0.0000 0.0000 100.0000
20500.0012 312478.3974 430.2122 300150.570000000 -0.0000 0.0000 100.0000
20499.9228 312478.3836 430.2193 300150.580000000 -0.0000 0.0000 100.0000
20499.8443 312478.3697 430.2263 300150.590000000 -0.0000 0.0000 100.0000
20499.7658 312478.3559 430.2334 300150.600000000 -0.0000 0.0000 100.0000
20499.6873 312478.3421 430.2404 300150.610000000 -0.0000 0.0000 100.0000
20499.6088 312478.3282 430.2475 300150.620000000 -0.0000 0.0000 100.0000
20499.5304 312478.3144 430.2545 300150.630000000 -0.0000 0.0000 100.0000
20499.4519 312478.3006 430.2616 300150.640000000 -0.0000 0.0000 100.0000
20499.3734 312478.2867 430.2686 300150.650000000 -0.0000 0.0000 100.0000
20499.2949 312478.2729 430.2757 300150.660000000 -0.0000 0.0000 100.0000
20499.2165 312478.2590 430.2827 300150.670000000 -0.0000 0.0000 100.0000
20499.1380 312478.2452 430.2898 300150.680000000 -0.0000 0.0000 100.0000
20499.0595 312478.2314 430.2969 300150.690000000 -0.0000 0.0000 100.0000
20498.9810 312478.2175 430.3039 300150.700000000 -0.0000 0.0000 100.0000
20498.9025 312478.2037 430.3110 300150.710000000 -0.0000 0.0000 100.0000
20498.8241 312478.1899 430.3180 300150.720000000 -0.0000 0.0000 100.0000
20498.7456 312478.1760 430.3251 300150.730000000 -0.0000 0.0000 100.0000
20498.6671 312478.1622 430.3321 300150.740000000 -0.0000 0.0000 100.0000
20498.5886 312478.1483 430.3392 300150.750000000 -0.0000 0.0000 100.0000
20498.5102 312478.1345 430.3462 300150.760000000 -0.0000 0.0000 100.0000
20498.4317 312478.1207 430.3533 300150.770000000 -0.0000 0.0000 100.0000
20498.3532 312478.1068 430.3604 300150.780000000 -0.0000 0.0000 100.0000
20498.2747 312478.0930 430.3674 300150.790000000 -0.0000 0.0000 100.0000
20498.1962 312478.0792 430.3745 300150.800000000 -0.0000 0.0000 100.0000
20498.1178 312478.0653 430.3815 300150.810000000 -0.0000 0.0000 100.0000
20498.0393 312478.0515 430.3886 300150.820000000 -0.0000 0.0000 100.0000
20497.9608 312478.0376 430.3956 300150.830000000 -0.0000 0.0000 100.0000
20497.8823 312478.0238 430.4027 300150.840000000 -0.0000 0.0000 100.0000
20497.8039 312478.0100 430.4097 300150.850000000 -0.0000 0.0000 100.0000
20497.7254 312477.9961 430.4168 300150.860000000 -0.0000 0.0000 100.0000
20497.6469 312477.9823 430.4238 300150.870000000 -0.0000 0.0000 100.0000
20497.5684 312477.9685 430.4309 300150.880000000 -0.0000 0.0000 100.0000
20497.4899 312477.9546 430.4380 300150.890000000 -0.0000 0.0000 100.0000
20497.4115 312477.9408 430.4450 300150.900000000 -0.0000 0.0000 100.0000
20497.3330 312477.9269 430.4521 300150.910000000 -0.0000 0.0000 100.0000
20497.2545 312477.9131 430.4591 300150.920000000 -0.0000 0.0000 100.0000
20497.1760 312477.8993 430.4662 300150.930000000 -0.0000 0.0000 100.0000
20497.0976 312477.8854 430.4732 300150.940000000 -0.0000 0.0000 100.0000
20497.0191 312477.8716 430.4803 300150.950000000 -0.0000 0.0000 100.0000
20496.9406 312477.8577 430.4873 300150.960000000 -0.0000 0.0000 100.0000
20496.8621 312477.8439 430.4944 300150.970000000 -0.0000 0.0000 100.0000
20496.7836 312477.8301 430.5015 300150.980000000 -0.0000 0.0000 100.0000
20496.7052 312477.8162 430.5085 300150.990000000 -0.0000 0.0000 100.0000
20496.6267 312477.8024 430.5156 300151.000000000 -0.0000 0.0000 100.0000
20496.5482 312477.7886 430.5226 300151.010000000 -0.0000 0.0000 100.0000
20496.4697 312477.7747 430.5297 300151.020000000 -0.0000 0.0000 100.0000
20496.3913 312477.7609 430.5367 300151.030000000 -0.0000 0.0000 100.0000
20496.3128 312477.7470 430.5438 300151.040000000 -0.0000 0.0000 100.0000
20496.2343 312477.7332 430.5508 300151.050000000 -0.0000 0.0000 100.0000
20496.1558 312477.7194 430.5579 300151.060000000 -0.0000 0.0000 100.0000
20496.0773 312477.7055 430.5649 300151.070000000 -0.0000 0.0000 100.0000
20495.9989 312477.6917 430.5720 300151.080000000 -0.0000 0.0000 100.0000
20495.9204 312477.6779 430.5791 300151.090000000 -0.0000 0.0000 100.0000
20495.8419 312477.6640 430.5861 300151.100000000 -0.0000 0.0000 100.0000
20495.7634 312477.6502 430.5932 300151.110000000 -0.0000 0.0000 100.0000
20495.6850 312477.6363 430.6002 300151.120000000 -0.0000 0.0000 100.0000
20495.6065 312477.6225 430.6073 300151.130000000 -0.0000 0.0000 100.0000
20495.5280 312477.6087 430.6143 300151.140000000 -0.0000 0.0000 100.0000
20495.4495 312477.5948 430.6214 300151.150000000 -0.0000 0.0000 100.0000
20495.3710 312477.5810 430.6284 300151.160000000 -0.0000 0.0000 100.0000
20495.2926 312477.5672 430.6355 300151.170000000 -0.0000 0.0000 100.0000
20495.2141 312477.5533 430.6426 300151.180000000 -0.0000 0.0000 100.0000
20495.1356 312477.5395 430.6496 300151.190000000 -0.0000 0.0000 100.0000
20495.0571 312477.5256 430.6567 300151.200000000 -0.0000 0.0000 100.0000
20494.9787 312477.5118 430.6637 300151.210000000 -0.0000 0.0000 100.0000
20494.9002 312477.4980 430.6708 300151.220000000 -0.0000 0.0000 100.0000
20494.8217 312477.4841 430.6778 300151.230000000 -0.0000 0.0000 100.0000
20494.7432 312477.4703 430.6849 300151.240000000 -0.0000 0.0000 100.0000
20494.6647 312477.4565 430.6919 300151.250000000 -0.0000 0.0000 100.0000
20494.5863 312477.4426 430.6990 300151.260000000 -0.0000 0.0000 100.0000
20494.5078 312477.4288 430.7061 300151.270000000 -0.0000 0.0000 100.0000
20494.4293 312477.4149 430.7131 300151.280000000 -0.0000 0.0000 100.0000
20494.3508 312477.4011 430.7202 300151.290000000 -0.0000 0.0000 100.0000
20494.2724 312477.3873 430.7272 300151.300000000 -0.0000 0.0000 100.0000
20494.1939 312477.3734 430.7343 300151.310000000 -0.0000 0.0000 100.0000
20494.1154 312477.3596 430.7413 300151.320000000 -0.0000 0.0000 100.0000
20494.0369 312477.3458 430.7484 300151.330000000 -0.0000 0.0000 100.0000
20493.9584 312477.3319 430.7554 300151.340000000 -0.0000 0.0000 100.0000
20493.8800 312477.3181 430.7625 300151.350000000 -0.0000 0.0000 100.0000
20493.8015 312477.3042 430.7695 300151.360000000 -0.0000 0.0000 100.0000
20493.7230 312477.2904 430.7766 300151.370000000 -0.0000 0.0000 100.0000
20493.6445 312477.2766 430.7837 300151.380000000 -0.0000 0.0000 100.0000
20493.5661 312477.2627 430.7907 300151.390000000 -0.0000 0.0000 100.0000
20493.4876 312477.2489 430.7978 300151.400000000 -0.0000 0.0000 100.0000
20493.4091 312477.2351 430.8048 300151.410000000 -0.0000 0.0000 100.0000
20493.3306 312477.2212 430.8119 300151.420000000 -0.0000 0.0000 100.0000
20493.2521 312477.2074 430.8189 300151.430000000 -0.0000 0.0000 100.0000
20493.1737 312477.1935 430.8260 300151.440000000 -0.0000 0.0000 100.0000
20493.0952 312477.1797 430.8330 300151.450000000 -0.0000 0.0000 100.0000
20493.0167 312477.1659 430.8401 300151.460000000 -0.0000 0.0000 100.0000
20492.9382 312477.1520 430.8472 300151.470000000 -0.0000 0.0000 100.0000
20492.8598 312477.1382 430.8542 300151.480000000 -0.0000 0.0000 100.0000
20492.7813 312477.1243 430.8613 300151.490000000 -0.0000 0.0000 100.0000
20492.7028 312477.1105 430.8683 300151.500000000 -0.0000 0.0000 100.0000
20492.6243 312477.0967 430.8754 300151.510000000 -0.0000 0.0000 100.0000
20492.5458 312477.0828 430.8824 300151.520000000 -0.0000 0.0000 100.0000
20492.4674 312477.0690 430.8895 300151.530000000 -0.0000 0.0000 100.0000
20492.3889 312477.0552 430.8965 300151.540000000 -0.0000 0.0000 100.0000
20492.3104 312477.0413 430.9036 300151.550000000 -0.0000 0.0000 100.0000
20492.2319 312477.0275 430.9106 300151.560000000 -0.0000 0.0000 100.0000
20492.1535 312477.0136 430.9177 300151.570000000 -0.0000 0.0000 100.0000
20492.0750 312476.9998 430.9248 300151.580000000 -0.0000 0.0000 100.0000
20491.9965 312476.9860 430.9318 300151.590000000 -0.0000 0.0000 100.0000
20491.9180 312476.9721 430.9389 300151.600000000 -0.0000 0.0000 100.0000
20491.8396 312476.9583 430.9459 300151.610000000 -0.0000 0.0000 100.0000
20491.7611 312476.9445 430.9530 300151.620000000 -0.0000 0.0000 100.0000
20491.6826 312476.9306 430.9600 300151.630000000 -0.0000 0.0000 100.0000
20491.6041 312476.9168 430.9671 300151.640000000 -0.0000 0.0000 100.0000
20491.5256 312476.9029 430.9741 300151.650000000 -0.0000 0.0000 100.0000
20491.4472 312476.8891 430.9812 300151.660000000 -0.0000 0.0000 100.0000
20491.3687 312476.8753 430.9883 300151.670000000 -0.0000 0.0000 100.0000
20491.2902 312476.8614 430.9953 300151.680000000 -0.0000 0.0000 100.0000
20491.2117 312476.8476 431.0024 300151.690000000 -0.0000 0.0000 100.0000
20491.1333 312476.8338 431.0094 300151.700000000 -0.0000 0.0000 100.0000
20491.0548 312476.8199 431.0165 300151.710000000 -0.0000 0.0000 100.0000
20490.9763 312476.8061 431.0235 300151.720000000 -0.0000 0.0000 100.0000
20490.8978 312476.7922 431.0306 300151.730000000 -0.0000 0.0000 100.0000
20490.8193 312476.7784 431.0376 300151.740000000 -0.0000 0.0000 100.0000
20490.7409 312476.7646 431.0447 300151.750000000 -0.0000 0.0000 100.0000
20490.6624 312476.7507 431.0517 300151.760000000 -0.0000 0.0000 100.0000
20490.5839 312476.7369 431.0588 300151.770000000 -0.0000 0.0000 100.0000
20490.5054 312476.7231 431.0659 300151.780000000 -0.0000 0.0000 100.0000
20490.4270 312476.7092 431.0729 300151.790000000 -0.0000 0.0000 100.0000
20490.3485 312476.6954 431.0800 300151.800000000 -0.0000 0.0000 100.0000
20490.2700 312476.6815 431.0870 300151.810000000 -0.0000 0.0000 100.0000
20490.1915 312476.6677 431.0941 300151.820000000 -0.0000 0.0000 100.0000
20490.1130 312476.6539 431.1011 300151.830000000 -0.0000 0.0000 100.0000
20490.0346 312476.6400 431.1082 300151.840000000 -0.0000 0.0000 100.0000
20489.9561 312476.6262 431.1152 300151.850000000 -0.0000 0.0000 100.0000
20489.8776 312476.6124 431.1223 300151.860000000 -0.0000 0.0000 100.0000
20489.7991 312476.5985 431.1294 300151.870000000 -0.0000 0.0000 100.0000
20489.7207 312476.5847 431.1364 300151.880000000 -0.0000 0.0000 100.0000
20489.6422 312476.5708 431.1435 300151.890000000 -0.0000 0.0000 100.0000
20489.5637 312476.5570 431.1505 300151.900000000 -0.0000 0.0000 100.0000
20489.4852 312476.5432 431.1576 300151.910000000 -0.0000 0.0000 100.0000
20489.4067 312476.5293 431.1646 300151.920000000 -0.0000 0.0000 100.0000
20489.3283 312476.5155 431.1717 300151.930000000 -0.0000 0.0000 100.0000
20489.2498 312476.5017 431.1787 300151.940000000 -0.0000 0.0000 100.0000
20489.1713 312476.4878 431.1858 300151.950000000 -0.0000 0.0000 100.0000
20489.0928 312476.4740 431.1929 300151.960000000 -0.0000 0.0000 100.0000
20489.0144 312476.4601 431.1999 300151.970000000 -0.0000 0.0000 100.0000
20488.9359 312476.4463 431.2070 300151.980000000 -0.0000 0.0000 100.0000
20488.8574 312476.4325 431.2140 300151.990000000 -0.0000 0.0000 100.0000
20488.7789 312476.4186 431.2211 300152.000000000 -0.0000 0.0000 100.0000
20488.7004 312476.4048 431.2281 300152.010000000 -0.0000 0.0000 100.0000
20488.6220 312476.3910 431.2352 300152.020000000 -0.0000 0.0000 100.0000
20488.5435 312476.3771 431.2422 300152.030000000 -0.0000 0.0000 100.0000
20488.4650 312476.3633 431.2493 300152.040000000 -0.0000 0.0000 100.0000
20488.3865 312476.3494 431.2563 300152.050000000 -0.0000 0.0000 100.0000
20488.3081 312476.3356 431.2634 300152.060000000 -0.0000 0.0000 100.0000
20488.2296 312476.3218 431.2705 300152.070000000 -0.0000 0.0000 100.0000
20488.1511 312476.3079 431.2775 300152.080000000 -0.0000 0.0000 100.0000
20488.0726 312476.2941 431.2846 300152.090000000 -0.0000 0.0000 100.0000
20487.9941 312476.2802 431.2916 300152.100000000 -0.0000 0.0000 100.0000
20487.9157 312476.2664 431.2987 300152.110000000 -0.0000 0.0000 100.0000
20487.8372 312476.2526 431.3057 300152.120000000 -0.0000 0.0000 100.0000
20487.7587 312476.2387 431.3128 300152.130000000 -0.0000 0.0000 100.0000
20487.6802 312476.2249 431.3198 300152.140000000 -0.0000 0.0000 100.0000
20487.6018 312476.2111 431.3269 300152.150000000 -0.0000 0.0000 100.0000
20487.5233 312476.1972 431.3340 300152.160000000 -0.0000 0.0000 100.0000
20487.4448 312476.1834 431.3410 300152.170000000 -0.0000 0.0000 100.0000
20487.3663 312476.1695 431.3481 300152.180000000 -0.0000 0.0000 100.0000
20487.2878 312476.1557 431.3551 300152.190000000 -0.0000 0.0000 100.0000
20487.2094 312476.1419 431.3622 300152.200000000 -0.0000 0.0000 100.0000
20487.1309 312476.1280 431.3692 300152.210000000 -0.0000 0.0000 100.0000
20487.0524 312476.1142 431.3763 300152.220000000 -0.0000 0.0000 100.0000
20486.9739 312476.1004 431.3833 300152.230000000 -0.0000 0.0000 100.0000
20486.8955 312476.0865 431.3904 300152.240000000 -0.0000 0.0000 100.0000
20486.8170 312476.0727 431.3974 300152.250000000 -0.0000 0.0000 100.0000
20486.7385 312476.0588 431.4045 300152.260000000 -0.0000 0.0000 100.0000
20486.6600 312476.0450 431.4116 300152.270000000 -0.0000 0.0000 100.0000
20486.5815 312476.0312 431.4186 300152.280000000 -0.0000 0.0000 100.0000
20486.5031 312476.0173 431.4257 300152.290000000 -0.0000 0.0000 100.0000
20486.4246 312476.0035 431.4327 300152.300000000 -0.0000 0.0000 100.0000
20486.3461 312475.9897 431.4398 300152.310000000 -0.0000 0.0000 100.0000
20486.2676 312475.9758 431.4468 300152.320000000 -0.0000 0.0000 100.0000
20486.1892 312475.9620 431.4539 300152.330000000 -0.0000 0.0000 100.0000
20486.1107 312475.9481 431.4609 300152.340000000 -0.0000 0.0000 100.0000
20486.0322 312475.9343 431.4680 300152.350000000 -0.0000 0.0000 100.0000
20485.9537 312475.9205 431.4751 300152.360000000 -0.0000 0.0000 100.0000
20485.8752 312475.9066 431.4821 300152.370000000 -0.0000 0.0000 100.0000
20485.7968 312475.8928 431.4892 300152.380000000 -0.0000 0.0000 100.0000
20485.7183 312475.8790 431.4962 300152.390000000 -0.0000 0.0000 100.0000
20485.6398 312475.8651 431.5033 300152.400000000 -0.0000 0.0000 100.0000
20485.5613 312475.8513 431.5103 300152.410000000 -0.0000 0.0000 100.0000
20485.4829 312475.8374 431.5174 300152.420000000 -0.0000 0.0000 100.0000
20485.4044 312475.8236 431.5244 300152.430000000 -0.0000 0.0000 100.0000
20485.3259 312475.8098 431.5315 300152.440000000 -0.0000 0.0000 100.0000
20485.2474 312475.7959 431.5385 300152.450000000 -0.0000 0.0000 100.0000
20485.1689 312475.7821 431.5456 300152.460000000 -0.0000 0.0000 100.0000
20485.0905 312475.7683 431.5527 300152.470000000 -0.0000 0.0000 100.0000
20485.0120 312475.7544 431.5597 300152.480000000 -0.0000 0.0000 100.0000
20484.9335 312475.7406 431.5668 300152.490000000 -0.0000 0.0000 100.0000
20484.8550 312475.7267 431.5738 300152.500000000 -0.0000 0.0000 100.0000
20484.7766 312475.7129 431.5809 300152.510000000 -0.0000 0.0000 100.0000
20484.6981 312475.6991 431.5879 300152.520000000 -0.0000 0.0000 100.0000
20484.6196 312475.6852 431.5950 300152.530000000 -0.0000 0.0000 100.0000
20484.5411 312475.6714 431.6020 300152.540000000 -0.0000 0.0000 100.0000
20484.4627 312475.6576 431.6091 300152.550000000 -0.0000 0.0000 100.0000
20484.3842 312475.6437 431.6162 300152.560000000 -0.0000 0.0000 100.0000
20484.3057 312475.6299 431.6232 300152.570000000 -0.0000 0.0000 100.0000
20484.2272 312475.6160 431.6303 300152.580000000 -0.0000 0.0000 100.0000
20484.1487 312475.6022 431.6373 300152.590000000 -0.0000 0.0000 100.0000
20484.0703 312475.5884 431.6444 300152.600000000 -0.0000 0.0000 100.0000
20483.9918 312475.5745 431.6514 300152.610000000 -0.0000 0.0000 100.0000
20483.9133 312475.5607 431.6585 300152.620000000 -0.0000 0.0000 100.0000
20483.8348 312475.5468 431.6655 300152.630000000 -0.0000 0.0000 100.0000
20483.7564 312475.5330 431.6726 300152.640000000 -0.0000 0.0000 100.0000
20483.6779 312475.5192 431.6797 300152.650000000 -0.0000 0.0000 100.0000
20483.5994 312475.5053 431.6867 300152.660000000 -0.0000 0.0000 100.0000
20483.5209 312475.4915 431.6938 300152.670000000 -0.0000 0.0000 100.0000
20483.4424 312475.4777 431.7008 300152.680000000 -0.0000 0.0000 100.0000
20483.3640 312475.4638 431.7079 300152.690000000 -0.0000 0.0000 100.0000
20483.2855 312475.4500 431.7149 300152.700000000 -0.0000 0.0000 100.0000
20483.2070 312475.4361 431.7220 300152.710000000 -0.0000 0.0000 100.0000
20483.1285 312475.4223 431.7290 300152.720000000 -0.0000 0.0000 100.0000
20483.0501 312475.4085 431.7361 300152.730000000 -0.0000 0.0000 100.0000
20482.9716 312475.3946 431.7431 300152.740000000 -0.0000 0.0000 100.0000
20482.8931 312475.3808 431.7502 300152.750000000 -0.0000 0.0000 100.0000
20482.8146 312475.3670 431.7573 300152.760000000 -0.0000 0.0000 100.0000
20482.7361 312475.3531 431.7643 300152.770000000 -0.0000 0.0000 100.0000
20482.6577 312475.3393 431.7714 300152.780000000 -0.0000 0.0000 100.0000
20482.5792 312475.3254 431.7784 300152.790000000 -0.0000 0.0000 100.0000
20482.5007 312475.3116 431.7855 300152.800000000 -0.0000 0.0000 100.0000
20482.4222 312475.2978 431.7925 300152.810000000 -0.0000 0.0000 100.0000
20482.3438 312475.2839 431.7996 300152.820000000 -0.0000 0.0000 100.0000
20482.2653 312475.2701 431.8066 300152.830000000 -0.0000 0.0000 100.0000
20482.1868 312475.2563 431.8137 300152.840000000 -0.0000 0.0000 100.0000
20482.1083 312475.2424 431.8208 300152.850000000 -0.0000 0.0000 100.0000
20482.0298 312475.2286 431.8278 300152.860000000 -0.0000 0.0000 100.0000
20481.9514 312475.2147 431.8349 300152.870000000 -0.0000 0.0000 100.0000
20481.8729 312475.2009 431.8419 300152.880000000 -0.0000 0.0000 100.0000
20481.7944 312475.1871 431.8490 300152.890000000 -0.0000 0.0000 100.0000
20481.7159 312475.1732 431.8560 300152.900000000 -0.0000 0.0000 100.0000
20481.6375 312475.1594 431.8631 300152.910000000 -0.0000 0.0000 100.0000
20481.5590 312475.1456 431.8701 300152.920000000 -0.0000 0.0000 100.0000
20481.4805 312475.1317 431.8772 300152.930000000 -0.0000 0.0000 100.0000
20481.4020 312475.1179 431.8842 300152.940000000 -0.0000 0.0000 100.0000
20481.3235 312475.1040 431.8913 300152.950000000 -0.0000 0.0000 100.0000
20481.2451 312475.0902 431.8984 300152.960000000 -0.0000 0.0000 100.0000
20481.1666 312475.0764 431.9054 300152.970000000 -0.0000 0.0000 100.0000
20481.0881 312475.0625 431.9125 300152.980000000 -0.0000 0.0000 100.0000
20481.0096 312475.0487 431.9195 300152.990000000 -0.0000 0.0000 100.0000
20480.9312 312475.0349 431.9266 300153.000000000 -0.0000 0.0000 100.0000
20480.8527 312475.0210 431.9336 300153.010000000 -0.0000 0.0000 100.0000
20480.7742 312475.0072 431.9407 300153.020000000 -0.0000 0.0000 100.0000
20480.6957 312474.9933 431.9477 300153.030000000 -0.0000 0.0000 100.0000
20480.6172 312474.9795 431.9548 300153.040000000 -0.0000 0.0000 100.0000
20480.5388 312474.9657 431.9619 300153.050000000 -0.0000 0.0000 100.0000
20480.4603 312474.9518 431.9689 300153.060000000 -0.0000 0.0000 100.0000
20480.3818 312474.9380 431.9760 300153.070000000 -0.0000 0.0000 100.0000
20480.3033 312474.9242 431.9830 300153.080000000 -0.0000 0.0000 100.0000
20480.2249 312474.9103 431.9901 300153.090000000 -0.0000 0.0000 100.0000
20480.1464 312474.8965 431.9971 300153.100000000 -0.0000 0.0000 100.0000
20480.0679 312474.8826 432.0042 300153.110000000 -0.0000 0.0000 100.0000
20479.9894 312474.8688 432.0112 300153.120000000 -0.0000 0.0000 100.0000
20479.9109 312474.8550 432.0183 300153.130000000 -0.0000 0.0000 100.0000
20479.8325 312474.8411 432.0253 300153.140000000 -0.0000 0.0000 100.0000
20479.7540 312474.8273 432.0324 300153.150000000 -0.0000 0.0000 100.0000
20479.6755 312474.8134 432.0395 300153.160000000 -0.0000 0.0000 100.0000
20479.5970 312474.7996 432.0465 300153.170000000 -0.0000 0.0000 100.0000
20479.5186 312474.7858 432.0536 300153.180000000 -0.0000 0.0000 100.0000
20479.4401 312474.7719 432.0606 300153.190000000 -0.0000 0.0000 100.0000
20479.3616 312474.7581 432.0677 300153.200000000 -0.0000 0.0000 100.0000
20479.2831 312474.7443 432.0747 300153.210000000 -0.0000 0.0000 100.0000
20479.2046 312474.7304 432.0818 300153.220000000 -0.0000 0.0000 100.0000
20479.1262 312474.7166 432.0888 300153.230000000 -0.0000 0.0000 100.0000
20479.0477 312474.7027 432.0959 300153.240000000 -0.0000 0.0000 100.0000
20478.9692 312474.6889 432.1030 300153.250000000 -0.0000 0.0000 100.0000
20478.8907 312474.6751 432.1100 300153.260000000 -0.0000 0.0000 100.0000
20478.8123 312474.6612 432.1171 300153.270000000 -0.0000 0.0000 100.0000
20478.7338 312474.6474 432.1241 300153.280000000 -0.0000 0.0000 100.0000
20478.6553 312474.6336 432.1312 300153.290000000 -0.0000 0.0000 100.0000
20478.5768 312474.6197 432.1382 300153.300000000 -0.0000 0.0000 100.0000
20478.4983 312474.6059 432.1453 300153.310000000 -0.0000 0.0000 100.0000
20478.4199 312474.5920 432.1523 300153.320000000 -0.0000 0.0000 100.0000
20478.3414 312474.5782 432.1594 300153.330000000 -0.0000 0.0000 100.0000
20478.2629 312474.5644 432.1665 300153.340000000 -0.0000 0.0000 100.0000
20478.1844 312474.5505 432.1735 300153.350000000 -0.0000 0.0000 100.0000
20478.1060 312474.5367 432.1806 300153.360000000 -0.0000 0.0000 100.0000
20478.0275 312474.5229 432.1876 300153.370000000 -0.0000 0.0000 100.0000
20477.9490 312474.5090 432.1947 300153.380000000 -0.0000 0.0000 100.0000
20477.8705 312474.4952 432.2017 300153.390000000 -0.0000 0.0000 100.0000
20477.7920 312474.4813 432.2088 300153.400000000 -0.0000 0.0000 100.0000
20477.7136 312474.4675 432.2158 300153.410000000 -0.0000 0.0000 100.0000
20477.6351 312474.4537 432.2229 300153.420000000 -0.0000 0.0000 100.0000
20477.5566 312474.4398 432.2299 300153.430000000 -0.0000 0.0000 100.0000
20477.4781 312474.4260 432.2370 300153.440000000 -0.0000 0.0000 100.0000
20477.3997 312474.4122 432.2441 300153.450000000 -0.0000 0.0000 100.0000
20477.3212 312474.3983 432.2511 300153.460000000 -0.0000 0.0000 100.0000
20477.2427 312474.3845 432.2582 300153.470000000 -0.0000 0.0000 100.0000
20477.1642 312474.3706 432.2652 300153.480000000 -0.0000 0.0000 100.0000
20477.0858 312474.3568 432.2723 300153.490000000 -0.0000 0.0000 100.0000
20477.0073 312474.3430 432.2793 300153.500000000 -0.0000 0.0000 100.0000
20476.9288 312474.3291 432.2864 300153.510000000 -0.0000 0.0000 100.0000
20476.8503 312474.3153 432.2934 300153.520000000 -0.0000 0.0000 100.0000
20476.7718 312474.3015 432.3005 300153.530000000 -0.0000 0.0000 100.0000
20476.6934 312474.2876 432.3076 300153.540000000 -0.0000 0.0000 100.0000
20476.6149 312474.2738 432.3146 300153.550000000 -0.0000 0.0000 100.0000
20476.5364 312474.2599 432.3217 300153.560000000 -0.0000 0.0000 100.0000
20476.4579 312474.2461 432.3287 300153.570000000 -0.0000 0.0000 100.0000
20476.3795 312474.2323 432.3358 300153.580000000 -0.0000 0.0000 100.0000
20476.3010 312474.2184 432.3428 300153.590000000 -0.0000 0.0000 100.0000
20476.2225 312474.2046 432.3499 300153.600000000 -0.0000 0.0000 100.0000
20476.1440 312474.1908 432.3569 300153.610000000 -0.0000 0.0000 100.0000
20476.0655 312474.1769 432.3640 300153.620000000 -0.0000 0.0000 100.0000
20475.9871 312474.1631 432.3710 300153.630000000 -0.0000 0.0000 100.0000
20475.9086 312474.1492 432.3781 300153.640000000 -0.0000 0.0000 100.0000
20475.8301 312474.1354 432.3852 300153.650000000 -0.0000 0.0000 100.0000
20475.7516 312474.1216 432.3922 300153.660000000 -0.0000 0.0000 100.0000
20475.6732 312474.1077 432.3993 300153.670000000 -0.0000 0.0000 100.0000
20475.5947 312474.0939 432.4063 300153.680000000 -0.0000 0.0000 100.0000
20475.5162 312474.0800 432.4134 300153.690000000 -0.0000 0.0000 100.0000
20475.4377 312474.0662 432.4204 300153.700000000 -0.0000 0.0000 100.0000
20475.3592 312474.0524 432.4275 300153.710000000 -0.0000 0.0000 100.0000
20475.2808 312474.0385 432.4345 300153.720000000 -0.0000 0.0000 100.0000
20475.2023 312474.0247 432.4416 300153.730000000 -0.0000 0.0000 100.0000
20475.1238 312474.0109 432.4487 300153.740000000 -0.0000 0.0000 100.0000
20475.0453 312473.9970 432.4557 300153.750000000 -0.0000 0.0000 100.0000
20474.9669 312473.9832 432.4628 300153.760000000 -0.0000 0.0000 100.0000
20474.8884 312473.9693 432.4698 300153.770000000 -0.0000 0.0000 100.0000
20474.8099 312473.9555 432.4769 300153.780000000 -0.0000 0.0000 100.0000
20474.7314 312473.9417 432.4839 300153.790000000 -0.0000 0.0000 100.0000
20474.6529 312473.9278 432.4910 300153.800000000 -0.0000 0.0000 100.0000
20474.5745 312473.9140 432.4980 300153.810000000 -0.0000 0.0000 100.0000
20474.4960 312473.9002 432.5051 300153.820000000 -0.0000 0.0000 100.0000
20474.4175 312473.8863 432.5121 300153.830000000 -0.0000 0.0000 100.0000
20474.3390 312473.8725 432.5192 300153.840000000 -0.0000 0.0000 100.0000
20474.2606 312473.8586 432.5263 300153.850000000 -0.0000 0.0000 100.0000
20474.1821 312473.8448 432.5333 300153.860000000 -0.0000 0.0000 100.0000
20474.1036 312473.8310 432.5404 300153.870000000 -0.0000 0.0000 100.0000
20474.0251 312473.8171 432.5474 300153.880000000 -0.0000 0.0000 100.0000
20473.9466 312473.8033 432.5545 300153.890000000 -0.0000 0.0000 100.0000
20473.8682 312473.7895 432.5615 300153.900000000 -0.0000 0.0000 100.0000
20473.7897 312473.7756 432.5686 300153.910000000 -0.0000 0.0000 100.0000
20473.7112 312473.7618 432.5756 300153.920000000 -0.0000 0.0000 100.0000
20473.6327 312473.7479 432.5827 300153.930000000 -0.0000 0.0000 100.0000
20473.5543 312473.7341 432.5898 300153.940000000 -0.0000 0.0000 100.0000
20473.4758 312473.7203 432.5968 300153.950000000 -0.0000 0.0000 100.0000
20473.3973 312473.7064 432.6039 300153.960000000 -0.0000 0.0000 100.0000
20473.3188 312473.6926 432.6109 300153.970000000 -0.0000 0.0000 100.0000
20473.2403 312473.6788 432.6180 300153.980000000 -0.0000 0.0000 100.0000
20473.1619 312473.6649 432.6250 300153.990000000 -0.0000 0.0000 100.0000
20473.0834 312473.6511 432.6321 300154.000000000 -0.0000 0.0000 100.0000
20473.0049 312473.6372 432.6391 300154.010000000 -0.0000 0.0000 100.0000
20472.9264 312473.6234 432.6462 300154.020000000 -0.0000 0.0000 100.0000
20472.8480 312473.6096 432.6533 300154.030000000 -0.0000 0.0000 100.0000
20472.7695 312473.5957 432.6603 300154.040000000 -0.0000 0.0000 100.0000
20472.6910 312473.5819 432.6674 300154.050000000 -0.0000 0.0000 100.0000
20472.6125 312473.5681 432.6744 300154.060000000 -0.0000 0.0000 100.0000
20472.5340 312473.5542 432.6815 300154.070000000 -0.0000 0.0000 100.0000
20472.4556 312473.5404 432.6885 300154.080000000 -0.0000 0.0000 100.0000
20472.3771 312473.5265 432.6956 300154.090000000 -0.0000 0.0000 100.0000
20472.2986 312473.5127 432.7026 300154.100000000 -0.0000 0.0000 100.0000
20472.2201 312473.4989 432.7097 300154.110000000 -0.0000 0.0000 100.0000
20472.1417 312473.4850 432.7167 300154.120000000 -0.0000 0.0000 100.0000
20472.0632 312473.4712 432.7238 300154.130000000 -0.0000 0.0000 100.0000
20471.9847 312473.4574 432.7309 300154.140000000 -0.0000 0.0000 100.0000
20471.9062 312473.4435 432.7379 300154.150000000 -0.0000 0.0000 100.0000
20471.8277 312473.4297 432.7450 300154.160000000 -0.0000 0.0000 100.0000
20471.7493 312473.4158 432.7520 300154.170000000 -0.0000 0.0000 100.0000
20471.6708 312473.4020 432.7591 300154.180000000 -0.0000 0.0000 100.0000
20471.5923 312473.3882 432.7661 300154.190000000 -0.0000 0.0000 100.0000
20471.5138 312473.3743 432.7732 300154.200000000 -0.0000 0.0000 100.0000
20471.4354 312473.3605 432.7802 300154.210000000 -0.0000 0.0000 100.0000
20471.3569 312473.3466 432.7873 300154.220000000 -0.0000 0.0000 100.0000
20471.2784 312473.3328 432.7944 300154.230000000 -0.0000 0.0000 100.0000
20471.1999 312473.3190 432.8014 300154.240000000 -0.0000 0.0000 100.0000
20471.1214 312473.3051 432.8085 300154.250000000 -0.0000 0.0000 100.0000
20471.0430 312473.2913 432.8155 300154.260000000 -0.0000 0.0000 100.0000
20470.9645 312473.2775 432.8226 300154.270000000 -0.0000 0.0000 100.0000
20470.8860 312473.2636 432.8296 300154.280000000 -0.0000 0.0000 100.0000
20470.8075 312473.2498 432.8367 300154.290000000 -0.0000 0.0000 100.0000
20470.7291 312473.2359 432.8437 300154.300000000 -0.0000 0.0000 100.0000
20470.6506 312473.2221 432.8508 300154.310000000 -0.0000 0.0000 100.0000
20470.5721 312473.2083 432.8578 300154.320000000 -0.0000 0.0000 100.0000
20470.4936 312473.1944 432.8649 300154.330000000 -0.0000 0.0000 100.0000
20470.4151 312473.1806 432.8720 300154.340000000 -0.0000 0.0000 100.0000
20470.3367 312473.1668 432.8790 300154.350000000 -0.0000 0.0000 100.0000
20470.2582 312473.1529 432.8861 300154.360000000 -0.0000 0.0000 100.0000
20470.1797 312473.1391 432.8931 300154.370000000 -0.0000 0.0000 100.0000
20470.1012 312473.1252 432.9002 300154.380000000 -0.0000 0.0000 100.0000
20470.0228 312473.1114 432.9072 300154.390000000 -0.0000 0.0000 100.0000
20469.9443 312473.0976 432.9143 300154.400000000 -0.0000 0.0000 100.0000
20469.8658 312473.0837 432.9213 300154.410000000 -0.0000 0.0000 100.0000
20469.7873 312473.0699 432.9284 300154.420000000 -0.0000 0.0000 100.0000
20469.7089 312473.0561 432.9355 300154.430000000 -0.0000 0.0000 100.0000
20469.6304 312473.0422 432.9425 300154.440000000 -0.0000 0.0000 100.0000
20469.5519 312473.0284 432.9496 300154.450000000 -0.0000 0.0000 100.0000
20469.4734 312473.0145 432.9566 300154.460000000 -0.0000 0.0000 100.0000
20469.3949 312473.0007 432.9637 300154.470000000 -0.0000 0.0000 100.0000
20469.3165 312472.9869 432.9707 300154.480000000 -0.0000 0.0000 100.0000
20469.2380 312472.9730 432.9778 300154.490000000 -0.0000 0.0000 100.0000
20469.1595 312472.9592 432.9848 300154.500000000 -0.0000 0.0000 100.0000
20469.0810 312472.9454 432.9919 300154.510000000 -0.0000 0.0000 100.0000
20469.0026 312472.9315 432.9989 300154.520000000 -0.0000 0.0000 100.0000
20468.9241 312472.9177 433.0060 300154.530000000 -0.0000 0.0000 100.0000
20468.8456 312472.9038 433.0131 300154.540000000 -0.0000 0.0000 100.0000
20468.7671 312472.8900 433.0201 300154.550000000 -0.0000 0.0000 100.0000
20468.6886 312472.8762 433.0272 300154.560000000 -0.0000 0.0000 100.0000
20468.6102 312472.8623 433.0342 300154.570000000 -0.0000 0.0000 100.0000
20468.5317 312472.8485 433.0413 300154.580000000 -0.0000 0.0000 100.0000
20468.4532 312472.8347 433.0483 300154.590000000 -0.0000 0.0000 100.0000
20468.3747 312472.8208 433.0554 300154.600000000 -0.0000 0.0000 100.0000
20468.2963 312472.8070 433.0624 300154.610000000 -0.0000 0.0000 100.0000
20468.2178 312472.7931 433.0695 300154.620000000 -0.0000 0.0000 100.0000
20468.1393 312472.7793 433.0766 300154.630000000 -0.0000 0.0000 100.0000
20468.0608 312472.7655 433.0836 300154.640000000 -0.0000 0.0000 100.0000
20467.9823 312472.7516 433.0907 300154.650000000 -0.0000 0.0000 100.0000
20467.9039 312472.7378 433.0977 300154.660000000 -0.0000 0.0000 100.0000
20467.8254 312472.7240 433.1048 300154.670000000 -0.0000 0.0000 100.0000
20467.7469 312472.7101 433.1118 300154.680000000 -0.0000 0.0000 100.0000
20467.6684 312472.6963 433.1189 300154.690000000 -0.0000 0.0000 100.0000
20467.5900 312472.6824 433.1259 300154.700000000 -0.0000 0.0000 100.0000
20467.5115 312472.6686 433.1330 300154.710000000 -0.0000 0.0000 100.0000
20467.4330 312472.6548 433.1401 300154.720000000 -0.0000 0.0000 100.0000
20467.3545 312472.6409 433.1471 300154.730000000 -0.0000 0.0000 100.0000
20467.2760 312472.6271 433.1542 300154.740000000 -0.0000 0.0000 100.0000
20467.1976 312472.6133 433.1612 300154.750000000 -0.0000 0.0000 100.0000
20467.1191 312472.5994 433.1683 300154.760000000 -0.0000 0.0000 100.0000
20467.0406 312472.5856 433.1753 300154.770000000 -0.0000 0.0000 100.0000
20466.9621 312472.5717 433.1824 300154.780000000 -0.0000 0.0000 100.0000
20466.8837 312472.5579 433.1894 300154.790000000 -0.0000 0.0000 100.0000
20466.8052 312472.5441 433.1965 300154.800000000 -0.0000 0.0000 100.0000
20466.7267 312472.5302 433.2035 300154.810000000 -0.0000 0.0000 100.0000
20466.6482 312472.5164 433.2106 300154.820000000 -0.0000 0.0000 100.0000
20466.5697 312472.5025 433.2177 300154.830000000 -0.0000 0.0000 100.0000
20466.4913 312472.4887 433.2247 300154.840000000 -0.0000 0.0000 100.0000
20466.4128 312472.4749 433.2318 300154.850000000 -0.0000 0.0000 100.0000
20466.3343 312472.4610 433.2388 300154.860000000 -0.0000 0.0000 100.0000
20466.2558 312472.4472 433.2459 300154.870000000 -0.0000 0.0000 100.0000
20466.1774 312472.4334 433.2529 300154.880000000 -0.0000 0.0000 100.0000
20466.0989 312472.4195 433.2600 300154.890000000 -0.0000 0.0000 100.0000
20466.0204 312472.4057 433.2670 300154.900000000 -0.0000 0.0000 100.0000
20465.9419 312472.3918 433.2741 300154.910000000 -0.0000 0.0000 100.0000
20465.8634 312472.3780 433.2812 300154.920000000 -0.0000 0.0000 100.0000
20465.7850 312472.3642 433.2882 300154.930000000 -0.0000 0.0000 100.0000
20465.7065 312472.3503 433.2953 300154.940000000 -0.0000 0.0000 100.0000
20465.6280 312472.3365 433.3023 300154.950000000 -0.0000 0.0000 100.0000
20465.5495 312472.3227 433.3094 300154.960000000 -0.0000 0.0000 100.0000
20465.4711 312472.3088 433.3164 300154.970000000 -0.0000 0.0000 100.0000
20465.3926 312472.2950 433.3235 300154.980000000 -0.0000 0.0000 100.0000
20465.3141 312472.2811 433.3305 300154.990000000 -0.0000 0.0000 100.0000
20465.2356 312472.2673 433.3376 300155.000000000 -0.0000 0.0000 100.0000
20465.1571 312472.2535 433.3446 300155.010000000 -0.0000 0.0000 100.0000
20465.0787 312472.2396 433.3517 300155.020000000 -0.0000 0.0000 100.0000
20465.0002 312472.2258 433.3588 300155.030000000 -0.0000 0.0000 100.0000
20464.9217 312472.2120 433.3658 300155.040000000 -0.0000 0.0000 100.0000
20464.8432 312472.1981 433.3729 300155.050000000 -0.0000 0.0000 100.0000
20464.7648 312472.1843 433.3799 300155.060000000 -0.0000 0.0000 100.0000
20464.6863 312472.1704 433.3870 300155.070000000 -0.0000 0.0000 100.0000
20464.6078 312472.1566 433.3940 300155.080000000 -0.0000 0.0000 100.0000
20464.5293 312472.1428 433.4011 300155.090000000 -0.0000 0.0000 100.0000
20464.4508 312472.1289 433.4081 300155.100000000 -0.0000 0.0000 100.0000
20464.3724 312472.1151 433.4152 300155.110000000 -0.0000 0.0000 100.0000
20464.2939 312472.1013 433.4223 300155.120000000 -0.0000 0.0000 100.0000
20464.2154 312472.0874 433.4293 300155.130000000 -0.0000 0.0000 100.0000
20464.1369 312472.0736 433.4364 300155.140000000 -0.0000 0.0000 100.0000
20464.0585 312472.0597 433.4434 300155.150000000 -0.0000 0.0000 100.0000
20463.9800 312472.0459 433.4505 300155.160000000 -0.0000 0.0000 100.0000
20463.9015 312472.0321 433.4575 300155.170000000 -0.0000 0.0000 100.0000
20463.8230 312472.0182 433.4646 300155.180000000 -0.0000 0.0000 100.0000
20463.7445 312472.0044 433.4716 300155.190000000 -0.0000 0.0000 100.0000
20463.6661 312471.9906 433.4787 300155.200000000 -0.0000 0.0000 100.0000
20463.5876 312471.9767 433.4857 300155.210000000 -0.0000 0.0000 100.0000
20463.5091 312471.9629 433.4928 300155.220000000 -0.0000 0.0000 100.0000
20463.4306 312471.9490 433.4999 300155.230000000 -0.0000 0.0000 100.0000
20463.3522 312471.9352 433.5069 300155.240000000 -0.0000 0.0000 100.0000
20463.2737 312471.9214 433.5140 300155.250000000 -0.0000 0.0000 100.0000
20463.1952 312471.9075 433.5210 300155.260000000 -0.0000 0.0000 100.0000
20463.1167 312471.8937 433.5281 300155.270000000 -0.0000 0.0000 100.0000
20463.0382 312471.8799 433.5351 300155.280000000 -0.0000 0.0000 100.0000
20462.9598 312471.8660 433.5422 300155.290000000 -0.0000 0.0000 100.0000
20462.8813 312471.8522 433.5492 300155.300000000 -0.0000 0.0000 100.0000
20462.8028 312471.8383 433.5563 300155.310000000 -0.0000 0.0000 100.0000
20462.7243 312471.8245 433.5634 300155.320000000 -0.0000 0.0000 100.0000
20462.6459 312471.8107 433.5704 300155.330000000 -0.0000 0.0000 100.0000
20462.5674 312471.7968 433.5775 300155.340000000 -0.0000 0.0000 100.0000
20462.4889 312471.7830 433.5845 300155.350000000 -0.0000 0.0000 100.0000
20462.4104 312471.7691 433.5916 300155.360000000 -0.0000 0.0000 100.0000
20462.3320 312471.7553 433.5986 300155.370000000 -0.0000 0.0000 100.0000
20462.2535 312471.7415 433.6057 300155.380000000 -0.0000 0.0000 100.0000
20462.1750 312471.7276 433.6127 300155.390000000 -0.0000 0.0000 100.0000
20462.0965 312471.7138 433.6198 300155.400000000 -0.0000 0.0000 100.0000
20462.0180 312471.7000 433.6269 300155.410000000 -0.0000 0.0000 100.0000
20461.9396 312471.6861 433.6339 300155.420000000 -0.0000 0.0000 100.0000
20461.8611 312471.6723 433.6410 300155.430000000 -0.0000 0.0000 100.0000
20461.7826 312471.6584 433.6480 300155.440000000 -0.0000 0.0000 100.0000
20461.7041 312471.6446 433.6551 300155.450000000 -0.0000 0.0000 100.0000
20461.6257 312471.6308 433.6621 300155.460000000 -0.0000 0.0000 100.0000
20461.5472 312471.6169 433.6692 300155.470000000 -0.0000 0.0000 100.0000
20461.4687 312471.6031 433.6762 300155.480000000 -0.0000 0.0000 100.0000
20461.3902 312471.5893 433.6833 300155.490000000 -0.0000 0.0000 100.0000
20461.3117 312471.5754 433.6903 300155.500000000 -0.0000 0.0000 100.0000
20461.2333 312471.5616 433.6974 300155.510000000 -0.0000 0.0000 100.0000
20461.1548 312471.5477 433.7045 300155.520000000 -0.0000 0.0000 100.0000
20461.0763 312471.5339 433.7115 300155.530000000 -0.0000 0.0000 100.0000
20460.9978 312471.5201 433.7186 300155.540000000 -0.0000 0.0000 100.0000
20460.9194 312471.5062 433.7256 300155.550000000 -0.0000 0.0000 100.0000
20460.8409 312471.4924 433.7327 300155.560000000 -0.0000 0.0000 100.0000
20460.7624 312471.4786 433.7397 300155.570000000 -0.0000 0.0000 100.0000
20460.6839 312471.4647 433.7468 300155.580000000 -0.0000 0.0000 100.0000
20460.6054 312471.4509 433.7538 300155.590000000 -0.0000 0.0000 100.0000
20460.5270 312471.4370 433.7609 300155.600000000 -0.0000 0.0000 100.0000
20460.4485 312471.4232 433.7680 300155.610000000 -0.0000 0.0000 100.0000
20460.3700 312471.4094 433.7750 300155.620000000 -0.0000 0.0000 100.0000
20460.2915 312471.3955 433.7821 300155.630000000 -0.0000 0.0000 100.0000
20460.2131 312471.3817 433.7891 300155.640000000 -0.0000 0.0000 100.0000
20460.1346 312471.3679 433.7962 300155.650000000 -0.0000 0.0000 100.0000
20460.0561 312471.3540 433.8032 300155.660000000 -0.0000 0.0000 100.0000
20459.9776 312471.3402 433.8103 300155.670000000 -0.0000 0.0000 100.0000
20459.8991 312471.3263 433.8173 300155.680000000 -0.0000 0.0000 100.0000
20459.8207 312471.3125 433.8244 300155.690000000 -0.0000 0.0000 100.0000
20459.7422 312471.2987 433.8314 300155.700000000 -0.0000 0.0000 100.0000
20459.6637 312471.2848 433.8385 300155.710000000 -0.0000 0.0000 100.0000
20459.5852 312471.2710 433.8456 300155.720000000 -0.0000 0.0000 100.0000
20459.5068 312471.2572 433.8526 300155.730000000 -0.0000 0.0000 100.0000
20459.4283 312471.2433 433.8597 300155.740000000 -0.0000 0.0000 100.0000
20459.3498 312471.2295 433.8667 300155.750000000 -0.0000 0.0000 100.0000
20459.2713 312471.2156 433.8738 300155.760000000 -0.0000 0.0000 100.0000
20459.1928 312471.2018 433.8808 300155.770000000 -0.0000 0.0000 100.0000
20459.1144 312471.1880 433.8879 300155.780000000 -0.0000 0.0000 100.0000
20459.0359 312471.1741 433.8949 300155.790000000 -0.0000 0.0000 100.0000
20458.9574 312471.1603 433.9020 300155.800000000 -0.0000 0.0000 100.0000
20458.8789 312471.1465 433.9091 300155.810000000 -0.0000 0.0000 100.0000
20458.8005 312471.1326 433.9161 300155.820000000 -0.0000 0.0000 100.0000
20458.7220 312471.1188 433.9232 300155.830000000 -0.0000 0.0000 100.0000
20458.6435 312471.1049 433.9302 300155.840000000 -0.0000 0.0000 100.0000
20458.5650 312471.0911 433.9373 300155.850000000 -0.0000 0.0000 100.0000
20458.4865 312471.0773 433.9443 300155.860000000 -0.0000 0.0000 100.0000
20458.4081 312471.0634 433.9514 300155.870000000 -0.0000 0.0000 100.0000
20458.3296 312471.0496 433.9584 300155.880000000 -0.0000 0.0000 100.0000
20458.2511 312471.0357 433.9655 300155.890000000 -0.0000 0.0000 100.0000
20458.1726 312471.0219 433.9725 300155.900000000 -0.0000 0.0000 100.0000
20458.0942 312471.0081 433.9796 300155.910000000 -0.0000 0.0000 100.0000
20458.0157 312470.9942 433.9867 300155.920000000 -0.0000 0.0000 100.0000
20457.9372 312470.9804 433.9937 300155.930000000 -0.0000 0.0000 100.0000
20457.8587 312470.9666 434.0008 300155.940000000 -0.0000 0.0000 100.0000
20457.7802 312470.9527 434.0078 300155.950000000 -0.0000 0.0000 100.0000
20457.7018 312470.9389 434.0149 300155.960000000 -0.0000 0.0000 100.0000
20457.6233 312470.9250 434.0219 300155.970000000 -0.0000 0.0000 100.0000
20457.5448 312470.9112 434.0290 300155.980000000 -0.0000 0.0000 100.0000
20457.4663 312470.8974 434.0360 300155.990000000 -0.0000 0.0000 100.0000
20457.3879 312470.8835 434.0431 300156.000000000 -0.0000 0.0000 100.0000
20457.3094 312470.8697 434.0502 300156.010000000 -0.0000 0.0000 100.0000
20457.2309 312470.8559 434.0572 300156.020000000 -0.0000 0.0000 100.0000
20457.1524 312470.8420 434.0643 300156.030000000 -0.0000 0.0000 100.0000
20457.0739 312470.8282 434.0713 300156.040000000 -0.0000 0.0000 100.0000
20456.9955 312470.8143 434.0784 300156.050000000 -0.0000 0.0000 100.0000
20456.9170 312470.8005 434.0854 300156.060000000 -0.0000 0.0000 100.0000
20456.8385 312470.7867 434.0925 300156.070000000 -0.0000 0.0000 100.0000
20456.7600 312470.7728 434.0995 300156.080000000 -0.0000 0.0000 100.0000
20456.6816 312470.7590 434.1066 300156.090000000 -0.0000 0.0000 100.0000
20456.6031 312470.7452 434.1137 300156.100000000 -0.0000 0.0000 100.0000
20456.5246 312470.7313 434.1207 300156.110000000 -0.0000 0.0000 100.0000
20456.4461 312470.7175 434.1278 300156.120000000 -0.0000 0.0000 100.0000
20456.3676 312470.7036 434.1348 300156.130000000 -0.0000 0.0000 100.0000
20456.2892 312470.6898 434.1419 300156.140000000 -0.0000 0.0000 100.0000
20456.2107 312470.6760 434.1489 300156.150000000 -0.0000 0.0000 100.0000
20456.1322 312470.6621 434.1560 300156.160000000 -0.0000 0.0000 100.0000
20456.0537 312470.6483 434.1630 300156.170000000 -0.0000 0.0000 100.0000
20455.9753 312470.6345 434.1701 300156.180000000 -0.0000 0.0000 100.0000
20455.8968 312470.6206 434.1771 300156.190000000 -0.0000 0.0000 100.0000
20455.8183 312470.6068 434.1842 300156.200000000 -0.0000 0.0000 100.0000
20455.7398 312470.5929 434.1913 300156.210000000 -0.0000 0.0000 100.0000
20455.6613 312470.5791 434.1983 300156.220000000 -0.0000 0.0000 100.0000
20455.5829 312470.5653 434.2054 300156.230000000 -0.0000 0.0000 100.0000
20455.5044 312470.5514 434.2124 300156.240000000 -0.0000 0.0000 100.0000
20455.4259 312470.5376 434.2195 300156.250000000 -0.0000 0.0000 100.0000
20455.3474 312470.5238 434.2265 300156.260000000 -0.0000 0.0000 100.0000
20455.2690 312470.5099 434.2336 300156.270000000 -0.0000 0.0000 100.0000
20455.1905 312470.4961 434.2406 300156.280000000 -0.0000 0.0000 100.0000
20455.1120 312470.4822 434.2477 300156.290000000 -0.0000 0.0000 100.0000
20455.0335 312470.4684 434.2548 300156.300000000 -0.0000 0.0000 100.0000
20454.9551 312470.4546 434.2618 300156.310000000 -0.0000 0.0000 100.0000
20454.8766 312470.4407 434.2689 300156.320000000 -0.0000 0.0000 100.0000
20454.7981 312470.4269 434.2759 300156.330000000 -0.0000 0.0000 100.0000
20454.7196 312470.4131 434.2830 300156.340000000 -0.0000 0.0000 100.0000
20454.6411 312470.3992 434.2900 300156.350000000 -0.0000 0.0000 100.0000
20454.5627 312470.3854 434.2971 300156.360000000 -0.0000 0.0000 100.0000
20454.4842 312470.3715 434.3041 300156.370000000 -0.0000 0.0000 100.0000
20454.4057 312470.3577 434.3112 300156.380000000 -0.0000 0.0000 100.0000
20454.3272 312470.3439 434.3182 300156.390000000 -0.0000 0.0000 100.0000
20454.2488 312470.3300 434.3253 300156.400000000 -0.0000 0.0000 100.0000
20454.1703 312470.3162 434.3324 300156.410000000 -0.0000 0.0000 100.0000
20454.0918 312470.3023 434.3394 300156.420000000 -0.0000 0.0000 100.0000
20454.0133 312470.2885 434.3465 300156.430000000 -0.0000 0.0000 100.0000
20453.9348 312470.2747 434.3535 300156.440000000 -0.0000 0.0000 100.0000
20453.8564 312470.2608 434.3606 300156.450000000 -0.0000 0.0000 100.0000
20453.7779 312470.2470 434.3676 300156.460000000 -0.0000 0.0000 100.0000
20453.6994 312470.2332 434.3747 300156.470000000 -0.0000 0.0000 100.0000
20453.6209 312470.2193 434.3817 300156.480000000 -0.0000 0.0000 100.0000
20453.5425 312470.2055 434.3888 300156.490000000 -0.0000 0.0000 100.0000
20453.4640 312470.1916 434.3959 300156.500000000 -0.0000 0.0000 100.0000
20453.3855 312470.1778 434.4029 300156.510000000 -0.0000 0.0000 100.0000
20453.3070 312470.1640 434.4100 300156.520000000 -0.0000 0.0000 100.0000
20453.2285 312470.1501 434.4170 300156.530000000 -0.0000 0.0000 100.0000
20453.1501 312470.1363 434.4241 300156.540000000 -0.0000 0.0000 100.0000
20453.0716 312470.1225 434.4311 300156.550000000 -0.0000 0.0000 100.0000
20452.9931 312470.1086 434.4382 300156.560000000 -0.0000 0.0000 100.0000
20452.9146 312470.0948 434.4452 300156.570000000 -0.0000 0.0000 100.0000
20452.8362 312470.0809 434.4523 300156.580000000 -0.0000 0.0000 100.0000
20452.7577 312470.0671 434.4593 300156.590000000 -0.0000 0.0000 100.0000
20452.6792 312470.0533 434.4664 300156.600000000 -0.0000 0.0000 100.0000
20452.6007 312470.0394 434.4735 300156.610000000 -0.0000 0.0000 100.0000
20452.5222 312470.0256 434.4805 300156.620000000 -0.0000 0.0000 100.0000
20452.4438 312470.0118 434.4876 300156.630000000 -0.0000 0.0000 100.0000
20452.3653 312469.9979 434.4946 300156.640000000 -0.0000 0.0000 100.0000
20452.2868 312469.9841 434.5017 300156.650000000 -0.0000 0.0000 100.0000
20452.2083 312469.9702 434.5087 300156.660000000 -0.0000 0.0000 100.0000
20452.1299 312469.9564 434.5158 300156.670000000 -0.0000 0.0000 100.0000
20452.0514 312469.9426 434.5228 300156.680000000 -0.0000 0.0000 100.0000
20451.9729 312469.9287 434.5299 300156.690000000 -0.0000 0.0000 100.0000
20451.8944 312469.9149 434.5370 300156.700000000 -0.0000 0.0000 100.0000
20451.8159 312469.9011 434.5440 300156.710000000 -0.0000 0.0000 100.0000
20451.7375 312469.8872 434.5511 300156.720000000 -0.0000 0.0000 100.0000
20451.6590 312469.8734 434.5581 300156.730000000 -0.0000 0.0000 100.0000
20451.5805 312469.8595 434.5652 300156.740000000 -0.0000 0.0000 100.0000
20451.5020 312469.8457 434.5722 300156.750000000 -0.0000 0.0000 100.0000
20451.4236 312469.8319 434.5793 300156.760000000 -0.0000 0.0000 100.0000
20451.3451 312469.8180 434.5863 300156.770000000 -0.0000 0.0000 100.0000
20451.2666 312469.8042 434.5934 300156.780000000 -0.0000 0.0000 100.0000
20451.1881 312469.7904 434.6005 300156.790000000 -0.0000 0.0000 100.0000
20451.1096 312469.7765 434.6075 300156.800000000 -0.0000 0.0000 100.0000
20451.0312 312469.7627 434.6146 300156.810000000 -0.0000 0.0000 100.0000
20450.9527 312469.7488 434.6216 300156.820000000 -0.0000 0.0000 100.0000
20450.8742 312469.7350 434.6287 300156.830000000 -0.0000 0.0000 100.0000
20450.7957 312469.7212 434.6357 300156.840000000 -0.0000 0.0000 100.0000
20450.7173 312469.7073 434.6428 300156.850000000 -0.0000 0.0000 100.0000
20450.6388 312469.6935 434.6498 300156.860000000 -0.0000 0.0000 100.0000
20450.5603 312469.6797 434.6569 300156.870000000 -0.0000 0.0000 100.0000
20450.4818 312469.6658 434.6639 300156.880000000 -0.0000 0.0000 100.0000
20450.4033 312469.6520 434.6710 300156.890000000 -0.0000 0.0000 100.0000
20450.3249 312469.6381 434.6781 300156.900000000 -0.0000 0.0000 100.0000
20450.2464 312469.6243 434.6851 300156.910000000 -0.0000 0.0000 100.0000
20450.1679 312469.6105 434.6922 300156.920000000 -0.0000 0.0000 100.0000
20450.0894 312469.5966 434.6992 300156.930000000 -0.0000 0.0000 100.0000
20450.0110 312469.5828 434.7063 300156.940000000 -0.0000 0.0000 100.0000
20449.9325 312469.5689 434.7133 300156.950000000 -0.0000 0.0000 100.0000
20449.8540 312469.5551 434.7204 300156.960000000 -0.0000 0.0000 100.0000
20449.7755 312469.5413 434.7274 300156.970000000 -0.0000 0.0000 100.0000
20449.6970 312469.5274 434.7345 300156.980000000 -0.0000 0.0000 100.0000
20449.6186 312469.5136 434.7416 300156.990000000 -0.0000 0.0000 100.0000
20449.5401 312469.4998 434.7486 300157.000000000 -0.0000 0.0000 100.0000
20449.4616 312469.4859 434.7557 300157.010000000 -0.0000 0.0000 100.0000
20449.3831 312469.4721 434.7627 300157.020000000 -0.0000 0.0000 100.0000
20449.3047 312469.4582 434.7698 300157.030000000 -0.0000 0.0000 100.0000
20449.2262 312469.4444 434.7768 300157.040000000 -0.0000 0.0000 100.0000
20449.1477 312469.4306 434.7839 300157.050000000 -0.0000 0.0000 100.0000
20449.0692 312469.4167 434.7909 300157.060000000 -0.0000 0.0000 100.0000
20448.9907 312469.4029 434.7980 300157.070000000 -0.0000 0.0000 100.0000
20448.9123 312469.3891 434.8050 300157.080000000 -0.0000 0.0000 100.0000
20448.8338 312469.3752 434.8121 300157.090000000 -0.0000 0.0000 100.0000
20448.7553 312469.3614 434.8192 300157.100000000 -0.0000 0.0000 100.0000
20448.6768 312469.3475 434.8262 300157.110000000 -0.0000 0.0000 100.0000
20448.5984 312469.3337 434.8333 300157.120000000 -0.0000 0.0000 100.0000
20448.5199 312469.3199 434.8403 300157.130000000 -0.0000 0.0000 100.0000
20448.4414 312469.3060 434.8474 300157.140000000 -0.0000 0.0000 100.0000
20448.3629 312469.2922 434.8544 300157.150000000 -0.0000 0.0000 100.0000
20448.2844 312469.2784 434.8615 300157.160000000 -0.0000 0.0000 100.0000
20448.2060 312469.2645 434.8685 300157.170000000 -0.0000 0.0000 100.0000
20448.1275 312469.2507 434.8756 300157.180000000 -0.0000 0.0000 100.0000
20448.0490 312469.2368 434.8827 300157.190000000 -0.0000 0.0000 100.0000
20447.9705 312469.2230 434.8897 300157.200000000 -0.0000 0.0000 100.0000
20447.8921 312469.2092 434.8968 300157.210000000 -0.0000 0.0000 100.0000
20447.8136 312469.1953 434.9038 300157.220000000 -0.0000 0.0000 100.0000
20447.7351 312469.1815 434.9109 300157.230000000 -0.0000 0.0000 100.0000
20447.6566 312469.1677 434.9179 300157.240000000 -0.0000 0.0000 100.0000
20447.5782 312469.1538 434.9250 300157.250000000 -0.0000 0.0000 100.0000
20447.4997 312469.1400 434.9320 300157.260000000 -0.0000 0.0000 100.0000
20447.4212 312469.1261 434.9391 300157.270000000 -0.0000 0.0000 100.0000
20447.3427 312469.1123 434.9461 300157.280000000 -0.0000 0.0000 100.0000
20447.2642 312469.0985 434.9532 300157.290000000 -0.0000 0.0000 100.0000
20447.1858 312469.0846 434.9603 300157.300000000 -0.0000 0.0000 100.0000
20447.1073 312469.0708 434.9673 300157.310000000 -0.0000 0.0000 100.0000
20447.0288 312469.0570 434.9744 300157.320000000 -0.0000 0.0000 100.0000
20446.9503 312469.0431 434.9814 300157.330000000 -0.0000 0.0000 100.0000
20446.8719 312469.0293 434.9885 300157.340000000 -0.0000 0.0000 100.0000
20446.7934 312469.0154 434.9955 300157.350000000 -0.0000 0.0000 100.0000
20446.7149 312469.0016 435.0026 300157.360000000 -0.0000 0.0000 100.0000
20446.6364 312468.9878 435.0096 300157.370000000 -0.0000 0.0000 100.0000
20446.5579 312468.9739 435.0167 300157.380000000 -0.0000 0.0000 100.0000
20446.4795 312468.9601 435.0238 300157.390000000 -0.0000 0.0000 100.0000
20446.4010 312468.9463 435.0308 300157.400000000 -0.0000 0.0000 100.0000
20446.3225 312468.9324 435.0379 300157.410000000 -0.0000 0.0000 100.0000
20446.2440 312468.9186 435.0449 300157.420000000 -0.0000 0.0000 100.0000
20446.1656 312468.9047 435.0520 300157.430000000 -0.0000 0.0000 100.0000
20446.0871 312468.8909 435.0590 300157.440000000 -0.0000 0.0000 100.0000
20446.0086 312468.8771 435.0661 300157.450000000 -0.0000 0.0000 100.0000
20445.9301 312468.8632 435.0731 300157.460000000 -0.0000 0.0000 100.0000
20445.8516 312468.8494 435.0802 300157.470000000 -0.0000 0.0000 100.0000
20445.7732 312468.8356 435.0873 300157.480000000 -0.0000 0.0000 100.0000
20445.6947 312468.8217 435.0943 300157.490000000 -0.0000 0.0000 100.0000
20445.6162 312468.8079 435.1014 300157.500000000 -0.0000 0.0000 100.0000
20445.5377 312468.7940 435.1084 300157.510000000 -0.0000 0.0000 100.0000
20445.4593 312468.7802 435.1155 300157.520000000 -0.0000 0.0000 100.0000
20445.3808 312468.7664 435.1225 300157.530000000 -0.0000 0.0000 100.0000
20445.3023 312468.7525 435.1296 300157.540000000 -0.0000 0.0000 100.0000
20445.2238 312468.7387 435.1366 300157.550000000 -0.0000 0.0000 100.0000
20445.1453 312468.7248 435.1437 300157.560000000 -0.0000 0.0000 100.0000
20445.0669 312468.7110 435.1507 300157.570000000 -0.0000 0.0000 100.0000
20444.9884 312468.6972 435.1578 300157.580000000 -0.0000 0.0000 100.0000
20444.9099 312468.6833 435.1649 300157.590000000 -0.0000 0.0000 100.0000
20444.8314 312468.6695 435.1719 300157.600000000 -0.0000 0.0000 100.0000
20444.7530 312468.6557 435.1790 300157.610000000 -0.0000 0.0000 100.0000
20444.6745 312468.6418 435.1860 300157.620000000 -0.0000 0.0000 100.0000
20444.5960 312468.6280 435.1931 300157.630000000 -0.0000 0.0000 100.0000
20444.5175 312468.6141 435.2001 300157.640000000 -0.0000 0.0000 100.0000
20444.4390 312468.6003 435.2072 300157.650000000 -0.0000 0.0000 100.0000
20444.3606 312468.5865 435.2142 300157.660000000 -0.0000 0.0000 100.0000
20444.2821 312468.5726 435.2213 300157.670000000 -0.0000 0.0000 100.0000
20444.2036 312468.5588 435.2284 300157.680000000 -0.0000 0.0000 100.0000
20444.1251 312468.5450 435.2354 300157.690000000 -0.0000 0.0000 100.0000
20444.0467 312468.5311 435.2425 300157.700000000 -0.0000 0.0000 100.0000
20443.9682 312468.5173 435.2495 300157.710000000 -0.0000 0.0000 100.0000
20443.8897 312468.5034 435.2566 300157.720000000 -0.0000 0.0000 100.0000
20443.8112 312468.4896 435.2636 300157.730000000 -0.0000 0.0000 100.0000
20443.7327 312468.4758 435.2707 300157.740000000 -0.0000 0.0000 100.0000
20443.6543 312468.4619 435.2777 300157.750000000 -0.0000 0.0000 100.0000
20443.5758 312468.4481 435.2848 300157.760000000 -0.0000 0.0000 100.0000
20443.4973 312468.4343 435.2918 300157.770000000 -0.0000 0.0000 100.0000
20443.4188 312468.4204 435.2989 300157.780000000 -0.0000 0.0000 100.0000
20443.3404 312468.4066 435.3060 300157.790000000 -0.0000 0.0000 100.0000
20443.2619 312468.3927 435.3130 300157.800000000 -0.0000 0.0000 100.0000
20443.1834 312468.3789 435.3201 300157.810000000 -0.0000 0.0000 100.0000
20443.1049 312468.3651 435.3271 300157.820000000 -0.0000 0.0000 100.0000
20443.0264 312468.3512 435.3342 300157.830000000 -0.0000 0.0000 100.0000
20442.9480 312468.3374 435.3412 300157.840000000 -0.0000 0.0000 100.0000
20442.8695 312468.3236 435.3483 300157.850000000 -0.0000 0.0000 100.0000
20442.7910 312468.3097 435.3553 300157.860000000 -0.0000 0.0000 100.0000
20442.7125 312468.2959 435.3624 300157.870000000 -0.0000 0.0000 100.0000
20442.6341 312468.2820 435.3695 300157.880000000 -0.0000 0.0000 100.0000
20442.5556 312468.2682 435.3765 300157.890000000 -0.0000 0.0000 100.0000
20442.4771 312468.2544 435.3836 300157.900000000 -0.0000 0.0000 100.0000
20442.3986 312468.2405 435.3906 300157.910000000 -0.0000 0.0000 100.0000
20442.3201 312468.2267 435.3977 300157.920000000 -0.0000 0.0000 100.0000
20442.2417 312468.2129 435.4047 300157.930000000 -0.0000 0.0000 100.0000
20442.1632 312468.1990 435.4118 300157.940000000 -0.0000 0.0000 100.0000
20442.0847 312468.1852 435.4188 300157.950000000 -0.0000 0.0000 100.0000
20442.0062 312468.1713 435.4259 300157.960000000 -0.0000 0.0000 100.0000
20441.9278 312468.1575 435.4329 300157.970000000 -0.0000 0.0000 100.0000
20441.8493 312468.1437 435.4400 300157.980000000 -0.0000 0.0000 100.0000
20441.7708 312468.1298 435.4471 300157.990000000 -0.0000 0.0000 100.0000
20441.6923 312468.1160 435.4541 300158.000000000 -0.0000 0.0000 100.0000
20441.6138 312468.1022 435.4612 300158.010000000 -0.0000 0.0000 100.0000
20441.5354 312468.0883 435.4682 300158.020000000 -0.0000 0.0000 100.0000
20441.4569 312468.0745 435.4753 300158.030000000 -0.0000 0.0000 100.0000
20441.3784 312468.0606 435.4823 300158.040000000 -0.0000 0.0000 100.0000
20441.2999 312468.0468 435.4894 300158.050000000 -0.0000 0.0000 100.0000
20441.2215 312468.0330 435.4964 300158.060000000 -0.0000 0.0000 100.0000
20441.1430 312468.0191 435.5035 300158.070000000 -0.0000 0.0000 100.0000
20441.0645 312468.0053 435.5106 300158.080000000 -0.0000 0.0000 100.0000
20440.9860 312467.9914 435.5176 300158.090000000 -0.0000 0.0000 100.0000
20440.9075 312467.9776 435.5247 300158.100000000 -0.0000 0.0000 100.0000
20440.8291 312467.9638 435.5317 300158.110000000 -0.0000 0.0000 100.0000
20440.7506 312467.9499 435.5388 300158.120000000 -0.0000 0.0000 100.0000
20440.6721 312467.9361 435.5458 300158.130000000 -0.0000 0.0000 100.0000
20440.5936 312467.9223 435.5529 300158.140000000 -0.0000 0.0000 100.0000
20440.5152 312467.9084 435.5599 300158.150000000 -0.0000 0.0000 100.0000
20440.4367 312467.8946 435.5670 300158.160000000 -0.0000 0.0000 100.0000
20440.3582 312467.8807 435.5741 300158.170000000 -0.0000 0.0000 100.0000
20440.2797 312467.8669 435.5811 300158.180000000 -0.0000 0.0000 100.0000
20440.2013 312467.8531 435.5882 300158.190000000 -0.0000 0.0000 100.0000
20440.1228 312467.8392 435.5952 300158.200000000 -0.0000 0.0000 100.0000
20440.0443 312467.8254 435.6023 300158.210000000 -0.0000 0.0000 100.0000
20439.9658 312467.8116 435.6093 300158.220000000 -0.0000 0.0000 100.0000
20439.8873 312467.7977 435.6164 300158.230000000 -0.0000 0.0000 100.0000
20439.8089 312467.7839 435.6234 300158.240000000 -0.0000 0.0000 100.0000
20439.7304 312467.7700 435.6305 300158.250000000 -0.0000 0.0000 100.0000
20439.6519 312467.7562 435.6375 300158.260000000 -0.0000 0.0000 100.0000
20439.5734 312467.7424 435.6446 300158.270000000 -0.0000 0.0000 100.0000
20439.4950 312467.7285 435.6517 300158.280000000 -0.0000 0.0000 100.0000
20439.4165 312467.7147 435.6587 300158.290000000 -0.0000 0.0000 100.0000
20439.3380 312467.7009 435.6658 300158.300000000 -0.0000 0.0000 100.0000
20439.2595 312467.6870 435.6728 300158.310000000 -0.0000 0.0000 100.0000
20439.1810 312467.6732 435.6799 300158.320000000 -0.0000 0.0000 100.0000
20439.1026 312467.6593 435.6869 300158.330000000 -0.0000 0.0000 100.0000
20439.0241 312467.6455 435.6940 300158.340000000 -0.0000 0.0000 100.0000
20438.9456 312467.6317 435.7010 300158.350000000 -0.0000 0.0000 100.0000
20438.8671 312467.6178 435.7081 300158.360000000 -0.0000 0.0000 100.0000
20438.7887 312467.6040 435.7152 300158.370000000 -0.0000 0.0000 100.0000
20438.7102 312467.5902 435.7222 300158.380000000 -0.0000 0.0000 100.0000
20438.6317 312467.5763 435.7293 300158.390000000 -0.0000 0.0000 100.0000
20438.5532 312467.5625 435.7363 300158.400000000 -0.0000 0.0000 100.0000
20438.4747 312467.5486 435.7434 300158.410000000 -0.0000 0.0000 100.0000
20438.3963 312467.5348 435.7504 300158.420000000 -0.0000 0.0000 100.0000
20438.3178 312467.5210 435.7575 300158.430000000 -0.0000 0.0000 100.0000
20438.2393 312467.5071 435.7645 300158.440000000 -0.0000 0.0000 100.0000
20438.1608 312467.4933 435.7716 300158.450000000 -0.0000 0.0000 100.0000
20438.0824 312467.4795 435.7786 300158.460000000 -0.0000 0.0000 100.0000
20438.0039 312467.4656 435.7857 300158.470000000 -0.0000 0.0000 100.0000
20437.9254 312467.4518 435.7928 300158.480000000 -0.0000 0.0000 100.0000
20437.8469 312467.4379 435.7998 300158.490000000 -0.0000 0.0000 100.0000
20437.7684 312467.4241 435.8069 300158.500000000 -0.0000 0.0000 100.0000
20437.6900 312467.4103 435.8139 300158.510000000 -0.0000 0.0000 100.0000
20437.6115 312467.3964 435.8210 300158.520000000 -0.0000 0.0000 100.0000
20437.5330 312467.3826 435.8280 300158.530000000 -0.0000 0.0000 100.0000
20437.4545 312467.3688 435.8351 300158.540000000 -0.0000 0.0000 100.0000
20437.3761 312467.3549 435.8421 300158.550000000 -0.0000 0.0000 100.0000
20437.2976 312467.3411 435.8492 300158.560000000 -0.0000 0.0000 100.0000
20437.2191 312467.3272 435.8563 300158.570000000 -0.0000 0.0000 100.0000
20437.1406 312467.3134 435.8633 300158.580000000 -0.0000 0.0000 100.0000
20437.0621 312467.2996 435.8704 300158.590000000 -0.0000 0.0000 100.0000
20436.9837 312467.2857 435.8774 300158.600000000 -0.0000 0.0000 100.0000
20436.9052 312467.2719 435.8845 300158.610000000 -0.0000 0.0000 100.0000
20436.8267 312467.2580 435.8915 300158.620000000 -0.0000 0.0000 100.0000
20436.7482 312467.2442 435.8986 300158.630000000 -0.0000 0.0000 100.0000
20436.6698 312467.2304 435.9056 300158.640000000 -0.0000 0.0000 100.0000
20436.5913 312467.2165 435.9127 300158.650000000 -0.0000 0.0000 100.0000
20436.5128 312467.2027 435.9197 300158.660000000 -0.0000 0.0000 100.0000
20436.4343 312467.1889 435.9268 300158.670000000 -0.0000 0.0000 100.0000
20436.3558 312467.1750 435.9339 300158.680000000 -0.0000 0.0000 100.0000
20436.2774 312467.1612 435.9409 300158.690000000 -0.0000 0.0000 100.0000
20436.1989 312467.1473 435.9480 300158.700000000 -0.0000 0.0000 100.0000
20436.1204 312467.1335 435.9550 300158.710000000 -0.0000 0.0000 100.0000
20436.0419 312467.1197 435.9621 300158.720000000 -0.0000 0.0000 100.0000
20435.9635 312467.1058 435.9691 300158.730000000 -0.0000 0.0000 100.0000
20435.8850 312467.0920 435.9762 300158.740000000 -0.0000 0.0000 100.0000
20435.8065 312467.0782 435.9832 300158.750000000 -0.0000 0.0000 100.0000
20435.7280 312467.0643 435.9903 300158.760000000 -0.0000 0.0000 100.0000
20435.6495 312467.0505 435.9974 300158.770000000 -0.0000 0.0000 100.0000
20435.5711 312467.0366 436.0044 300158.780000000 -0.0000 0.0000 100.0000
20435.4926 312467.0228 436.0115 300158.790000000 -0.0000 0.0000 100.0000
20435.4141 312467.0090 436.0185 300158.800000000 -0.0000 0.0000 100.0000
20435.3356 312466.9951 436.0256 300158.810000000 -0.0000 0.0000 100.0000
20435.2572 312466.9813 436.0326 300158.820000000 -0.0000 0.0000 100.0000
20435.1787 312466.9675 436.0397 300158.830000000 -0.0000 0.0000 100.0000
20435.1002 312466.9536 436.0467 300158.840000000 -0.0000 0.0000 100.0000
20435.0217 312466.9398 436.0538 300158.850000000 -0.0000 0.0000 100.0000
20434.9432 312466.9259 436.0609 300158.860000000 -0.0000 0.0000 100.0000
20434.8648 312466.9121 436.0679 300158.870000000 -0.0000 0.0000 100.0000
20434.7863 312466.8983 436.0750 300158.880000000 -0.0000 0.0000 100.0000
20434.7078 312466.8844 436.0820 300158.890000000 -0.0000 0.0000 100.0000
20434.6293 312466.8706 436.0891 300158.900000000 -0.0000 0.0000 100.0000
20434.5509 312466.8568 436.0961 300158.910000000 -0.0000 0.0000 100.0000
20434.4724 312466.8429 436.1032 300158.920000000 -0.0000 0.0000 100.0000
20434.3939 312466.8291 436.1102 300158.930000000 -0.0000 0.0000 100.0000
20434.3154 312466.8152 436.1173 300158.940000000 -0.0000 0.0000 100.0000
20434.2369 312466.8014 436.1243 300158.950000000 -0.0000 0.0000 100.0000
20434.1585 312466.7876 436.1314 300158.960000000 -0.0000 0.0000 100.0000
20434.0800 312466.7737 436.1385 300158.970000000 -0.0000 0.0000 100.0000
20434.0015 312466.7599 436.1455 300158.980000000 -0.0000 0.0000 100.0000
20433.9230 312466.7461 436.1526 300158.990000000 -0.0000 0.0000 100.0000
20433.8446 312466.7322 436.1596 300159.000000000 -0.0000 0.0000 100.0000
20433.7661 312466.7184 436.1667 300159.010000000 -0.0000 0.0000 100.0000
20433.6876 312466.7045 436.1737 300159.020000000 -0.0000 0.0000 100.0000
20433.6091 312466.6907 436.1808 300159.030000000 -0.0000 0.0000 100.0000
20433.5306 312466.6769 436.1878 300159.040000000 -0.0000 0.0000 100.0000
20433.4522 312466.6630 436.1949 300159.050000000 -0.0000 0.0000 100.0000
20433.3737 312466.6492 436.2020 300159.060000000 -0.0000 0.0000 100.0000
20433.2952 312466.6354 436.2090 300159.070000000 -0.0000 0.0000 100.0000
20433.2167 312466.6215 436.2161 300159.080000000 -0.0000 0.0000 100.0000
20433.1383 312466.6077 436.2231 300159.090000000 -0.0000 0.0000 100.0000
20433.0598 312466.5938 436.2302 300159.100000000 -0.0000 0.0000 100.0000
20432.9813 312466.5800 436.2372 300159.110000000 -0.0000 0.0000 100.0000
20432.9028 312466.5662 436.2443 300159.120000000 -0.0000 0.0000 100.0000
20432.8244 312466.5523 436.2513 300159.130000000 -0.0000 0.0000 100.0000
20432.7459 312466.5385 436.2584 300159.140000000 -0.0000 0.0000 100.0000
20432.6674 312466.5246 436.2654 300159.150000000 -0.0000 0.0000 100.0000
20432.5889 312466.5108 436.2725 300159.160000000 -0.0000 0.0000 100.0000
20432.5104 312466.4970 436.2796 300159.170000000 -0.0000 0.0000 100.0000
20432.4320 312466.4831 436.2866 300159.180000000 -0.0000 0.0000 100.0000
20432.3535 312466.4693 436.2937 300159.190000000 -0.0000 0.0000 100.0000
20432.2750 312466.4555 436.3007 300159.200000000 -0.0000 0.0000 100.0000
20432.1965 312466.4416 436.3078 300159.210000000 -0.0000 0.0000 100.0000
20432.1181 312466.4278 436.3148 300159.220000000 -0.0000 0.0000 100.0000
20432.0396 312466.4139 436.3219 300159.230000000 -0.0000 0.0000 100.0000
20431.9611 312466.4001 436.3289 300159.240000000 -0.0000 0.0000 100.0000
20431.8826 312466.3863 436.3360 300159.250000000 -0.0000 0.0000 100.0000
20431.8041 312466.3724 436.3431 300159.260000000 -0.0000 0.0000 100.0000
20431.7257 312466.3586 436.3501 300159.270000000 -0.0000 0.0000 100.0000
20431.6472 312466.3448 436.3572 300159.280000000 -0.0000 0.0000 100.0000
20431.5687 312466.3309 436.3642 300159.290000000 -0.0000 0.0000 100.0000
20431.4902 312466.3171 436.3713 300159.300000000 -0.0000 0.0000 100.0000
20431.4118 312466.3032 436.3783 300159.310000000 -0.0000 0.0000 100.0000
20431.3333 312466.2894 436.3854 300159.320000000 -0.0000 0.0000 100.0000
20431.2548 312466.2756 436.3924 300159.330000000 -0.0000 0.0000 100.0000
20431.1763 312466.2617 436.3995 300159.340000000 -0.0000 0.0000 100.0000
20431.0978 312466.2479 436.4065 300159.350000000 -0.0000 0.0000 100.0000
20431.0194 312466.2341 436.4136 300159.360000000 -0.0000 0.0000 100.0000
20430.9409 312466.2202 436.4207 300159.370000000 -0.0000 0.0000 100.0000
20430.8624 312466.2064 436.4277 300159.380000000 -0.0000 0.0000 100.0000
20430.7839 312466.1925 436.4348 300159.390000000 -0.0000 0.0000 100.0000
20430.7055 312466.1787 436.4418 300159.400000000 -0.0000 0.0000 100.0000
20430.6270 312466.1649 436.4489 300159.410000000 -0.0000 0.0000 100.0000
20430.5485 312466.1510 436.4559 300159.420000000 -0.0000 0.0000 100.0000
20430.4700 312466.1372 436.4630 300159.430000000 -0.0000 0.0000 100.0000
20430.3915 312466.1234 436.4700 300159.440000000 -0.0000 0.0000 100.0000
20430.3131 312466.1095 436.4771 300159.450000000 -0.0000 0.0000 100.0000
20430.2346 312466.0957 436.4842 300159.460000000 -0.0000 0.0000 100.0000
20430.1561 312466.0818 436.4912 300159.470000000 -0.0000 0.0000 100.0000
20430.0776 312466.0680 436.4983 300159.480000000 -0.0000 0.0000 100.0000
20429.9992 312466.0542 436.5053 300159.490000000 -0.0000 0.0000 100.0000
20429.9207 312466.0403 436.5124 300159.500000000 -0.0000 0.0000 100.0000
20429.8422 312466.0265 436.5194 300159.510000000 -0.0000 0.0000 100.0000
20429.7637 312466.0127 436.5265 300159.520000000 -0.0000 0.0000 100.0000
20429.6852 312465.9988 436.5335 300159.530000000 -0.0000 0.0000 100.0000
20429.6068 312465.9850 436.5406 300159.540000000 -0.0000 0.0000 100.0000
20429.5283 312465.9711 436.5477 300159.550000000 -0.0000 0.0000 100.0000
20429.4498 312465.9573 436.5547 300159.560000000 -0.0000 0.0000 100.0000
20429.3713 312465.9435 436.5618 300159.570000000 -0.0000 0.0000 100.0000
20429.2929 312465.9296 436.5688 300159.580000000 -0.0000 0.0000 100.0000
20429.2144 312465.9158 436.5759 300159.590000000 -0.0000 0.0000 100.0000
20429.1359 312465.9020 436.5829 300159.600000000 -0.0000 0.0000 100.0000
20429.0574 312465.8881 436.5900 300159.610000000 -0.0000 0.0000 100.0000
20428.9789 312465.8743 436.5970 300159.620000000 -0.0000 0.0000 100.0000
20428.9005 312465.8604 436.6041 300159.630000000 -0.0000 0.0000 100.0000
20428.8220 312465.8466 436.6111 300159.640000000 -0.0000 0.0000 100.0000
20428.7435 312465.8328 436.6182 300159.650000000 -0.0000 0.0000 100.0000
20428.6650 312465.8189 436.6253 300159.660000000 -0.0000 0.0000 100.0000
20428.5866 312465.8051 436.6323 300159.670000000 -0.0000 0.0000 100.0000
20428.5081 312465.7912 436.6394 300159.680000000 -0.0000 0.0000 100.0000
20428.4296 312465.7774 436.6464 300159.690000000 -0.0000 0.0000 100.0000
20428.3511 312465.7636 436.6535 300159.700000000 -0.0000 0.0000 100.0000
20428.2726 312465.7497 436.6605 300159.710000000 -0.0000 0.0000 100.0000
20428.1942 312465.7359 436.6676 300159.720000000 -0.0000 0.0000 100.0000
20428.1157 312465.7221 436.6746 300159.730000000 -0.0000 0.0000 100.0000
20428.0372 312465.7082 436.6817 300159.740000000 -0.0000 0.0000 100.0000
20427.9587 312465.6944 436.6888 300159.750000000 -0.0000 0.0000 100.0000
20427.8803 312465.6805 436.6958 300159.760000000 -0.0000 0.0000 100.0000
20427.8018 312465.6667 436.7029 300159.770000000 -0.0000 0.0000 100.0000
20427.7233 312465.6529 436.7099 300159.780000000 -0.0000 0.0000 100.0000
20427.6448 312465.6390 436.7170 300159.790000000 -0.0000 0.0000 100.0000
20427.5663 312465.6252 436.7240 300159.800000000 -0.0000 0.0000 100.0000
20427.4879 312465.6114 436.7311 300159.810000000 -0.0000 0.0000 100.0000
20427.4094 312465.5975 436.7381 300159.820000000 -0.0000 0.0000 100.0000
20427.3309 312465.5837 436.7452 300159.830000000 -0.0000 0.0000 100.0000
20427.2524 312465.5698 436.7522 300159.840000000 -0.0000 0.0000 100.0000
20427.1740 312465.5560 436.7593 300159.850000000 -0.0000 0.0000 100.0000
20427.0955 312465.5422 436.7664 300159.860000000 -0.0000 0.0000 100.0000
20427.0170 312465.5283 436.7734 300159.870000000 -0.0000 0.0000 100.0000
20426.9385 312465.5145 436.7805 300159.880000000 -0.0000 0.0000 100.0000
20426.8600 312465.5007 436.7875 300159.890000000 -0.0000 0.0000 100.0000
20426.7816 312465.4868 436.7946 300159.900000000 -0.0000 0.0000 100.0000
20426.7031 312465.4730 436.8016 300159.910000000 -0.0000 0.0000 100.0000
20426.6246 312465.4591 436.8087 300159.920000000 -0.0000 0.0000 100.0000
20426.5461 312465.4453 436.8157 300159.930000000 -0.0000 0.0000 100.0000
20426.4677 312465.4315 436.8228 300159.940000000 -0.0000 0.0000 100.0000
20426.3892 312465.4176 436.8299 300159.950000000 -0.0000 0.0000 100.0000
20426.3107 312465.4038 436.8369 300159.960000000 -0.0000 0.0000 100.0000
20426.2322 312465.3900 436.8440 300159.970000000 -0.0000 0.0000 100.0000
20426.1537 312465.3761 436.8510 300159.980000000 -0.0000 0.0000 100.0000
20426.0753 312465.3623 436.8581 300159.990000000 -0.0000 0.0000 100.0000
20425.9968 312465.3484 436.8651 300160.000000000 -0.0000 0.0000 100.0000
20425.9183 312465.3346 436.8722 300160.010000000 -0.0000 0.0000 100.0000
20425.8398 312465.3208 436.8792 300160.020000000 -0.0000 0.0000 100.0000
20425.7614 312465.3069 436.8863 300160.030000000 -0.0000 0.0000 100.0000
20425.6829 312465.2931 436.8933 300160.040000000 -0.0000 0.0000 100.0000
20425.6044 312465.2793 436.9004 300160.050000000 -0.0000 0.0000 100.0000
20425.5259 312465.2654 436.9075 300160.060000000 -0.0000 0.0000 100.0000
20425.4475 312465.2516 436.9145 300160.070000000 -0.0000 0.0000 100.0000
20425.3690 312465.2377 436.9216 300160.080000000 -0.0000 0.0000 100.0000
20425.2905 312465.2239 436.9286 300160.090000000 -0.0000 0.0000 100.0000
20425.2120 312465.2101 436.9357 300160.100000000 -0.0000 0.0000 100.0000
20425.1335 312465.1962 436.9427 300160.110000000 -0.0000 0.0000 100.0000
20425.0551 312465.1824 436.9498 300160.120000000 -0.0000 0.0000 100.0000
20424.9766 312465.1686 436.9568 300160.130000000 -0.0000 0.0000 100.0000
20424.8981 312465.1547 436.9639 300160.140000000 -0.0000 0.0000 100.0000
20424.8196 312465.1409 436.9710 300160.150000000 -0.0000 0.0000 100.0000
20424.7412 312465.1270 436.9780 300160.160000000 -0.0000 0.0000 100.0000
20424.6627 312465.1132 436.9851 300160.170000000 -0.0000 0.0000 100.0000
20424.5842 312465.0994 436.9921 300160.180000000 -0.0000 0.0000 100.0000
20424.5057 312465.0855 436.9992 300160.190000000 -0.0000 0.0000 100.0000
20424.4272 312465.0717 437.0062 300160.200000000 -0.0000 0.0000 100.0000
20424.3488 312465.0578 437.0133 300160.210000000 -0.0000 0.0000 100.0000
20424.2703 312465.0440 437.0203 300160.220000000 -0.0000 0.0000 100.0000
20424.1918 312465.0302 437.0274 300160.230000000 -0.0000 0.0000 100.0000
20424.1133 312465.0163 437.0345 300160.240000000 -0.0000 0.0000 100.0000
20424.0349 312465.0025 437.0415 300160.250000000 -0.0000 0.0000 100.0000
20423.9564 312464.9887 437.0486 300160.260000000 -0.0000 0.0000 100.0000
20423.8779 312464.9748 437.0556 300160.270000000 -0.0000 0.0000 100.0000
20423.7994 312464.9610 437.0627 300160.280000000 -0.0000 0.0000 100.0000
20423.7209 312464.9471 437.0697 300160.290000000 -0.0000 0.0000 100.0000
20423.6425 312464.9333 437.0768 300160.300000000 -0.0000 0.0000 100.0000
20423.5640 312464.9195 437.0838 300160.310000000 -0.0000 0.0000 100.0000
20423.4855 312464.9056 437.0909 300160.320000000 -0.0000 0.0000 100.0000
20423.4070 312464.8918 437.0979 300160.330000000 -0.0000 0.0000 100.0000
20423.3286 312464.8780 437.1050 300160.340000000 -0.0000 0.0000 100.0000
20423.2501 312464.8641 437.1121 300160.350000000 -0.0000 0.0000 100.0000
20423.1716 312464.8503 437.1191 300160.360000000 -0.0000 0.0000 100.0000
20423.0931 312464.8364 437.1262 300160.370000000 -0.0000 0.0000 100.0000
20423.0146 312464.8226 437.1332 300160.380000000 -0.0000 0.0000 100.0000
20422.9362 312464.8088 437.1403 300160.390000000 -0.0000 0.0000 100.0000
20422.8577 312464.7949 437.1473 300160.400000000 -0.0000 0.0000 100.0000
20422.7792 312464.7811 437.1544 300160.410000000 -0.0000 0.0000 100.0000
20422.7007 312464.7673 437.1614 300160.420000000 -0.0000 0.0000 100.0000
20422.6223 312464.7534 437.1685 300160.430000000 -0.0000 0.0000 100.0000
20422.5438 312464.7396 437.1756 300160.440000000 -0.0000 0.0000 100.0000
20422.4653 312464.7257 437.1826 300160.450000000 -0.0000 0.0000 100.0000
20422.3868 312464.7119 437.1897 300160.460000000 -0.0000 0.0000 100.0000
20422.3083 312464.6981 437.1967 300160.470000000 -0.0000 0.0000 100.0000
20422.2299 312464.6842 437.2038 300160.480000000 -0.0000 0.0000 100.0000
20422.1514 312464.6704 437.2108 300160.490000000 -0.0000 0.0000 100.0000
20422.0729 312464.6566 437.2179 300160.500000000 -0.0000 0.0000 100.0000
20421.9944 312464.6427 437.2249 300160.510000000 -0.0000 0.0000 100.0000
20421.9160 312464.6289 437.2320 300160.520000000 -0.0000 0.0000 100.0000
20421.8375 312464.6150 437.2390 300160.530000000 -0.0000 0.0000 100.0000
20421.7590 312464.6012 437.2461 300160.540000000 -0.0000 0.0000 100.0000
20421.6805 312464.5874 437.2532 300160.550000000 -0.0000 0.0000 100.0000
20421.6020 312464.5735 437.2602 300160.560000000 -0.0000 0.0000 100.0000
20421.5236 312464.5597 437.2673 300160.570000000 -0.0000 0.0000 100.0000
20421.4451 312464.5459 437.2743 300160.580000000 -0.0000 0.0000 100.0000
20421.3666 312464.5320 437.2814 300160.590000000 -0.0000 0.0000 100.0000
20421.2881 312464.5182 437.2884 300160.600000000 -0.0000 0.0000 100.0000
20421.2097 312464.5043 437.2955 300160.610000000 -0.0000 0.0000 100.0000
20421.1312 312464.4905 437.3025 300160.620000000 -0.0000 0.0000 100.0000
20421.0527 312464.4767 437.3096 300160.630000000 -0.0000 0.0000 100.0000
20420.9742 312464.4628 437.3167 300160.640000000 -0.0000 0.0000 100.0000
20420.8957 312464.4490 437.3237 300160.650000000 -0.0000 0.0000 100.0000
20420.8173 312464.4352 437.3308 300160.660000000 -0.0000 0.0000 100.0000
20420.7388 312464.4213 437.3378 300160.670000000 -0.0000 0.0000 100.0000
20420.6603 312464.4075 437.3449 300160.680000000 -0.0000 0.0000 100.0000
20420.5818 312464.3936 437.3519 300160.690000000 -0.0000 0.0000 100.0000
20420.5034 312464.3798 437.3590 300160.700000000 -0.0000 0.0000 100.0000
20420.4249 312464.3660 437.3660 300160.710000000 -0.0000 0.0000 100.0000
20420.3464 312464.3521 437.3731 300160.720000000 -0.0000 0.0000 100.0000
20420.2679 312464.3383 437.3801 300160.730000000 -0.0000 0.0000 100.0000
20420.1894 312464.3245 437.3872 300160.740000000 -0.0000 0.0000 100.0000
20420.1110 312464.3106 437.3943 300160.750000000 -0.0000 0.0000 100.0000
20420.0325 312464.2968 437.4013 300160.760000000 -0.0000 0.0000 100.0000
20419.9540 312464.2829 437.4084 300160.770000000 -0.0000 0.0000 100.0000
20419.8755 312464.2691 437.4154 300160.780000000 -0.0000 0.0000 100.0000
20419.7971 312464.2553 437.4225 300160.790000000 -0.0000 0.0000 100.0000
20419.7186 312464.2414 437.4295 300160.800000000 -0.0000 0.0000 100.0000
20419.6401 312464.2276 437.4366 300160.810000000 -0.0000 0.0000 100.0000
20419.5616 312464.2137 437.4436 300160.820000000 -0.0000 0.0000 100.0000
