20541.2094 312637.9775 434.5860 300237.526490000 -0.0000 0.0000 100.0000
20541.1310 312637.9637 434.5945 300237.536490000 -0.0000 0.0000 100.0000
20541.0527 312637.9499 434.6029 300237.546490000 -0.0000 0.0000 100.0000
20540.9743 312637.9361 434.6114 300237.556490000 -0.0000 0.0000 100.0000
20540.8960 312637.9223 434.6198 300237.566490000 -0.0000 0.0000 100.0000
20540.8176 312637.9085 434.6283 300237.576490000 -0.0000 0.0000 100.0000
20540.7393 312637.8947 434.6367 300237.586490000 -0.0000 0.0000 100.0000
20540.6609 312637.8808 434.6452 300237.596490000 -0.0000 0.0000 100.0000
20540.5826 312637.8670 434.6536 300237.606490000 -0.0000 0.0000 100.0000
20540.5043 312637.8532 434.6621 300237.616490000 -0.0000 0.0000 100.0000
20540.4259 312637.8394 434.6705 300237.626490000 -0.0000 0.0000 100.0000
20540.3476 312637.8256 434.6790 300237.636490000 -0.0000 0.0000 100.0000
20540.2692 312637.8118 434.6874 300237.646490000 -0.0000 0.0000 100.0000
20540.1909 312637.7980 434.6959 300237.656490000 -0.0000 0.0000 100.0000
20540.1125 312637.7841 434.7044 300237.666490000 -0.0000 0.0000 100.0000
20540.0342 312637.7703 434.7128 300237.676490000 -0.0000 0.0000 100.0000
20539.9559 312637.7565 434.7213 300237.686490000 -0.0000 0.0000 100.0000
20539.8775 312637.7427 434.7297 300237.696490000 -0.0000 0.0000 100.0000
20539.7992 312637.7289 434.7382 300237.706490000 -0.0000 0.0000 100.0000
20539.7208 312637.7151 434.7466 300237.716490000 -0.0000 0.0000 100.0000
20539.6425 312637.7013 434.7551 300237.726490000 -0.0000 0.0000 100.0000
20539.5641 312637.6874 434.7635 300237.736490000 -0.0000 0.0000 100.0000
20539.4858 312637.6736 434.7720 300237.746490000 -0.0000 0.0000 100.0000
20539.4075 312637.6598 434.7804 300237.756490000 -0.0000 0.0000 100.0000
20539.3291 312637.6460 434.7889 300237.766490000 -0.0000 0.0000 100.0000
20539.2508 312637.6322 434.7973 300237.776490000 -0.0000 0.0000 100.0000
20539.1724 312637.6184 434.8058 300237.786490000 -0.0000 0.0000 100.0000
20539.0941 312637.6046 434.8142 300237.796490000 -0.0000 0.0000 100.0000
20539.0157 312637.5907 434.8227 300237.806490000 -0.0000 0.0000 100.0000
20538.9374 312637.5769 434.8312 300237.816490000 -0.0000 0.0000 100.0000
20538.8590 312637.5631 434.8396 300237.826490000 -0.0000 0.0000 100.0000
20538.7807 312637.5493 434.8481 300237.836490000 -0.0000 0.0000 100.0000
20538.7024 312637.5355 434.8565 300237.846490000 -0.0000 0.0000 100.0000
20538.6240 312637.5217 434.8650 300237.856490000 -0.0000 0.0000 100.0000
20538.5457 312637.5079 434.8734 300237.866490000 -0.0000 0.0000 100.0000
20538.4673 312637.4940 434.8819 300237.876490000 -0.0000 0.0000 100.0000
20538.3890 312637.4802 434.8903 300237.886490000 -0.0000 0.0000 100.0000
20538.3106 312637.4664 434.8988 300237.896490000 -0.0000 0.0000 100.0000
20538.2323 312637.4526 434.9072 300237.906490000 -0.0000 0.0000 100.0000
20538.1540 312637.4388 434.9157 300237.916490000 -0.0000 0.0000 100.0000
20538.0756 312637.4250 434.9241 300237.926490000 -0.0000 0.0000 100.0000
20537.9973 312637.4112 434.9326 300237.936490000 -0.0000 0.0000 100.0000
20537.9189 312637.3973 434.9411 300237.946490000 -0.0000 0.0000 100.0000
20537.8406 312637.3835 434.9495 300237.956490000 -0.0000 0.0000 100.0000
20537.7622 312637.3697 434.9580 300237.966490000 -0.0000 0.0000 100.0000
20537.6839 312637.3559 434.9664 300237.976490000 -0.0000 0.0000 100.0000
20537.6056 312637.3421 434.9749 300237.986490000 -0.0000 0.0000 100.0000
20537.5272 312637.3283 434.9833 300237.996490000 -0.0000 0.0000 100.0000
20537.4489 312637.3145 434.9918 300238.006490000 -0.0000 0.0000 100.0000
20537.3705 312637.3006 435.0002 300238.016490000 -0.0000 0.0000 100.0000
20537.2922 312637.2868 435.0087 300238.026490000 -0.0000 0.0000 100.0000
20537.2138 312637.2730 435.0171 300238.036490000 -0.0000 0.0000 100.0000
20537.1355 312637.2592 435.0256 300238.046490000 -0.0000 0.0000 100.0000
20537.0571 312637.2454 435.0340 300238.056490000 -0.0000 0.0000 100.0000
20536.9788 312637.2316 435.0425 300238.066490000 -0.0000 0.0000 100.0000
20536.9005 312637.2178 435.0510 300238.076490000 -0.0000 0.0000 100.0000
20536.8221 312637.2039 435.0594 300238.086490000 -0.0000 0.0000 100.0000
20536.7438 312637.1901 435.0679 300238.096490000 -0.0000 0.0000 100.0000
20536.6654 312637.1763 435.0763 300238.106490000 -0.0000 0.0000 100.0000
20536.5871 312637.1625 435.0848 300238.116490000 -0.0000 0.0000 100.0000
20536.5087 312637.1487 435.0932 300238.126490000 -0.0000 0.0000 100.0000
20536.4304 312637.1349 435.1017 300238.136490000 -0.0000 0.0000 100.0000
20536.3521 312637.1211 435.1101 300238.146490000 -0.0000 0.0000 100.0000
20536.2737 312637.1073 435.1186 300238.156490000 -0.0000 0.0000 100.0000
20536.1954 312637.0934 435.1270 300238.166490000 -0.0000 0.0000 100.0000
20536.1170 312637.0796 435.1355 300238.176490000 -0.0000 0.0000 100.0000
20536.0387 312637.0658 435.1439 300238.186490000 -0.0000 0.0000 100.0000
20535.9603 312637.0520 435.1524 300238.196490000 -0.0000 0.0000 100.0000
20535.8820 312637.0382 435.1609 300238.206490000 -0.0000 0.0000 100.0000
20535.8037 312637.0244 435.1693 300238.216490000 -0.0000 0.0000 100.0000
20535.7253 312637.0106 435.1778 300238.226490000 -0.0000 0.0000 100.0000
20535.6470 312636.9967 435.1862 300238.236490000 -0.0000 0.0000 100.0000
20535.5686 312636.9829 435.1947 300238.246490000 -0.0000 0.0000 100.0000
20535.4903 312636.9691 435.2031 300238.256490000 -0.0000 0.0000 100.0000
20535.4119 312636.9553 435.2116 300238.266490000 -0.0000 0.0000 100.0000
20535.3336 312636.9415 435.2200 300238.276490000 -0.0000 0.0000 100.0000
20535.2552 312636.9277 435.2285 300238.286490000 -0.0000 0.0000 100.0000
20535.1769 312636.9139 435.2369 300238.296490000 -0.0000 0.0000 100.0000
20535.0986 312636.9000 435.2454 300238.306490000 -0.0000 0.0000 100.0000
20535.0202 312636.8862 435.2538 300238.316490000 -0.0000 0.0000 100.0000
20534.9419 312636.8724 435.2623 300238.326490000 -0.0000 0.0000 100.0000
20534.8635 312636.8586 435.2708 300238.336490000 -0.0000 0.0000 100.0000
20534.7852 312636.8448 435.2792 300238.346490000 -0.0000 0.0000 100.0000
20534.7068 312636.8310 435.2877 300238.356490000 -0.0000 0.0000 100.0000
20534.6285 312636.8172 435.2961 300238.366490000 -0.0000 0.0000 100.0000
20534.5502 312636.8033 435.3046 300238.376490000 -0.0000 0.0000 100.0000
20534.4718 312636.7895 435.3130 300238.386490000 -0.0000 0.0000 100.0000
20534.3935 312636.7757 435.3215 300238.396490000 -0.0000 0.0000 100.0000
20534.3151 312636.7619 435.3299 300238.406490000 -0.0000 0.0000 100.0000
20534.2368 312636.7481 435.3384 300238.416490000 -0.0000 0.0000 100.0000
20534.1584 312636.7343 435.3468 300238.426490000 -0.0000 0.0000 100.0000
20534.0801 312636.7205 435.3553 300238.436490000 -0.0000 0.0000 100.0000
20534.0017 312636.7066 435.3637 300238.446490000 -0.0000 0.0000 100.0000
20533.9234 312636.6928 435.3722 300238.456490000 -0.0000 0.0000 100.0000
20533.8451 312636.6790 435.3806 300238.466490000 -0.0000 0.0000 100.0000
20533.7667 312636.6652 435.3891 300238.476490000 -0.0000 0.0000 100.0000
20533.6884 312636.6514 435.3976 300238.486490000 -0.0000 0.0000 100.0000
20533.6100 312636.6376 435.4060 300238.496490000 -0.0000 0.0000 100.0000
20533.5317 312636.6238 435.4145 300238.506490000 -0.0000 0.0000 100.0000
20533.4533 312636.6099 435.4229 300238.516490000 -0.0000 0.0000 100.0000
20533.3750 312636.5961 435.4314 300238.526490000 -0.0000 0.0000 100.0000
20533.2967 312636.5823 435.4398 300238.536490000 -0.0000 0.0000 100.0000
20533.2183 312636.5685 435.4483 300238.546490000 -0.0000 0.0000 100.0000
20533.1400 312636.5547 435.4567 300238.556490000 -0.0000 0.0000 100.0000
20533.0616 312636.5409 435.4652 300238.566490000 -0.0000 0.0000 100.0000
20532.9833 312636.5271 435.4736 300238.576490000 -0.0000 0.0000 100.0000
20532.9049 312636.5132 435.4821 300238.586490000 -0.0000 0.0000 100.0000
20532.8266 312636.4994 435.4905 300238.596490000 -0.0000 0.0000 100.0000
20532.7483 312636.4856 435.4990 300238.606490000 -0.0000 0.0000 100.0000
20532.6699 312636.4718 435.5075 300238.616490000 -0.0000 0.0000 100.0000
20532.5916 312636.4580 435.5159 300238.626490000 -0.0000 0.0000 100.0000
20532.5132 312636.4442 435.5244 300238.636490000 -0.0000 0.0000 100.0000
20532.4349 312636.4304 435.5328 300238.646490000 -0.0000 0.0000 100.0000
20532.3565 312636.4165 435.5413 300238.656490000 -0.0000 0.0000 100.0000
20532.2782 312636.4027 435.5497 300238.666490000 -0.0000 0.0000 100.0000
20532.1998 312636.3889 435.5582 300238.676490000 -0.0000 0.0000 100.0000
20532.1215 312636.3751 435.5666 300238.686490000 -0.0000 0.0000 100.0000
20532.0432 312636.3613 435.5751 300238.696490000 -0.0000 0.0000 100.0000
20531.9648 312636.3475 435.5835 300238.706490000 -0.0000 0.0000 100.0000
20531.8865 312636.3337 435.5920 300238.716490000 -0.0000 0.0000 100.0000
20531.8081 312636.3198 435.6004 300238.726490000 -0.0000 0.0000 100.0000
20531.7298 312636.3060 435.6089 300238.736490000 -0.0000 0.0000 100.0000
20531.6514 312636.2922 435.6174 300238.746490000 -0.0000 0.0000 100.0000
20531.5731 312636.2784 435.6258 300238.756490000 -0.0000 0.0000 100.0000
20531.4948 312636.2646 435.6343 300238.766490000 -0.0000 0.0000 100.0000
20531.4164 312636.2508 435.6427 300238.776490000 -0.0000 0.0000 100.0000
20531.3381 312636.2370 435.6512 300238.786490000 -0.0000 0.0000 100.0000
20531.2597 312636.2231 435.6596 300238.796490000 -0.0000 0.0000 100.0000
20531.1814 312636.2093 435.6681 300238.806490000 -0.0000 0.0000 100.0000
20531.1030 312636.1955 435.6765 300238.816490000 -0.0000 0.0000 100.0000
20531.0247 312636.1817 435.6850 300238.826490000 -0.0000 0.0000 100.0000
20530.9464 312636.1679 435.6934 300238.836490000 -0.0000 0.0000 100.0000
20530.8680 312636.1541 435.7019 300238.846490000 -0.0000 0.0000 100.0000
20530.7897 312636.1403 435.7103 300238.856490000 -0.0000 0.0000 100.0000
20530.7113 312636.1265 435.7188 300238.866490000 -0.0000 0.0000 100.0000
20530.6330 312636.1126 435.7273 300238.876490000 -0.0000 0.0000 100.0000
20530.5546 312636.0988 435.7357 300238.886490000 -0.0000 0.0000 100.0000
20530.4763 312636.0850 435.7442 300238.896490000 -0.0000 0.0000 100.0000
20530.3979 312636.0712 435.7526 300238.906490000 -0.0000 0.0000 100.0000
20530.3196 312636.0574 435.7611 300238.916490000 -0.0000 0.0000 100.0000
20530.2413 312636.0436 435.7695 300238.926490000 -0.0000 0.0000 100.0000
20530.1629 312636.0298 435.7780 300238.936490000 -0.0000 0.0000 100.0000
20530.0846 312636.0159 435.7864 300238.946490000 -0.0000 0.0000 100.0000
20530.0062 312636.0021 435.7949 300238.956490000 -0.0000 0.0000 100.0000
20529.9279 312635.9883 435.8033 300238.966490000 -0.0000 0.0000 100.0000
20529.8495 312635.9745 435.8118 300238.976490000 -0.0000 0.0000 100.0000
20529.7712 312635.9607 435.8202 300238.986490000 -0.0000 0.0000 100.0000
20529.6929 312635.9469 435.8287 300238.996490000 -0.0000 0.0000 100.0000
20529.6145 312635.9331 435.8372 300239.006490000 -0.0000 0.0000 100.0000
20529.5362 312635.9192 435.8456 300239.016490000 -0.0000 0.0000 100.0000
20529.4578 312635.9054 435.8541 300239.026490000 -0.0000 0.0000 100.0000
20529.3795 312635.8916 435.8625 300239.036490000 -0.0000 0.0000 100.0000
20529.3011 312635.8778 435.8710 300239.046490000 -0.0000 0.0000 100.0000
20529.2228 312635.8640 435.8794 300239.056490000 -0.0000 0.0000 100.0000
20529.1445 312635.8502 435.8879 300239.066490000 -0.0000 0.0000 100.0000
20529.0661 312635.8364 435.8963 300239.076490000 -0.0000 0.0000 100.0000
20528.9878 312635.8225 435.9048 300239.086490000 -0.0000 0.0000 100.0000
20528.9094 312635.8087 435.9132 300239.096490000 -0.0000 0.0000 100.0000
20528.8311 312635.7949 435.9217 300239.106490000 -0.0000 0.0000 100.0000
20528.7527 312635.7811 435.9301 300239.116490000 -0.0000 0.0000 100.0000
20528.6744 312635.7673 435.9386 300239.126490000 -0.0000 0.0000 100.0000
20528.5960 312635.7535 435.9471 300239.136490000 -0.0000 0.0000 100.0000
20528.5177 312635.7397 435.9555 300239.146490000 -0.0000 0.0000 100.0000
20528.4394 312635.7258 435.9640 300239.156490000 -0.0000 0.0000 100.0000
20528.3610 312635.7120 435.9724 300239.166490000 -0.0000 0.0000 100.0000
20528.2827 312635.6982 435.9809 300239.176490000 -0.0000 0.0000 100.0000
20528.2043 312635.6844 435.9893 300239.186490000 -0.0000 0.0000 100.0000
20528.1260 312635.6706 435.9978 300239.196490000 -0.0000 0.0000 100.0000
20528.0476 312635.6568 436.0062 300239.206490000 -0.0000 0.0000 100.0000
20527.9693 312635.6430 436.0147 300239.216490000 -0.0000 0.0000 100.0000
20527.8910 312635.6291 436.0231 300239.226490000 -0.0000 0.0000 100.0000
20527.8126 312635.6153 436.0316 300239.236490000 -0.0000 0.0000 100.0000
20527.7343 312635.6015 436.0400 300239.246490000 -0.0000 0.0000 100.0000
20527.6559 312635.5877 436.0485 300239.256490000 -0.0000 0.0000 100.0000
20527.5776 312635.5739 436.0569 300239.266490000 -0.0000 0.0000 100.0000
20527.4992 312635.5601 436.0654 300239.276490000 -0.0000 0.0000 100.0000
20527.4209 312635.5463 436.0739 300239.286490000 -0.0000 0.0000 100.0000
20527.3426 312635.5324 436.0823 300239.296490000 -0.0000 0.0000 100.0000
20527.2642 312635.5186 436.0908 300239.306490000 -0.0000 0.0000 100.0000
20527.1859 312635.5048 436.0992 300239.316490000 -0.0000 0.0000 100.0000
20527.1075 312635.4910 436.1077 300239.326490000 -0.0000 0.0000 100.0000
20527.0292 312635.4772 436.1161 300239.336490000 -0.0000 0.0000 100.0000
20526.9508 312635.4634 436.1246 300239.346490000 -0.0000 0.0000 100.0000
20526.8725 312635.4496 436.1330 300239.356490000 -0.0000 0.0000 100.0000
20526.7941 312635.4357 436.1415 300239.366490000 -0.0000 0.0000 100.0000
20526.7158 312635.4219 436.1499 300239.376490000 -0.0000 0.0000 100.0000
20526.6375 312635.4081 436.1584 300239.386490000 -0.0000 0.0000 100.0000
20526.5591 312635.3943 436.1668 300239.396490000 -0.0000 0.0000 100.0000
20526.4808 312635.3805 436.1753 300239.406490000 -0.0000 0.0000 100.0000
20526.4024 312635.3667 436.1838 300239.416490000 -0.0000 0.0000 100.0000
20526.3241 312635.3529 436.1922 300239.426490000 -0.0000 0.0000 100.0000
20526.2457 312635.3390 436.2007 300239.436490000 -0.0000 0.0000 100.0000
20526.1674 312635.3252 436.2091 300239.446490000 -0.0000 0.0000 100.0000
20526.0891 312635.3114 436.2176 300239.456490000 -0.0000 0.0000 100.0000
20526.0107 312635.2976 436.2260 300239.466490000 -0.0000 0.0000 100.0000
20525.9324 312635.2838 436.2345 300239.476490000 -0.0000 0.0000 100.0000
20525.8540 312635.2700 436.2429 300239.486490000 -0.0000 0.0000 100.0000
20525.7757 312635.2562 436.2514 300239.496490000 -0.0000 0.0000 100.0000
20525.6973 312635.2423 436.2598 300239.506490000 -0.0000 0.0000 100.0000
20525.6190 312635.2285 436.2683 300239.516490000 -0.0000 0.0000 100.0000
20525.5407 312635.2147 436.2767 300239.526490000 -0.0000 0.0000 100.0000
20525.4623 312635.2009 436.2852 300239.536490000 -0.0000 0.0000 100.0000
20525.3840 312635.1871 436.2937 300239.546490000 -0.0000 0.0000 100.0000
20525.3056 312635.1733 436.3021 300239.556490000 -0.0000 0.0000 100.0000
20525.2273 312635.1595 436.3106 300239.566490000 -0.0000 0.0000 100.0000
20525.1489 312635.1457 436.3190 300239.576490000 -0.0000 0.0000 100.0000
20525.0706 312635.1318 436.3275 300239.586490000 -0.0000 0.0000 100.0000
20524.9922 312635.1180 436.3359 300239.596490000 -0.0000 0.0000 100.0000
20524.9139 312635.1042 436.3444 300239.606490000 -0.0000 0.0000 100.0000
20524.8356 312635.0904 436.3528 300239.616490000 -0.0000 0.0000 100.0000
20524.7572 312635.0766 436.3613 300239.626490000 -0.0000 0.0000 100.0000
20524.6789 312635.0628 436.3697 300239.636490000 -0.0000 0.0000 100.0000
20524.6005 312635.0490 436.3782 300239.646490000 -0.0000 0.0000 100.0000
20524.5222 312635.0351 436.3866 300239.656490000 -0.0000 0.0000 100.0000
20524.4438 312635.0213 436.3951 300239.666490000 -0.0000 0.0000 100.0000
20524.3655 312635.0075 436.4036 300239.676490000 -0.0000 0.0000 100.0000
20524.2872 312634.9937 436.4120 300239.686490000 -0.0000 0.0000 100.0000
20524.2088 312634.9799 436.4205 300239.696490000 -0.0000 0.0000 100.0000
20524.1305 312634.9661 436.4289 300239.706490000 -0.0000 0.0000 100.0000
20524.0521 312634.9523 436.4374 300239.716490000 -0.0000 0.0000 100.0000
20523.9738 312634.9384 436.4458 300239.726490000 -0.0000 0.0000 100.0000
20523.8954 312634.9246 436.4543 300239.736490000 -0.0000 0.0000 100.0000
20523.8171 312634.9108 436.4627 300239.746490000 -0.0000 0.0000 100.0000
20523.7388 312634.8970 436.4712 300239.756490000 -0.0000 0.0000 100.0000
20523.6604 312634.8832 436.4796 300239.766490000 -0.0000 0.0000 100.0000
20523.5821 312634.8694 436.4881 300239.776490000 -0.0000 0.0000 100.0000
20523.5037 312634.8556 436.4965 300239.786490000 -0.0000 0.0000 100.0000
20523.4254 312634.8417 436.5050 300239.796490000 -0.0000 0.0000 100.0000
20523.3470 312634.8279 436.5135 300239.806490000 -0.0000 0.0000 100.0000
20523.2687 312634.8141 436.5219 300239.816490000 -0.0000 0.0000 100.0000
20523.1903 312634.8003 436.5304 300239.826490000 -0.0000 0.0000 100.0000
20523.1120 312634.7865 436.5388 300239.836490000 -0.0000 0.0000 100.0000
20523.0337 312634.7727 436.5473 300239.846490000 -0.0000 0.0000 100.0000
20522.9553 312634.7589 436.5557 300239.856490000 -0.0000 0.0000 100.0000
20522.8770 312634.7450 436.5642 300239.866490000 -0.0000 0.0000 100.0000
20522.7986 312634.7312 436.5726 300239.876490000 -0.0000 0.0000 100.0000
20522.7203 312634.7174 436.5811 300239.886490000 -0.0000 0.0000 100.0000
20522.6419 312634.7036 436.5895 300239.896490000 -0.0000 0.0000 100.0000
20522.5636 312634.6898 436.5980 300239.906490000 -0.0000 0.0000 100.0000
20522.4853 312634.6760 436.6064 300239.916490000 -0.0000 0.0000 100.0000
20522.4069 312634.6622 436.6149 300239.926490000 -0.0000 0.0000 100.0000
20522.3286 312634.6483 436.6233 300239.936490000 -0.0000 0.0000 100.0000
20522.2502 312634.6345 436.6318 300239.946490000 -0.0000 0.0000 100.0000
20522.1719 312634.6207 436.6403 300239.956490000 -0.0000 0.0000 100.0000
20522.0935 312634.6069 436.6487 300239.966490000 -0.0000 0.0000 100.0000
20522.0152 312634.5931 436.6572 300239.976490000 -0.0000 0.0000 100.0000
20521.9368 312634.5793 436.6656 300239.986490000 -0.0000 0.0000 100.0000
20521.8585 312634.5655 436.6741 300239.996490000 -0.0000 0.0000 100.0000
20521.7802 312634.5516 436.6825 300240.006490000 -0.0000 0.0000 100.0000
20521.7018 312634.5378 436.6910 300240.016490000 -0.0000 0.0000 100.0000
20521.6235 312634.5240 436.6994 300240.026490000 -0.0000 0.0000 100.0000
20521.5451 312634.5102 436.7079 300240.036490000 -0.0000 0.0000 100.0000
20521.4668 312634.4964 436.7163 300240.046490000 -0.0000 0.0000 100.0000
20521.3884 312634.4826 436.7248 300240.056490000 -0.0000 0.0000 100.0000
20521.3101 312634.4688 436.7332 300240.066490000 -0.0000 0.0000 100.0000
20521.2318 312634.4549 436.7417 300240.076490000 -0.0000 0.0000 100.0000
20521.1534 312634.4411 436.7502 300240.086490000 -0.0000 0.0000 100.0000
20521.0751 312634.4273 436.7586 300240.096490000 -0.0000 0.0000 100.0000
20520.9967 312634.4135 436.7671 300240.106490000 -0.0000 0.0000 100.0000
20520.9184 312634.3997 436.7755 300240.116490000 -0.0000 0.0000 100.0000
20520.8400 312634.3859 436.7840 300240.126490000 -0.0000 0.0000 100.0000
20520.7617 312634.3721 436.7924 300240.136490000 -0.0000 0.0000 100.0000
20520.6834 312634.3582 436.8009 300240.146490000 -0.0000 0.0000 100.0000
20520.6050 312634.3444 436.8093 300240.156490000 -0.0000 0.0000 100.0000
20520.5267 312634.3306 436.8178 300240.166490000 -0.0000 0.0000 100.0000
20520.4483 312634.3168 436.8262 300240.176490000 -0.0000 0.0000 100.0000
20520.3700 312634.3030 436.8347 300240.186490000 -0.0000 0.0000 100.0000
20520.2916 312634.2892 436.8431 300240.196490000 -0.0000 0.0000 100.0000
20520.2133 312634.2754 436.8516 300240.206490000 -0.0000 0.0000 100.0000
20520.1349 312634.2615 436.8601 300240.216490000 -0.0000 0.0000 100.0000
20520.0566 312634.2477 436.8685 300240.226490000 -0.0000 0.0000 100.0000
20519.9783 312634.2339 436.8770 300240.236490000 -0.0000 0.0000 100.0000
20519.8999 312634.2201 436.8854 300240.246490000 -0.0000 0.0000 100.0000
20519.8216 312634.2063 436.8939 300240.256490000 -0.0000 0.0000 100.0000
20519.7432 312634.1925 436.9023 300240.266490000 -0.0000 0.0000 100.0000
20519.6649 312634.1787 436.9108 300240.276490000 -0.0000 0.0000 100.0000
20519.5865 312634.1649 436.9192 300240.286490000 -0.0000 0.0000 100.0000
20519.5082 312634.1510 436.9277 300240.296490000 -0.0000 0.0000 100.0000
20519.4299 312634.1372 436.9361 300240.306490000 -0.0000 0.0000 100.0000
20519.3515 312634.1234 436.9446 300240.316490000 -0.0000 0.0000 100.0000
20519.2732 312634.1096 436.9530 300240.326490000 -0.0000 0.0000 100.0000
20519.1948 312634.0958 436.9615 300240.336490000 -0.0000 0.0000 100.0000
20519.1165 312634.0820 436.9700 300240.346490000 -0.0000 0.0000 100.0000
20519.0381 312634.0682 436.9784 300240.356490000 -0.0000 0.0000 100.0000
20518.9598 312634.0543 436.9869 300240.366490000 -0.0000 0.0000 100.0000
20518.8815 312634.0405 436.9953 300240.376490000 -0.0000 0.0000 100.0000
20518.8031 312634.0267 437.0038 300240.386490000 -0.0000 0.0000 100.0000
20518.7248 312634.0129 437.0122 300240.396490000 -0.0000 0.0000 100.0000
20518.6464 312633.9991 437.0207 300240.406490000 -0.0000 0.0000 100.0000
20518.5681 312633.9853 437.0291 300240.416490000 -0.0000 0.0000 100.0000
20518.4897 312633.9715 437.0376 300240.426490000 -0.0000 0.0000 100.0000
20518.4114 312633.9576 437.0460 300240.436490000 -0.0000 0.0000 100.0000
20518.3330 312633.9438 437.0545 300240.446490000 -0.0000 0.0000 100.0000
20518.2547 312633.9300 437.0629 300240.456490000 -0.0000 0.0000 100.0000
20518.1764 312633.9162 437.0714 300240.466490000 -0.0000 0.0000 100.0000
20518.0980 312633.9024 437.0799 300240.476490000 -0.0000 0.0000 100.0000
20518.0197 312633.8886 437.0883 300240.486490000 -0.0000 0.0000 100.0000
20517.9413 312633.8748 437.0968 300240.496490000 -0.0000 0.0000 100.0000
20517.8630 312633.8609 437.1052 300240.506490000 -0.0000 0.0000 100.0000
20517.7846 312633.8471 437.1137 300240.516490000 -0.0000 0.0000 100.0000
20517.7063 312633.8333 437.1221 300240.526490000 -0.0000 0.0000 100.0000
20517.6280 312633.8195 437.1306 300240.536490000 -0.0000 0.0000 100.0000
20517.5496 312633.8057 437.1390 300240.546490000 -0.0000 0.0000 100.0000
20517.4713 312633.7919 437.1475 300240.556490000 -0.0000 0.0000 100.0000
20517.3929 312633.7781 437.1559 300240.566490000 -0.0000 0.0000 100.0000
20517.3146 312633.7642 437.1644 300240.576490000 -0.0000 0.0000 100.0000
20517.2362 312633.7504 437.1728 300240.586490000 -0.0000 0.0000 100.0000
20517.1579 312633.7366 437.1813 300240.596490000 -0.0000 0.0000 100.0000
20517.0796 312633.7228 437.1897 300240.606490000 -0.0000 0.0000 100.0000
20517.0012 312633.7090 437.1982 300240.616490000 -0.0000 0.0000 100.0000
20516.9229 312633.6952 437.2067 300240.626490000 -0.0000 0.0000 100.0000
20516.8445 312633.6814 437.2151 300240.636490000 -0.0000 0.0000 100.0000
20516.7662 312633.6675 437.2236 300240.646490000 -0.0000 0.0000 100.0000
20516.6878 312633.6537 437.2320 300240.656490000 -0.0000 0.0000 100.0000
20516.6095 312633.6399 437.2405 300240.666490000 -0.0000 0.0000 100.0000
20516.5311 312633.6261 437.2489 300240.676490000 -0.0000 0.0000 100.0000
20516.4528 312633.6123 437.2574 300240.686490000 -0.0000 0.0000 100.0000
20516.3745 312633.5985 437.2658 300240.696490000 -0.0000 0.0000 100.0000
20516.2961 312633.5847 437.2743 300240.706490000 -0.0000 0.0000 100.0000
20516.2178 312633.5708 437.2827 300240.716490000 -0.0000 0.0000 100.0000
20516.1394 312633.5570 437.2912 300240.726490000 -0.0000 0.0000 100.0000
20516.0611 312633.5432 437.2996 300240.736490000 -0.0000 0.0000 100.0000
20515.9827 312633.5294 437.3081 300240.746490000 -0.0000 0.0000 100.0000
20515.9044 312633.5156 437.3166 300240.756490000 -0.0000 0.0000 100.0000
20515.8261 312633.5018 437.3250 300240.766490000 -0.0000 0.0000 100.0000
20515.7477 312633.4880 437.3335 300240.776490000 -0.0000 0.0000 100.0000
20515.6694 312633.4741 437.3419 300240.786490000 -0.0000 0.0000 100.0000
20515.5910 312633.4603 437.3504 300240.796490000 -0.0000 0.0000 100.0000
20515.5127 312633.4465 437.3588 300240.806490000 -0.0000 0.0000 100.0000
20515.4343 312633.4327 437.3673 300240.816490000 -0.0000 0.0000 100.0000
20515.3560 312633.4189 437.3757 300240.826490000 -0.0000 0.0000 100.0000
20515.2777 312633.4051 437.3842 300240.836490000 -0.0000 0.0000 100.0000
20515.1993 312633.3913 437.3926 300240.846490000 -0.0000 0.0000 100.0000
20515.1210 312633.3774 437.4011 300240.856490000 -0.0000 0.0000 100.0000
20515.0426 312633.3636 437.4095 300240.866490000 -0.0000 0.0000 100.0000
20514.9643 312633.3498 437.4180 300240.876490000 -0.0000 0.0000 100.0000
20514.8859 312633.3360 437.4265 300240.886490000 -0.0000 0.0000 100.0000
20514.8076 312633.3222 437.4349 300240.896490000 -0.0000 0.0000 100.0000
20514.7292 312633.3084 437.4434 300240.906490000 -0.0000 0.0000 100.0000
20514.6509 312633.2946 437.4518 300240.916490000 -0.0000 0.0000 100.0000
20514.5726 312633.2807 437.4603 300240.926490000 -0.0000 0.0000 100.0000
20514.4942 312633.2669 437.4687 300240.936490000 -0.0000 0.0000 100.0000
20514.4159 312633.2531 437.4772 300240.946490000 -0.0000 0.0000 100.0000
20514.3375 312633.2393 437.4856 300240.956490000 -0.0000 0.0000 100.0000
20514.2592 312633.2255 437.4941 300240.966490000 -0.0000 0.0000 100.0000
20514.1808 312633.2117 437.5025 300240.976490000 -0.0000 0.0000 100.0000
20514.1025 312633.1979 437.5110 300240.986490000 -0.0000 0.0000 100.0000
20514.0242 312633.1841 437.5194 300240.996490000 -0.0000 0.0000 100.0000
20513.9458 312633.1702 437.5279 300241.006490000 -0.0000 0.0000 100.0000
20513.8675 312633.1564 437.5364 300241.016490000 -0.0000 0.0000 100.0000
20513.7891 312633.1426 437.5448 300241.026490000 -0.0000 0.0000 100.0000
20513.7108 312633.1288 437.5533 300241.036490000 -0.0000 0.0000 100.0000
20513.6324 312633.1150 437.5617 300241.046490000 -0.0000 0.0000 100.0000
20513.5541 312633.1012 437.5702 300241.056490000 -0.0000 0.0000 100.0000
20513.4758 312633.0874 437.5786 300241.066490000 -0.0000 0.0000 100.0000
20513.3974 312633.0735 437.5871 300241.076490000 -0.0000 0.0000 100.0000
20513.3191 312633.0597 437.5955 300241.086490000 -0.0000 0.0000 100.0000
20513.2407 312633.0459 437.6040 300241.096490000 -0.0000 0.0000 100.0000
20513.1624 312633.0321 437.6124 300241.106490000 -0.0000 0.0000 100.0000
20513.0840 312633.0183 437.6209 300241.116490000 -0.0000 0.0000 100.0000
20513.0057 312633.0045 437.6293 300241.126490000 -0.0000 0.0000 100.0000
20512.9273 312632.9907 437.6378 300241.136490000 -0.0000 0.0000 100.0000
20512.8490 312632.9768 437.6463 300241.146490000 -0.0000 0.0000 100.0000
20512.7707 312632.9630 437.6547 300241.156490000 -0.0000 0.0000 100.0000
20512.6923 312632.9492 437.6632 300241.166490000 -0.0000 0.0000 100.0000
20512.6140 312632.9354 437.6716 300241.176490000 -0.0000 0.0000 100.0000
20512.5356 312632.9216 437.6801 300241.186490000 -0.0000 0.0000 100.0000
20512.4573 312632.9078 437.6885 300241.196490000 -0.0000 0.0000 100.0000
20512.3789 312632.8940 437.6970 300241.206490000 -0.0000 0.0000 100.0000
20512.3006 312632.8801 437.7054 300241.216490000 -0.0000 0.0000 100.0000
20512.2223 312632.8663 437.7139 300241.226490000 -0.0000 0.0000 100.0000
20512.1439 312632.8525 437.7223 300241.236490000 -0.0000 0.0000 100.0000
20512.0656 312632.8387 437.7308 300241.246490000 -0.0000 0.0000 100.0000
20511.9872 312632.8249 437.7392 300241.256490000 -0.0000 0.0000 100.0000
20511.9089 312632.8111 437.7477 300241.266490000 -0.0000 0.0000 100.0000
20511.8305 312632.7973 437.7561 300241.276490000 -0.0000 0.0000 100.0000
20511.7522 312632.7834 437.7646 300241.286490000 -0.0000 0.0000 100.0000
20511.6738 312632.7696 437.7731 300241.296490000 -0.0000 0.0000 100.0000
20511.5955 312632.7558 437.7815 300241.306490000 -0.0000 0.0000 100.0000
20511.5172 312632.7420 437.7900 300241.316490000 -0.0000 0.0000 100.0000
20511.4388 312632.7282 437.7984 300241.326490000 -0.0000 0.0000 100.0000
20511.3605 312632.7144 437.8069 300241.336490000 -0.0000 0.0000 100.0000
20511.2821 312632.7006 437.8153 300241.346490000 -0.0000 0.0000 100.0000
20511.2038 312632.6867 437.8238 300241.356490000 -0.0000 0.0000 100.0000
20511.1254 312632.6729 437.8322 300241.366490000 -0.0000 0.0000 100.0000
20511.0471 312632.6591 437.8407 300241.376490000 -0.0000 0.0000 100.0000
20510.9688 312632.6453 437.8491 300241.386490000 -0.0000 0.0000 100.0000
20510.8904 312632.6315 437.8576 300241.396490000 -0.0000 0.0000 100.0000
20510.8121 312632.6177 437.8660 300241.406490000 -0.0000 0.0000 100.0000
20510.7337 312632.6039 437.8745 300241.416490000 -0.0000 0.0000 100.0000
20510.6554 312632.5900 437.8830 300241.426490000 -0.0000 0.0000 100.0000
20510.5770 312632.5762 437.8914 300241.436490000 -0.0000 0.0000 100.0000
20510.4987 312632.5624 437.8999 300241.446490000 -0.0000 0.0000 100.0000
20510.4204 312632.5486 437.9083 300241.456490000 -0.0000 0.0000 100.0000
20510.3420 312632.5348 437.9168 300241.466490000 -0.0000 0.0000 100.0000
20510.2637 312632.5210 437.9252 300241.476490000 -0.0000 0.0000 100.0000
20510.1853 312632.5072 437.9337 300241.486490000 -0.0000 0.0000 100.0000
20510.1070 312632.4933 437.9421 300241.496490000 -0.0000 0.0000 100.0000
20510.0286 312632.4795 437.9506 300241.506490000 -0.0000 0.0000 100.0000
20509.9503 312632.4657 437.9590 300241.516490000 -0.0000 0.0000 100.0000
20509.8719 312632.4519 437.9675 300241.526490000 -0.0000 0.0000 100.0000
20509.7936 312632.4381 437.9759 300241.536490000 -0.0000 0.0000 100.0000
20509.7153 312632.4243 437.9844 300241.546490000 -0.0000 0.0000 100.0000
20509.6369 312632.4105 437.9929 300241.556490000 -0.0000 0.0000 100.0000
20509.5586 312632.3966 438.0013 300241.566490000 -0.0000 0.0000 100.0000
20509.4802 312632.3828 438.0098 300241.576490000 -0.0000 0.0000 100.0000
20509.4019 312632.3690 438.0182 300241.586490000 -0.0000 0.0000 100.0000
20509.3235 312632.3552 438.0267 300241.596490000 -0.0000 0.0000 100.0000
20509.2452 312632.3414 438.0351 300241.606490000 -0.0000 0.0000 100.0000
20509.1669 312632.3276 438.0436 300241.616490000 -0.0000 0.0000 100.0000
20509.0885 312632.3138 438.0520 300241.626490000 -0.0000 0.0000 100.0000
20509.0102 312632.2999 438.0605 300241.636490000 -0.0000 0.0000 100.0000
20508.9318 312632.2861 438.0689 300241.646490000 -0.0000 0.0000 100.0000
20508.8535 312632.2723 438.0774 300241.656490000 -0.0000 0.0000 100.0000
20508.7751 312632.2585 438.0858 300241.666490000 -0.0000 0.0000 100.0000
20508.6968 312632.2447 438.0943 300241.676490000 -0.0000 0.0000 100.0000
20508.6185 312632.2309 438.1028 300241.686490000 -0.0000 0.0000 100.0000
20508.5401 312632.2171 438.1112 300241.696490000 -0.0000 0.0000 100.0000
20508.4618 312632.2033 438.1197 300241.706490000 -0.0000 0.0000 100.0000
20508.3834 312632.1894 438.1281 300241.716490000 -0.0000 0.0000 100.0000
20508.3051 312632.1756 438.1366 300241.726490000 -0.0000 0.0000 100.0000
20508.2267 312632.1618 438.1450 300241.736490000 -0.0000 0.0000 100.0000
20508.1484 312632.1480 438.1535 300241.746490000 -0.0000 0.0000 100.0000
20508.0700 312632.1342 438.1619 300241.756490000 -0.0000 0.0000 100.0000
20507.9917 312632.1204 438.1704 300241.766490000 -0.0000 0.0000 100.0000
20507.9134 312632.1066 438.1788 300241.776490000 -0.0000 0.0000 100.0000
20507.8350 312632.0927 438.1873 300241.786490000 -0.0000 0.0000 100.0000
20507.7567 312632.0789 438.1957 300241.796490000 -0.0000 0.0000 100.0000
20507.6783 312632.0651 438.2042 300241.806490000 -0.0000 0.0000 100.0000
20507.6000 312632.0513 438.2127 300241.816490000 -0.0000 0.0000 100.0000
20507.5216 312632.0375 438.2211 300241.826490000 -0.0000 0.0000 100.0000
20507.4433 312632.0237 438.2296 300241.836490000 -0.0000 0.0000 100.0000
20507.3650 312632.0099 438.2380 300241.846490000 -0.0000 0.0000 100.0000
20507.2866 312631.9960 438.2465 300241.856490000 -0.0000 0.0000 100.0000
20507.2083 312631.9822 438.2549 300241.866490000 -0.0000 0.0000 100.0000
20507.1299 312631.9684 438.2634 300241.876490000 -0.0000 0.0000 100.0000
20507.0516 312631.9546 438.2718 300241.886490000 -0.0000 0.0000 100.0000
20506.9732 312631.9408 438.2803 300241.896490000 -0.0000 0.0000 100.0000
20506.8949 312631.9270 438.2887 300241.906490000 -0.0000 0.0000 100.0000
20506.8166 312631.9132 438.2972 300241.916490000 -0.0000 0.0000 100.0000
20506.7382 312631.8993 438.3056 300241.926490000 -0.0000 0.0000 100.0000
20506.6599 312631.8855 438.3141 300241.936490000 -0.0000 0.0000 100.0000
20506.5815 312631.8717 438.3225 300241.946490000 -0.0000 0.0000 100.0000
20506.5032 312631.8579 438.3310 300241.956490000 -0.0000 0.0000 100.0000
20506.4248 312631.8441 438.3395 300241.966490000 -0.0000 0.0000 100.0000
20506.3465 312631.8303 438.3479 300241.976490000 -0.0000 0.0000 100.0000
20506.2681 312631.8165 438.3564 300241.986490000 -0.0000 0.0000 100.0000
20506.1898 312631.8026 438.3648 300241.996490000 -0.0000 0.0000 100.0000
20506.1115 312631.7888 438.3733 300242.006490000 -0.0000 0.0000 100.0000
20506.0331 312631.7750 438.3817 300242.016490000 -0.0000 0.0000 100.0000
20505.9548 312631.7612 438.3902 300242.026490000 -0.0000 0.0000 100.0000
20505.8764 312631.7474 438.3986 300242.036490000 -0.0000 0.0000 100.0000
20505.7981 312631.7336 438.4071 300242.046490000 -0.0000 0.0000 100.0000
20505.7197 312631.7198 438.4155 300242.056490000 -0.0000 0.0000 100.0000
20505.6414 312631.7059 438.4240 300242.066490000 -0.0000 0.0000 100.0000
20505.5631 312631.6921 438.4324 300242.076490000 -0.0000 0.0000 100.0000
20505.4847 312631.6783 438.4409 300242.086490000 -0.0000 0.0000 100.0000
20505.4064 312631.6645 438.4494 300242.096490000 -0.0000 0.0000 100.0000
20505.3280 312631.6507 438.4578 300242.106490000 -0.0000 0.0000 100.0000
20505.2497 312631.6369 438.4663 300242.116490000 -0.0000 0.0000 100.0000
20505.1713 312631.6231 438.4747 300242.126490000 -0.0000 0.0000 100.0000
20505.0930 312631.6092 438.4832 300242.136490000 -0.0000 0.0000 100.0000
20505.0147 312631.5954 438.4916 300242.146490000 -0.0000 0.0000 100.0000
20504.9363 312631.5816 438.5001 300242.156490000 -0.0000 0.0000 100.0000
20504.8580 312631.5678 438.5085 300242.166490000 -0.0000 0.0000 100.0000
20504.7796 312631.5540 438.5170 300242.176490000 -0.0000 0.0000 100.0000
20504.7013 312631.5402 438.5254 300242.186490000 -0.0000 0.0000 100.0000
20504.6229 312631.5264 438.5339 300242.196490000 -0.0000 0.0000 100.0000
20504.5446 312631.5125 438.5423 300242.206490000 -0.0000 0.0000 100.0000
20504.4662 312631.4987 438.5508 300242.216490000 -0.0000 0.0000 100.0000
20504.3879 312631.4849 438.5593 300242.226490000 -0.0000 0.0000 100.0000
20504.3096 312631.4711 438.5677 300242.236490000 -0.0000 0.0000 100.0000
20504.2312 312631.4573 438.5762 300242.246490000 -0.0000 0.0000 100.0000
20504.1529 312631.4435 438.5846 300242.256490000 -0.0000 0.0000 100.0000
20504.0745 312631.4297 438.5931 300242.266490000 -0.0000 0.0000 100.0000
20503.9962 312631.4158 438.6015 300242.276490000 -0.0000 0.0000 100.0000
20503.9178 312631.4020 438.6100 300242.286490000 -0.0000 0.0000 100.0000
20503.8395 312631.3882 438.6184 300242.296490000 -0.0000 0.0000 100.0000
20503.7612 312631.3744 438.6269 300242.306490000 -0.0000 0.0000 100.0000
20503.6828 312631.3606 438.6353 300242.316490000 -0.0000 0.0000 100.0000
20503.6045 312631.3468 438.6438 300242.326490000 -0.0000 0.0000 100.0000
20503.5261 312631.3330 438.6522 300242.336490000 -0.0000 0.0000 100.0000
20503.4478 312631.3191 438.6607 300242.346490000 -0.0000 0.0000 100.0000
20503.3694 312631.3053 438.6692 300242.356490000 -0.0000 0.0000 100.0000
20503.2911 312631.2915 438.6776 300242.366490000 -0.0000 0.0000 100.0000
20503.2128 312631.2777 438.6861 300242.376490000 -0.0000 0.0000 100.0000
20503.1344 312631.2639 438.6945 300242.386490000 -0.0000 0.0000 100.0000
20503.0561 312631.2501 438.7030 300242.396490000 -0.0000 0.0000 100.0000
20502.9777 312631.2363 438.7114 300242.406490000 -0.0000 0.0000 100.0000
20502.8994 312631.2225 438.7199 300242.416490000 -0.0000 0.0000 100.0000
20502.8210 312631.2086 438.7283 300242.426490000 -0.0000 0.0000 100.0000
20502.7427 312631.1948 438.7368 300242.436490000 -0.0000 0.0000 100.0000
20502.6643 312631.1810 438.7452 300242.446490000 -0.0000 0.0000 100.0000
20502.5860 312631.1672 438.7537 300242.456490000 -0.0000 0.0000 100.0000
20502.5077 312631.1534 438.7621 300242.466490000 -0.0000 0.0000 100.0000
20502.4293 312631.1396 438.7706 300242.476490000 -0.0000 0.0000 100.0000
20502.3510 312631.1258 438.7791 300242.486490000 -0.0000 0.0000 100.0000
20502.2726 312631.1119 438.7875 300242.496490000 -0.0000 0.0000 100.0000
20502.1943 312631.0981 438.7960 300242.506490000 -0.0000 0.0000 100.0000
20502.1159 312631.0843 438.8044 300242.516490000 -0.0000 0.0000 100.0000
20502.0376 312631.0705 438.8129 300242.526490000 -0.0000 0.0000 100.0000
20501.9593 312631.0567 438.8213 300242.536490000 -0.0000 0.0000 100.0000
20501.8809 312631.0429 438.8298 300242.546490000 -0.0000 0.0000 100.0000
20501.8026 312631.0291 438.8382 300242.556490000 -0.0000 0.0000 100.0000
20501.7242 312631.0152 438.8467 300242.566490000 -0.0000 0.0000 100.0000
20501.6459 312631.0014 438.8551 300242.576490000 -0.0000 0.0000 100.0000
20501.5675 312630.9876 438.8636 300242.586490000 -0.0000 0.0000 100.0000
20501.4892 312630.9738 438.8720 300242.596490000 -0.0000 0.0000 100.0000
20501.4109 312630.9600 438.8805 300242.606490000 -0.0000 0.0000 100.0000
20501.3325 312630.9462 438.8890 300242.616490000 -0.0000 0.0000 100.0000
20501.2542 312630.9324 438.8974 300242.626490000 -0.0000 0.0000 100.0000
20501.1758 312630.9185 438.9059 300242.636490000 -0.0000 0.0000 100.0000
20501.0975 312630.9047 438.9143 300242.646490000 -0.0000 0.0000 100.0000
20501.0191 312630.8909 438.9228 300242.656490000 -0.0000 0.0000 100.0000
20500.9408 312630.8771 438.9312 300242.666490000 -0.0000 0.0000 100.0000
20500.8624 312630.8633 438.9397 300242.676490000 -0.0000 0.0000 100.0000
20500.7841 312630.8495 438.9481 300242.686490000 -0.0000 0.0000 100.0000
20500.7058 312630.8357 438.9566 300242.696490000 -0.0000 0.0000 100.0000
20500.6274 312630.8218 438.9650 300242.706490000 -0.0000 0.0000 100.0000
20500.5491 312630.8080 438.9735 300242.716490000 -0.0000 0.0000 100.0000
20500.4707 312630.7942 438.9819 300242.726490000 -0.0000 0.0000 100.0000
20500.3924 312630.7804 438.9904 300242.736490000 -0.0000 0.0000 100.0000
20500.3140 312630.7666 438.9988 300242.746490000 -0.0000 0.0000 100.0000
20500.2357 312630.7528 439.0073 300242.756490000 -0.0000 0.0000 100.0000
20500.1574 312630.7390 439.0158 300242.766490000 -0.0000 0.0000 100.0000
20500.0790 312630.7251 439.0242 300242.776490000 -0.0000 0.0000 100.0000
20500.0007 312630.7113 439.0327 300242.786490000 -0.0000 0.0000 100.0000
20499.9223 312630.6975 439.0411 300242.796490000 -0.0000 0.0000 100.0000
20499.8440 312630.6837 439.0496 300242.806490000 -0.0000 0.0000 100.0000
20499.7656 312630.6699 439.0580 300242.816490000 -0.0000 0.0000 100.0000
20499.6873 312630.6561 439.0665 300242.826490000 -0.0000 0.0000 100.0000
20499.6089 312630.6423 439.0749 300242.836490000 -0.0000 0.0000 100.0000
20499.5306 312630.6284 439.0834 300242.846490000 -0.0000 0.0000 100.0000
20499.4523 312630.6146 439.0918 300242.856490000 -0.0000 0.0000 100.0000
20499.3739 312630.6008 439.1003 300242.866490000 -0.0000 0.0000 100.0000
20499.2956 312630.5870 439.1087 300242.876490000 -0.0000 0.0000 100.0000
20499.2172 312630.5732 439.1172 300242.886490000 -0.0000 0.0000 100.0000
20499.1389 312630.5594 439.1257 300242.896490000 -0.0000 0.0000 100.0000
20499.0605 312630.5456 439.1341 300242.906490000 -0.0000 0.0000 100.0000
20498.9822 312630.5317 439.1426 300242.916490000 -0.0000 0.0000 100.0000
20498.9039 312630.5179 439.1510 300242.926490000 -0.0000 0.0000 100.0000
20498.8255 312630.5041 439.1595 300242.936490000 -0.0000 0.0000 100.0000
20498.7472 312630.4903 439.1679 300242.946490000 -0.0000 0.0000 100.0000
20498.6688 312630.4765 439.1764 300242.956490000 -0.0000 0.0000 100.0000
20498.5905 312630.4627 439.1848 300242.966490000 -0.0000 0.0000 100.0000
20498.5121 312630.4489 439.1933 300242.976490000 -0.0000 0.0000 100.0000
20498.4338 312630.4350 439.2017 300242.986490000 -0.0000 0.0000 100.0000
20498.3555 312630.4212 439.2102 300242.996490000 -0.0000 0.0000 100.0000
20498.2771 312630.4074 439.2186 300243.006490000 -0.0000 0.0000 100.0000
20498.1988 312630.3936 439.2271 300243.016490000 -0.0000 0.0000 100.0000
20498.1204 312630.3798 439.2356 300243.026490000 -0.0000 0.0000 100.0000
20498.0421 312630.3660 439.2440 300243.036490000 -0.0000 0.0000 100.0000
20497.9637 312630.3522 439.2525 300243.046490000 -0.0000 0.0000 100.0000
20497.8854 312630.3383 439.2609 300243.056490000 -0.0000 0.0000 100.0000
20497.8070 312630.3245 439.2694 300243.066490000 -0.0000 0.0000 100.0000
20497.7287 312630.3107 439.2778 300243.076490000 -0.0000 0.0000 100.0000
20497.6504 312630.2969 439.2863 300243.086490000 -0.0000 0.0000 100.0000
20497.5720 312630.2831 439.2947 300243.096490000 -0.0000 0.0000 100.0000
20497.4937 312630.2693 439.3032 300243.106490000 -0.0000 0.0000 100.0000
20497.4153 312630.2555 439.3116 300243.116490000 -0.0000 0.0000 100.0000
20497.3370 312630.2417 439.3201 300243.126490000 -0.0000 0.0000 100.0000
20497.2586 312630.2278 439.3285 300243.136490000 -0.0000 0.0000 100.0000
20497.1803 312630.2140 439.3370 300243.146490000 -0.0000 0.0000 100.0000
20497.1020 312630.2002 439.3455 300243.156490000 -0.0000 0.0000 100.0000
20497.0236 312630.1864 439.3539 300243.166490000 -0.0000 0.0000 100.0000
20496.9453 312630.1726 439.3624 300243.176490000 -0.0000 0.0000 100.0000
20496.8669 312630.1588 439.3708 300243.186490000 -0.0000 0.0000 100.0000
20496.7886 312630.1450 439.3793 300243.196490000 -0.0000 0.0000 100.0000
20496.7102 312630.1311 439.3877 300243.206490000 -0.0000 0.0000 100.0000
20496.6319 312630.1173 439.3962 300243.216490000 -0.0000 0.0000 100.0000
20496.5536 312630.1035 439.4046 300243.226490000 -0.0000 0.0000 100.0000
20496.4752 312630.0897 439.4131 300243.236490000 -0.0000 0.0000 100.0000
20496.3969 312630.0759 439.4215 300243.246490000 -0.0000 0.0000 100.0000
20496.3185 312630.0621 439.4300 300243.256490000 -0.0000 0.0000 100.0000
20496.2402 312630.0483 439.4384 300243.266490000 -0.0000 0.0000 100.0000
20496.1618 312630.0344 439.4469 300243.276490000 -0.0000 0.0000 100.0000
20496.0835 312630.0206 439.4554 300243.286490000 -0.0000 0.0000 100.0000
20496.0051 312630.0068 439.4638 300243.296490000 -0.0000 0.0000 100.0000
20495.9268 312629.9930 439.4723 300243.306490000 -0.0000 0.0000 100.0000
20495.8485 312629.9792 439.4807 300243.316490000 -0.0000 0.0000 100.0000
20495.7701 312629.9654 439.4892 300243.326490000 -0.0000 0.0000 100.0000
20495.6918 312629.9516 439.4976 300243.336490000 -0.0000 0.0000 100.0000
20495.6134 312629.9377 439.5061 300243.346490000 -0.0000 0.0000 100.0000
20495.5351 312629.9239 439.5145 300243.356490000 -0.0000 0.0000 100.0000
20495.4567 312629.9101 439.5230 300243.366490000 -0.0000 0.0000 100.0000
20495.3784 312629.8963 439.5314 300243.376490000 -0.0000 0.0000 100.0000
20495.3001 312629.8825 439.5399 300243.386490000 -0.0000 0.0000 100.0000
20495.2217 312629.8687 439.5483 300243.396490000 -0.0000 0.0000 100.0000
20495.1434 312629.8549 439.5568 300243.406490000 -0.0000 0.0000 100.0000
20495.0650 312629.8410 439.5652 300243.416490000 -0.0000 0.0000 100.0000
20494.9867 312629.8272 439.5737 300243.426490000 -0.0000 0.0000 100.0000
20494.9083 312629.8134 439.5822 300243.436490000 -0.0000 0.0000 100.0000
20494.8300 312629.7996 439.5906 300243.446490000 -0.0000 0.0000 100.0000
20494.7517 312629.7858 439.5991 300243.456490000 -0.0000 0.0000 100.0000
20494.6733 312629.7720 439.6075 300243.466490000 -0.0000 0.0000 100.0000
20494.5950 312629.7582 439.6160 300243.476490000 -0.0000 0.0000 100.0000
20494.5166 312629.7443 439.6244 300243.486490000 -0.0000 0.0000 100.0000
20494.4383 312629.7305 439.6329 300243.496490000 -0.0000 0.0000 100.0000
20494.3599 312629.7167 439.6413 300243.506490000 -0.0000 0.0000 100.0000
20494.2816 312629.7029 439.6498 300243.516490000 -0.0000 0.0000 100.0000
20494.2032 312629.6891 439.6582 300243.526490000 -0.0000 0.0000 100.0000
20494.1249 312629.6753 439.6667 300243.536490000 -0.0000 0.0000 100.0000
20494.0466 312629.6615 439.6751 300243.546490000 -0.0000 0.0000 100.0000
20493.9682 312629.6476 439.6836 300243.556490000 -0.0000 0.0000 100.0000
20493.8899 312629.6338 439.6921 300243.566490000 -0.0000 0.0000 100.0000
20493.8115 312629.6200 439.7005 300243.576490000 -0.0000 0.0000 100.0000
20493.7332 312629.6062 439.7090 300243.586490000 -0.0000 0.0000 100.0000
20493.6548 312629.5924 439.7174 300243.596490000 -0.0000 0.0000 100.0000
20493.5765 312629.5786 439.7259 300243.606490000 -0.0000 0.0000 100.0000
20493.4982 312629.5648 439.7343 300243.616490000 -0.0000 0.0000 100.0000
20493.4198 312629.5509 439.7428 300243.626490000 -0.0000 0.0000 100.0000
20493.3415 312629.5371 439.7512 300243.636490000 -0.0000 0.0000 100.0000
20493.2631 312629.5233 439.7597 300243.646490000 -0.0000 0.0000 100.0000
20493.1848 312629.5095 439.7681 300243.656490000 -0.0000 0.0000 100.0000
20493.1064 312629.4957 439.7766 300243.666490000 -0.0000 0.0000 100.0000
20493.0281 312629.4819 439.7850 300243.676490000 -0.0000 0.0000 100.0000
20492.9498 312629.4681 439.7935 300243.686490000 -0.0000 0.0000 100.0000
20492.8714 312629.4542 439.8020 300243.696490000 -0.0000 0.0000 100.0000
20492.7931 312629.4404 439.8104 300243.706490000 -0.0000 0.0000 100.0000
20492.7147 312629.4266 439.8189 300243.716490000 -0.0000 0.0000 100.0000
20492.6364 312629.4128 439.8273 300243.726490000 -0.0000 0.0000 100.0000
20492.5580 312629.3990 439.8358 300243.736490000 -0.0000 0.0000 100.0000
20492.4797 312629.3852 439.8442 300243.746490000 -0.0000 0.0000 100.0000
20492.4013 312629.3714 439.8527 300243.756490000 -0.0000 0.0000 100.0000
20492.3230 312629.3575 439.8611 300243.766490000 -0.0000 0.0000 100.0000
20492.2447 312629.3437 439.8696 300243.776490000 -0.0000 0.0000 100.0000
20492.1663 312629.3299 439.8780 300243.786490000 -0.0000 0.0000 100.0000
20492.0880 312629.3161 439.8865 300243.796490000 -0.0000 0.0000 100.0000
20492.0096 312629.3023 439.8949 300243.806490000 -0.0000 0.0000 100.0000
20491.9313 312629.2885 439.9034 300243.816490000 -0.0000 0.0000 100.0000
20491.8529 312629.2747 439.9119 300243.826490000 -0.0000 0.0000 100.0000
20491.7746 312629.2609 439.9203 300243.836490000 -0.0000 0.0000 100.0000
20491.6963 312629.2470 439.9288 300243.846490000 -0.0000 0.0000 100.0000
20491.6179 312629.2332 439.9372 300243.856490000 -0.0000 0.0000 100.0000
20491.5396 312629.2194 439.9457 300243.866490000 -0.0000 0.0000 100.0000
20491.4612 312629.2056 439.9541 300243.876490000 -0.0000 0.0000 100.0000
20491.3829 312629.1918 439.9626 300243.886490000 -0.0000 0.0000 100.0000
20491.3045 312629.1780 439.9710 300243.896490000 -0.0000 0.0000 100.0000
20491.2262 312629.1642 439.9795 300243.906490000 -0.0000 0.0000 100.0000
20491.1479 312629.1503 439.9879 300243.916490000 -0.0000 0.0000 100.0000
20491.0695 312629.1365 439.9964 300243.926490000 -0.0000 0.0000 100.0000
20490.9912 312629.1227 440.0048 300243.936490000 -0.0000 0.0000 100.0000
20490.9128 312629.1089 440.0133 300243.946490000 -0.0000 0.0000 100.0000
20490.8345 312629.0951 440.0218 300243.956490000 -0.0000 0.0000 100.0000
20490.7561 312629.0813 440.0302 300243.966490000 -0.0000 0.0000 100.0000
20490.6778 312629.0675 440.0387 300243.976490000 -0.0000 0.0000 100.0000
20490.5994 312629.0536 440.0471 300243.986490000 -0.0000 0.0000 100.0000
20490.5211 312629.0398 440.0556 300243.996490000 -0.0000 0.0000 100.0000
20490.4428 312629.0260 440.0640 300244.006490000 -0.0000 0.0000 100.0000
20490.3644 312629.0122 440.0725 300244.016490000 -0.0000 0.0000 100.0000
20490.2861 312628.9984 440.0809 300244.026490000 -0.0000 0.0000 100.0000
20490.2077 312628.9846 440.0894 300244.036490000 -0.0000 0.0000 100.0000
20490.1294 312628.9708 440.0978 300244.046490000 -0.0000 0.0000 100.0000
20490.0510 312628.9569 440.1063 300244.056490000 -0.0000 0.0000 100.0000
20489.9727 312628.9431 440.1147 300244.066490000 -0.0000 0.0000 100.0000
20489.8944 312628.9293 440.1232 300244.076490000 -0.0000 0.0000 100.0000
20489.8160 312628.9155 440.1316 300244.086490000 -0.0000 0.0000 100.0000
20489.7377 312628.9017 440.1401 300244.096490000 -0.0000 0.0000 100.0000
20489.6593 312628.8879 440.1486 300244.106490000 -0.0000 0.0000 100.0000
20489.5810 312628.8741 440.1570 300244.116490000 -0.0000 0.0000 100.0000
20489.5026 312628.8602 440.1655 300244.126490000 -0.0000 0.0000 100.0000
20489.4243 312628.8464 440.1739 300244.136490000 -0.0000 0.0000 100.0000
20489.3459 312628.8326 440.1824 300244.146490000 -0.0000 0.0000 100.0000
20489.2676 312628.8188 440.1908 300244.156490000 -0.0000 0.0000 100.0000
20489.1893 312628.8050 440.1993 300244.166490000 -0.0000 0.0000 100.0000
20489.1109 312628.7912 440.2077 300244.176490000 -0.0000 0.0000 100.0000
20489.0326 312628.7774 440.2162 300244.186490000 -0.0000 0.0000 100.0000
20488.9542 312628.7635 440.2246 300244.196490000 -0.0000 0.0000 100.0000
20488.8759 312628.7497 440.2331 300244.206490000 -0.0000 0.0000 100.0000
20488.7975 312628.7359 440.2415 300244.216490000 -0.0000 0.0000 100.0000
20488.7192 312628.7221 440.2500 300244.226490000 -0.0000 0.0000 100.0000
20488.6409 312628.7083 440.2585 300244.236490000 -0.0000 0.0000 100.0000
20488.5625 312628.6945 440.2669 300244.246490000 -0.0000 0.0000 100.0000
20488.4842 312628.6807 440.2754 300244.256490000 -0.0000 0.0000 100.0000
20488.4058 312628.6668 440.2838 300244.266490000 -0.0000 0.0000 100.0000
20488.3275 312628.6530 440.2923 300244.276490000 -0.0000 0.0000 100.0000
20488.2491 312628.6392 440.3007 300244.286490000 -0.0000 0.0000 100.0000
20488.1708 312628.6254 440.3092 300244.296490000 -0.0000 0.0000 100.0000
20488.0925 312628.6116 440.3176 300244.306490000 -0.0000 0.0000 100.0000
20488.0141 312628.5978 440.3261 300244.316490000 -0.0000 0.0000 100.0000
20487.9358 312628.5840 440.3345 300244.326490000 -0.0000 0.0000 100.0000
20487.8574 312628.5701 440.3430 300244.336490000 -0.0000 0.0000 100.0000
20487.7791 312628.5563 440.3514 300244.346490000 -0.0000 0.0000 100.0000
20487.7007 312628.5425 440.3599 300244.356490000 -0.0000 0.0000 100.0000
20487.6224 312628.5287 440.3684 300244.366490000 -0.0000 0.0000 100.0000
20487.5440 312628.5149 440.3768 300244.376490000 -0.0000 0.0000 100.0000
20487.4657 312628.5011 440.3853 300244.386490000 -0.0000 0.0000 100.0000
20487.3874 312628.4873 440.3937 300244.396490000 -0.0000 0.0000 100.0000
20487.3090 312628.4734 440.4022 300244.406490000 -0.0000 0.0000 100.0000
20487.2307 312628.4596 440.4106 300244.416490000 -0.0000 0.0000 100.0000
20487.1523 312628.4458 440.4191 300244.426490000 -0.0000 0.0000 100.0000
20487.0740 312628.4320 440.4275 300244.436490000 -0.0000 0.0000 100.0000
20486.9956 312628.4182 440.4360 300244.446490000 -0.0000 0.0000 100.0000
20486.9173 312628.4044 440.4444 300244.456490000 -0.0000 0.0000 100.0000
20486.8390 312628.3906 440.4529 300244.466490000 -0.0000 0.0000 100.0000
20486.7606 312628.3767 440.4613 300244.476490000 -0.0000 0.0000 100.0000
20486.6823 312628.3629 440.4698 300244.486490000 -0.0000 0.0000 100.0000
20486.6039 312628.3491 440.4783 300244.496490000 -0.0000 0.0000 100.0000
20486.5256 312628.3353 440.4867 300244.506490000 -0.0000 0.0000 100.0000
20486.4472 312628.3215 440.4952 300244.516490000 -0.0000 0.0000 100.0000
20486.3689 312628.3077 440.5036 300244.526490000 -0.0000 0.0000 100.0000
20486.2906 312628.2939 440.5121 300244.536490000 -0.0000 0.0000 100.0000
20486.2122 312628.2801 440.5205 300244.546490000 -0.0000 0.0000 100.0000
20486.1339 312628.2662 440.5290 300244.556490000 -0.0000 0.0000 100.0000
20486.0555 312628.2524 440.5374 300244.566490000 -0.0000 0.0000 100.0000
20485.9772 312628.2386 440.5459 300244.576490000 -0.0000 0.0000 100.0000
20485.8988 312628.2248 440.5543 300244.586490000 -0.0000 0.0000 100.0000
20485.8205 312628.2110 440.5628 300244.596490000 -0.0000 0.0000 100.0000
20485.7421 312628.1972 440.5712 300244.606490000 -0.0000 0.0000 100.0000
20485.6638 312628.1834 440.5797 300244.616490000 -0.0000 0.0000 100.0000
20485.5855 312628.1695 440.5882 300244.626490000 -0.0000 0.0000 100.0000
20485.5071 312628.1557 440.5966 300244.636490000 -0.0000 0.0000 100.0000
20485.4288 312628.1419 440.6051 300244.646490000 -0.0000 0.0000 100.0000
20485.3504 312628.1281 440.6135 300244.656490000 -0.0000 0.0000 100.0000
20485.2721 312628.1143 440.6220 300244.666490000 -0.0000 0.0000 100.0000
20485.1937 312628.1005 440.6304 300244.676490000 -0.0000 0.0000 100.0000
20485.1154 312628.0867 440.6389 300244.686490000 -0.0000 0.0000 100.0000
20485.0371 312628.0728 440.6473 300244.696490000 -0.0000 0.0000 100.0000
20484.9587 312628.0590 440.6558 300244.706490000 -0.0000 0.0000 100.0000
20484.8804 312628.0452 440.6642 300244.716490000 -0.0000 0.0000 100.0000
20484.8020 312628.0314 440.6727 300244.726490000 -0.0000 0.0000 100.0000
20484.7237 312628.0176 440.6811 300244.736490000 -0.0000 0.0000 100.0000
20484.6453 312628.0038 440.6896 300244.746490000 -0.0000 0.0000 100.0000
20484.5670 312627.9900 440.6980 300244.756490000 -0.0000 0.0000 100.0000
20484.4887 312627.9761 440.7065 300244.766490000 -0.0000 0.0000 100.0000
20484.4103 312627.9623 440.7150 300244.776490000 -0.0000 0.0000 100.0000
20484.3320 312627.9485 440.7234 300244.786490000 -0.0000 0.0000 100.0000
20484.2536 312627.9347 440.7319 300244.796490000 -0.0000 0.0000 100.0000
20484.1753 312627.9209 440.7403 300244.806490000 -0.0000 0.0000 100.0000
20484.0969 312627.9071 440.7488 300244.816490000 -0.0000 0.0000 100.0000
20484.0186 312627.8933 440.7572 300244.826490000 -0.0000 0.0000 100.0000
20483.9402 312627.8794 440.7657 300244.836490000 -0.0000 0.0000 100.0000
20483.8619 312627.8656 440.7741 300244.846490000 -0.0000 0.0000 100.0000
20483.7836 312627.8518 440.7826 300244.856490000 -0.0000 0.0000 100.0000
20483.7052 312627.8380 440.7910 300244.866490000 -0.0000 0.0000 100.0000
20483.6269 312627.8242 440.7995 300244.876490000 -0.0000 0.0000 100.0000
20483.5485 312627.8104 440.8079 300244.886490000 -0.0000 0.0000 100.0000
20483.4702 312627.7966 440.8164 300244.896490000 -0.0000 0.0000 100.0000
20483.3918 312627.7827 440.8249 300244.906490000 -0.0000 0.0000 100.0000
20483.3135 312627.7689 440.8333 300244.916490000 -0.0000 0.0000 100.0000
20483.2352 312627.7551 440.8418 300244.926490000 -0.0000 0.0000 100.0000
20483.1568 312627.7413 440.8502 300244.936490000 -0.0000 0.0000 100.0000
20483.0785 312627.7275 440.8587 300244.946490000 -0.0000 0.0000 100.0000
20483.0001 312627.7137 440.8671 300244.956490000 -0.0000 0.0000 100.0000
20482.9218 312627.6999 440.8756 300244.966490000 -0.0000 0.0000 100.0000
20482.8434 312627.6860 440.8840 300244.976490000 -0.0000 0.0000 100.0000
20482.7651 312627.6722 440.8925 300244.986490000 -0.0000 0.0000 100.0000
20482.6868 312627.6584 440.9009 300244.996490000 -0.0000 0.0000 100.0000
20482.6084 312627.6446 440.9094 300245.006490000 -0.0000 0.0000 100.0000
20482.5301 312627.6308 440.9178 300245.016490000 -0.0000 0.0000 100.0000
20482.4517 312627.6170 440.9263 300245.026490000 -0.0000 0.0000 100.0000
20482.3734 312627.6032 440.9348 300245.036490000 -0.0000 0.0000 100.0000
20482.2950 312627.5893 440.9432 300245.046490000 -0.0000 0.0000 100.0000
20482.2167 312627.5755 440.9517 300245.056490000 -0.0000 0.0000 100.0000
20482.1383 312627.5617 440.9601 300245.066490000 -0.0000 0.0000 100.0000
20482.0600 312627.5479 440.9686 300245.076490000 -0.0000 0.0000 100.0000
20481.9817 312627.5341 440.9770 300245.086490000 -0.0000 0.0000 100.0000
20481.9033 312627.5203 440.9855 300245.096490000 -0.0000 0.0000 100.0000
20481.8250 312627.5065 440.9939 300245.106490000 -0.0000 0.0000 100.0000
20481.7466 312627.4926 441.0024 300245.116490000 -0.0000 0.0000 100.0000
20481.6683 312627.4788 441.0108 300245.126490000 -0.0000 0.0000 100.0000
20481.5899 312627.4650 441.0193 300245.136490000 -0.0000 0.0000 100.0000
20481.5116 312627.4512 441.0277 300245.146490000 -0.0000 0.0000 100.0000
20481.4333 312627.4374 441.0362 300245.156490000 -0.0000 0.0000 100.0000
20481.3549 312627.4236 441.0447 300245.166490000 -0.0000 0.0000 100.0000
20481.2766 312627.4098 441.0531 300245.176490000 -0.0000 0.0000 100.0000
20481.1982 312627.3959 441.0616 300245.186490000 -0.0000 0.0000 100.0000
20481.1199 312627.3821 441.0700 300245.196490000 -0.0000 0.0000 100.0000
20481.0415 312627.3683 441.0785 300245.206490000 -0.0000 0.0000 100.0000
20480.9632 312627.3545 441.0869 300245.216490000 -0.0000 0.0000 100.0000
20480.8849 312627.3407 441.0954 300245.226490000 -0.0000 0.0000 100.0000
20480.8065 312627.3269 441.1038 300245.236490000 -0.0000 0.0000 100.0000
20480.7282 312627.3131 441.1123 300245.246490000 -0.0000 0.0000 100.0000
20480.6498 312627.2993 441.1207 300245.256490000 -0.0000 0.0000 100.0000
20480.5715 312627.2854 441.1292 300245.266490000 -0.0000 0.0000 100.0000
20480.4931 312627.2716 441.1376 300245.276490000 -0.0000 0.0000 100.0000
20480.4148 312627.2578 441.1461 300245.286490000 -0.0000 0.0000 100.0000
20480.3364 312627.2440 441.1546 300245.296490000 -0.0000 0.0000 100.0000
20480.2581 312627.2302 441.1630 300245.306490000 -0.0000 0.0000 100.0000
20480.1798 312627.2164 441.1715 300245.316490000 -0.0000 0.0000 100.0000
20480.1014 312627.2026 441.1799 300245.326490000 -0.0000 0.0000 100.0000
20480.0231 312627.1887 441.1884 300245.336490000 -0.0000 0.0000 100.0000
20479.9447 312627.1749 441.1968 300245.346490000 -0.0000 0.0000 100.0000
20479.8664 312627.1611 441.2053 300245.356490000 -0.0000 0.0000 100.0000
20479.7880 312627.1473 441.2137 300245.366490000 -0.0000 0.0000 100.0000
20479.7097 312627.1335 441.2222 300245.376490000 -0.0000 0.0000 100.0000
20479.6314 312627.1197 441.2306 300245.386490000 -0.0000 0.0000 100.0000
20479.5530 312627.1059 441.2391 300245.396490000 -0.0000 0.0000 100.0000
20479.4747 312627.0920 441.2475 300245.406490000 -0.0000 0.0000 100.0000
20479.3963 312627.0782 441.2560 300245.416490000 -0.0000 0.0000 100.0000
20479.3180 312627.0644 441.2644 300245.426490000 -0.0000 0.0000 100.0000
20479.2396 312627.0506 441.2729 300245.436490000 -0.0000 0.0000 100.0000
20479.1613 312627.0368 441.2814 300245.446490000 -0.0000 0.0000 100.0000
20479.0830 312627.0230 441.2898 300245.456490000 -0.0000 0.0000 100.0000
20479.0046 312627.0092 441.2983 300245.466490000 -0.0000 0.0000 100.0000
20478.9263 312626.9953 441.3067 300245.476490000 -0.0000 0.0000 100.0000
20478.8479 312626.9815 441.3152 300245.486490000 -0.0000 0.0000 100.0000
20478.7696 312626.9677 441.3236 300245.496490000 -0.0000 0.0000 100.0000
20478.6912 312626.9539 441.3321 300245.506490000 -0.0000 0.0000 100.0000
20478.6129 312626.9401 441.3405 300245.516490000 -0.0000 0.0000 100.0000
20478.5345 312626.9263 441.3490 300245.526490000 -0.0000 0.0000 100.0000
20478.4562 312626.9125 441.3574 300245.536490000 -0.0000 0.0000 100.0000
20478.3779 312626.8986 441.3659 300245.546490000 -0.0000 0.0000 100.0000
20478.2995 312626.8848 441.3743 300245.556490000 -0.0000 0.0000 100.0000
20478.2212 312626.8710 441.3828 300245.566490000 -0.0000 0.0000 100.0000
20478.1428 312626.8572 441.3913 300245.576490000 -0.0000 0.0000 100.0000
20478.0645 312626.8434 441.3997 300245.586490000 -0.0000 0.0000 100.0000
20477.9861 312626.8296 441.4082 300245.596490000 -0.0000 0.0000 100.0000
20477.9078 312626.8158 441.4166 300245.606490000 -0.0000 0.0000 100.0000
20477.8295 312626.8019 441.4251 300245.616490000 -0.0000 0.0000 100.0000
20477.7511 312626.7881 441.4335 300245.626490000 -0.0000 0.0000 100.0000
20477.6728 312626.7743 441.4420 300245.636490000 -0.0000 0.0000 100.0000
20477.5944 312626.7605 441.4504 300245.646490000 -0.0000 0.0000 100.0000
20477.5161 312626.7467 441.4589 300245.656490000 -0.0000 0.0000 100.0000
20477.4377 312626.7329 441.4673 300245.666490000 -0.0000 0.0000 100.0000
20477.3594 312626.7191 441.4758 300245.676490000 -0.0000 0.0000 100.0000
20477.2810 312626.7052 441.4842 300245.686490000 -0.0000 0.0000 100.0000
20477.2027 312626.6914 441.4927 300245.696490000 -0.0000 0.0000 100.0000
20477.1244 312626.6776 441.5012 300245.706490000 -0.0000 0.0000 100.0000
20477.0460 312626.6638 441.5096 300245.716490000 -0.0000 0.0000 100.0000
20476.9677 312626.6500 441.5181 300245.726490000 -0.0000 0.0000 100.0000
20476.8893 312626.6362 441.5265 300245.736490000 -0.0000 0.0000 100.0000
20476.8110 312626.6224 441.5350 300245.746490000 -0.0000 0.0000 100.0000
20476.7326 312626.6085 441.5434 300245.756490000 -0.0000 0.0000 100.0000
20476.6543 312626.5947 441.5519 300245.766490000 -0.0000 0.0000 100.0000
20476.5760 312626.5809 441.5603 300245.776490000 -0.0000 0.0000 100.0000
20476.4976 312626.5671 441.5688 300245.786490000 -0.0000 0.0000 100.0000
20476.4193 312626.5533 441.5772 300245.796490000 -0.0000 0.0000 100.0000
20476.3409 312626.5395 441.5857 300245.806490000 -0.0000 0.0000 100.0000
20476.2626 312626.5257 441.5941 300245.816490000 -0.0000 0.0000 100.0000
20476.1842 312626.5118 441.6026 300245.826490000 -0.0000 0.0000 100.0000
20476.1059 312626.4980 441.6111 300245.836490000 -0.0000 0.0000 100.0000
20476.0276 312626.4842 441.6195 300245.846490000 -0.0000 0.0000 100.0000
20475.9492 312626.4704 441.6280 300245.856490000 -0.0000 0.0000 100.0000
20475.8709 312626.4566 441.6364 300245.866490000 -0.0000 0.0000 100.0000
20475.7925 312626.4428 441.6449 300245.876490000 -0.0000 0.0000 100.0000
20475.7142 312626.4290 441.6533 300245.886490000 -0.0000 0.0000 100.0000
20475.6358 312626.4151 441.6618 300245.896490000 -0.0000 0.0000 100.0000
20475.5575 312626.4013 441.6702 300245.906490000 -0.0000 0.0000 100.0000
20475.4791 312626.3875 441.6787 300245.916490000 -0.0000 0.0000 100.0000
20475.4008 312626.3737 441.6871 300245.926490000 -0.0000 0.0000 100.0000
20475.3225 312626.3599 441.6956 300245.936490000 -0.0000 0.0000 100.0000
20475.2441 312626.3461 441.7040 300245.946490000 -0.0000 0.0000 100.0000
20475.1658 312626.3323 441.7125 300245.956490000 -0.0000 0.0000 100.0000
20475.0874 312626.3184 441.7210 300245.966490000 -0.0000 0.0000 100.0000
20475.0091 312626.3046 441.7294 300245.976490000 -0.0000 0.0000 100.0000
20474.9307 312626.2908 441.7379 300245.986490000 -0.0000 0.0000 100.0000
20474.8524 312626.2770 441.7463 300245.996490000 -0.0000 0.0000 100.0000
20474.7741 312626.2632 441.7548 300246.006490000 -0.0000 0.0000 100.0000
20474.6957 312626.2494 441.7632 300246.016490000 -0.0000 0.0000 100.0000
20474.6174 312626.2356 441.7717 300246.026490000 -0.0000 0.0000 100.0000
20474.5390 312626.2218 441.7801 300246.036490000 -0.0000 0.0000 100.0000
20474.4607 312626.2079 441.7886 300246.046490000 -0.0000 0.0000 100.0000
20474.3823 312626.1941 441.7970 300246.056490000 -0.0000 0.0000 100.0000
20474.3040 312626.1803 441.8055 300246.066490000 -0.0000 0.0000 100.0000
20474.2257 312626.1665 441.8139 300246.076490000 -0.0000 0.0000 100.0000
20474.1473 312626.1527 441.8224 300246.086490000 -0.0000 0.0000 100.0000
20474.0690 312626.1389 441.8309 300246.096490000 -0.0000 0.0000 100.0000
20473.9906 312626.1251 441.8393 300246.106490000 -0.0000 0.0000 100.0000
20473.9123 312626.1112 441.8478 300246.116490000 -0.0000 0.0000 100.0000
20473.8339 312626.0974 441.8562 300246.126490000 -0.0000 0.0000 100.0000
20473.7556 312626.0836 441.8647 300246.136490000 -0.0000 0.0000 100.0000
20473.6772 312626.0698 441.8731 300246.146490000 -0.0000 0.0000 100.0000
20473.5989 312626.0560 441.8816 300246.156490000 -0.0000 0.0000 100.0000
20473.5206 312626.0422 441.8900 300246.166490000 -0.0000 0.0000 100.0000
20473.4422 312626.0284 441.8985 300246.176490000 -0.0000 0.0000 100.0000
20473.3639 312626.0145 441.9069 300246.186490000 -0.0000 0.0000 100.0000
20473.2855 312626.0007 441.9154 300246.196490000 -0.0000 0.0000 100.0000
20473.2072 312625.9869 441.9238 300246.206490000 -0.0000 0.0000 100.0000
20473.1288 312625.9731 441.9323 300246.216490000 -0.0000 0.0000 100.0000
20473.0505 312625.9593 441.9407 300246.226490000 -0.0000 0.0000 100.0000
20472.9722 312625.9455 441.9492 300246.236490000 -0.0000 0.0000 100.0000
20472.8938 312625.9317 441.9577 300246.246490000 -0.0000 0.0000 100.0000
20472.8155 312625.9178 441.9661 300246.256490000 -0.0000 0.0000 100.0000
20472.7371 312625.9040 441.9746 300246.266490000 -0.0000 0.0000 100.0000
20472.6588 312625.8902 441.9830 300246.276490000 -0.0000 0.0000 100.0000
20472.5804 312625.8764 441.9915 300246.286490000 -0.0000 0.0000 100.0000
20472.5021 312625.8626 441.9999 300246.296490000 -0.0000 0.0000 100.0000
20472.4238 312625.8488 442.0084 300246.306490000 -0.0000 0.0000 100.0000
20472.3454 312625.8350 442.0168 300246.316490000 -0.0000 0.0000 100.0000
20472.2671 312625.8211 442.0253 300246.326490000 -0.0000 0.0000 100.0000
20472.1887 312625.8073 442.0337 300246.336490000 -0.0000 0.0000 100.0000
20472.1104 312625.7935 442.0422 300246.346490000 -0.0000 0.0000 100.0000
20472.0320 312625.7797 442.0506 300246.356490000 -0.0000 0.0000 100.0000
20471.9537 312625.7659 442.0591 300246.366490000 -0.0000 0.0000 100.0000
20471.8753 312625.7521 442.0676 300246.376490000 -0.0000 0.0000 100.0000
20471.7970 312625.7383 442.0760 300246.386490000 -0.0000 0.0000 100.0000
20471.7187 312625.7244 442.0845 300246.396490000 -0.0000 0.0000 100.0000
20471.6403 312625.7106 442.0929 300246.406490000 -0.0000 0.0000 100.0000
20471.5620 312625.6968 442.1014 300246.416490000 -0.0000 0.0000 100.0000
20471.4836 312625.6830 442.1098 300246.426490000 -0.0000 0.0000 100.0000
20471.4053 312625.6692 442.1183 300246.436490000 -0.0000 0.0000 100.0000
20471.3269 312625.6554 442.1267 300246.446490000 -0.0000 0.0000 100.0000
20471.2486 312625.6416 442.1352 300246.456490000 -0.0000 0.0000 100.0000
20471.1703 312625.6277 442.1436 300246.466490000 -0.0000 0.0000 100.0000
20471.0919 312625.6139 442.1521 300246.476490000 -0.0000 0.0000 100.0000
20471.0136 312625.6001 442.1605 300246.486490000 -0.0000 0.0000 100.0000
20470.9352 312625.5863 442.1690 300246.496490000 -0.0000 0.0000 100.0000
20470.8569 312625.5725 442.1775 300246.506490000 -0.0000 0.0000 100.0000
20470.7785 312625.5587 442.1859 300246.516490000 -0.0000 0.0000 100.0000
20470.7002 312625.5449 442.1944 300246.526490000 -0.0000 0.0000 100.0000
20470.6219 312625.5310 442.2028 300246.536490000 -0.0000 0.0000 100.0000
20470.5435 312625.5172 442.2113 300246.546490000 -0.0000 0.0000 100.0000
20470.4652 312625.5034 442.2197 300246.556490000 -0.0000 0.0000 100.0000
20470.3868 312625.4896 442.2282 300246.566490000 -0.0000 0.0000 100.0000
20470.3085 312625.4758 442.2366 300246.576490000 -0.0000 0.0000 100.0000
20470.2301 312625.4620 442.2451 300246.586490000 -0.0000 0.0000 100.0000
20470.1518 312625.4482 442.2535 300246.596490000 -0.0000 0.0000 100.0000
20470.0734 312625.4343 442.2620 300246.606490000 -0.0000 0.0000 100.0000
20469.9951 312625.4205 442.2704 300246.616490000 -0.0000 0.0000 100.0000
20469.9168 312625.4067 442.2789 300246.626490000 -0.0000 0.0000 100.0000
20469.8384 312625.3929 442.2874 300246.636490000 -0.0000 0.0000 100.0000
20469.7601 312625.3791 442.2958 300246.646490000 -0.0000 0.0000 100.0000
20469.6817 312625.3653 442.3043 300246.656490000 -0.0000 0.0000 100.0000
20469.6034 312625.3515 442.3127 300246.666490000 -0.0000 0.0000 100.0000
20469.5250 312625.3376 442.3212 300246.676490000 -0.0000 0.0000 100.0000
20469.4467 312625.3238 442.3296 300246.686490000 -0.0000 0.0000 100.0000
20469.3684 312625.3100 442.3381 300246.696490000 -0.0000 0.0000 100.0000
20469.2900 312625.2962 442.3465 300246.706490000 -0.0000 0.0000 100.0000
20469.2117 312625.2824 442.3550 300246.716490000 -0.0000 0.0000 100.0000
20469.1333 312625.2686 442.3634 300246.726490000 -0.0000 0.0000 100.0000
20469.0550 312625.2548 442.3719 300246.736490000 -0.0000 0.0000 100.0000
20468.9766 312625.2410 442.3803 300246.746490000 -0.0000 0.0000 100.0000
20468.8983 312625.2271 442.3888 300246.756490000 -0.0000 0.0000 100.0000
20468.8200 312625.2133 442.3973 300246.766490000 -0.0000 0.0000 100.0000
20468.7416 312625.1995 442.4057 300246.776490000 -0.0000 0.0000 100.0000
20468.6633 312625.1857 442.4142 300246.786490000 -0.0000 0.0000 100.0000
20468.5849 312625.1719 442.4226 300246.796490000 -0.0000 0.0000 100.0000
20468.5066 312625.1581 442.4311 300246.806490000 -0.0000 0.0000 100.0000
20468.4282 312625.1443 442.4395 300246.816490000 -0.0000 0.0000 100.0000
20468.3499 312625.1304 442.4480 300246.826490000 -0.0000 0.0000 100.0000
20468.2715 312625.1166 442.4564 300246.836490000 -0.0000 0.0000 100.0000
20468.1932 312625.1028 442.4649 300246.846490000 -0.0000 0.0000 100.0000
20468.1149 312625.0890 442.4733 300246.856490000 -0.0000 0.0000 100.0000
20468.0365 312625.0752 442.4818 300246.866490000 -0.0000 0.0000 100.0000
20467.9582 312625.0614 442.4902 300246.876490000 -0.0000 0.0000 100.0000
20467.8798 312625.0476 442.4987 300246.886490000 -0.0000 0.0000 100.0000
20467.8015 312625.0337 442.5071 300246.896490000 -0.0000 0.0000 100.0000
20467.7231 312625.0199 442.5156 300246.906490000 -0.0000 0.0000 100.0000
20467.6448 312625.0061 442.5241 300246.916490000 -0.0000 0.0000 100.0000
20467.5665 312624.9923 442.5325 300246.926490000 -0.0000 0.0000 100.0000
20467.4881 312624.9785 442.5410 300246.936490000 -0.0000 0.0000 100.0000
20467.4098 312624.9647 442.5494 300246.946490000 -0.0000 0.0000 100.0000
20467.3314 312624.9509 442.5579 300246.956490000 -0.0000 0.0000 100.0000
20467.2531 312624.9370 442.5663 300246.966490000 -0.0000 0.0000 100.0000
20467.1747 312624.9232 442.5748 300246.976490000 -0.0000 0.0000 100.0000
20467.0964 312624.9094 442.5832 300246.986490000 -0.0000 0.0000 100.0000
20467.0180 312624.8956 442.5917 300246.996490000 -0.0000 0.0000 100.0000
20466.9397 312624.8818 442.6001 300247.006490000 -0.0000 0.0000 100.0000
20466.8614 312624.8680 442.6086 300247.016490000 -0.0000 0.0000 100.0000
20466.7830 312624.8542 442.6170 300247.026490000 -0.0000 0.0000 100.0000
20466.7047 312624.8403 442.6255 300247.036490000 -0.0000 0.0000 100.0000
20466.6263 312624.8265 442.6340 300247.046490000 -0.0000 0.0000 100.0000
20466.5480 312624.8127 442.6424 300247.056490000 -0.0000 0.0000 100.0000
20466.4696 312624.7989 442.6509 300247.066490000 -0.0000 0.0000 100.0000
20466.3913 312624.7851 442.6593 300247.076490000 -0.0000 0.0000 100.0000
20466.3130 312624.7713 442.6678 300247.086490000 -0.0000 0.0000 100.0000
20466.2346 312624.7575 442.6762 300247.096490000 -0.0000 0.0000 100.0000
20466.1563 312624.7436 442.6847 300247.106490000 -0.0000 0.0000 100.0000
20466.0779 312624.7298 442.6931 300247.116490000 -0.0000 0.0000 100.0000
20465.9996 312624.7160 442.7016 300247.126490000 -0.0000 0.0000 100.0000
20465.9212 312624.7022 442.7100 300247.136490000 -0.0000 0.0000 100.0000
20465.8429 312624.6884 442.7185 300247.146490000 -0.0000 0.0000 100.0000
20465.7646 312624.6746 442.7269 300247.156490000 -0.0000 0.0000 100.0000
20465.6862 312624.6608 442.7354 300247.166490000 -0.0000 0.0000 100.0000
20465.6079 312624.6469 442.7439 300247.176490000 -0.0000 0.0000 100.0000
20465.5295 312624.6331 442.7523 300247.186490000 -0.0000 0.0000 100.0000
20465.4512 312624.6193 442.7608 300247.196490000 -0.0000 0.0000 100.0000
20465.3728 312624.6055 442.7692 300247.206490000 -0.0000 0.0000 100.0000
20465.2945 312624.5917 442.7777 300247.216490000 -0.0000 0.0000 100.0000
20465.2161 312624.5779 442.7861 300247.226490000 -0.0000 0.0000 100.0000
20465.1378 312624.5641 442.7946 300247.236490000 -0.0000 0.0000 100.0000
20465.0595 312624.5502 442.8030 300247.246490000 -0.0000 0.0000 100.0000
20464.9811 312624.5364 442.8115 300247.256490000 -0.0000 0.0000 100.0000
20464.9028 312624.5226 442.8199 300247.266490000 -0.0000 0.0000 100.0000
20464.8244 312624.5088 442.8284 300247.276490000 -0.0000 0.0000 100.0000
20464.7461 312624.4950 442.8368 300247.286490000 -0.0000 0.0000 100.0000
20464.6677 312624.4812 442.8453 300247.296490000 -0.0000 0.0000 100.0000
20464.5894 312624.4674 442.8538 300247.306490000 -0.0000 0.0000 100.0000
20464.5111 312624.4535 442.8622 300247.316490000 -0.0000 0.0000 100.0000
20464.4327 312624.4397 442.8707 300247.326490000 -0.0000 0.0000 100.0000
20464.3544 312624.4259 442.8791 300247.336490000 -0.0000 0.0000 100.0000
20464.2760 312624.4121 442.8876 300247.346490000 -0.0000 0.0000 100.0000
20464.1977 312624.3983 442.8960 300247.356490000 -0.0000 0.0000 100.0000
20464.1193 312624.3845 442.9045 300247.366490000 -0.0000 0.0000 100.0000
20464.0410 312624.3707 442.9129 300247.376490000 -0.0000 0.0000 100.0000
20463.9627 312624.3568 442.9214 300247.386490000 -0.0000 0.0000 100.0000
20463.8843 312624.3430 442.9298 300247.396490000 -0.0000 0.0000 100.0000
20463.8060 312624.3292 442.9383 300247.406490000 -0.0000 0.0000 100.0000
20463.7276 312624.3154 442.9467 300247.416490000 -0.0000 0.0000 100.0000
20463.6493 312624.3016 442.9552 300247.426490000 -0.0000 0.0000 100.0000
20463.5709 312624.2878 442.9637 300247.436490000 -0.0000 0.0000 100.0000
20463.4926 312624.2740 442.9721 300247.446490000 -0.0000 0.0000 100.0000
20463.4142 312624.2602 442.9806 300247.456490000 -0.0000 0.0000 100.0000
20463.3359 312624.2463 442.9890 300247.466490000 -0.0000 0.0000 100.0000
20463.2576 312624.2325 442.9975 300247.476490000 -0.0000 0.0000 100.0000
20463.1792 312624.2187 443.0059 300247.486490000 -0.0000 0.0000 100.0000
20463.1009 312624.2049 443.0144 300247.496490000 -0.0000 0.0000 100.0000
20463.0225 312624.1911 443.0228 300247.506490000 -0.0000 0.0000 100.0000
20462.9442 312624.1773 443.0313 300247.516490000 -0.0000 0.0000 100.0000
20462.8658 312624.1635 443.0397 300247.526490000 -0.0000 0.0000 100.0000
20462.7875 312624.1496 443.0482 300247.536490000 -0.0000 0.0000 100.0000
20462.7092 312624.1358 443.0566 300247.546490000 -0.0000 0.0000 100.0000
20462.6308 312624.1220 443.0651 300247.556490000 -0.0000 0.0000 100.0000
20462.5525 312624.1082 443.0735 300247.566490000 -0.0000 0.0000 100.0000
20462.4741 312624.0944 443.0820 300247.576490000 -0.0000 0.0000 100.0000
20462.3958 312624.0806 443.0905 300247.586490000 -0.0000 0.0000 100.0000
20462.3174 312624.0668 443.0989 300247.596490000 -0.0000 0.0000 100.0000
20462.2391 312624.0529 443.1074 300247.606490000 -0.0000 0.0000 100.0000
20462.1608 312624.0391 443.1158 300247.616490000 -0.0000 0.0000 100.0000
20462.0824 312624.0253 443.1243 300247.626490000 -0.0000 0.0000 100.0000
20462.0041 312624.0115 443.1327 300247.636490000 -0.0000 0.0000 100.0000
20461.9257 312623.9977 443.1412 300247.646490000 -0.0000 0.0000 100.0000
20461.8474 312623.9839 443.1496 300247.656490000 -0.0000 0.0000 100.0000
20461.7690 312623.9701 443.1581 300247.666490000 -0.0000 0.0000 100.0000
20461.6907 312623.9562 443.1665 300247.676490000 -0.0000 0.0000 100.0000
20461.6123 312623.9424 443.1750 300247.686490000 -0.0000 0.0000 100.0000
20461.5340 312623.9286 443.1834 300247.696490000 -0.0000 0.0000 100.0000
20461.4557 312623.9148 443.1919 300247.706490000 -0.0000 0.0000 100.0000
20461.3773 312623.9010 443.2004 300247.716490000 -0.0000 0.0000 100.0000
20461.2990 312623.8872 443.2088 300247.726490000 -0.0000 0.0000 100.0000
20461.2206 312623.8734 443.2173 300247.736490000 -0.0000 0.0000 100.0000
20461.1423 312623.8595 443.2257 300247.746490000 -0.0000 0.0000 100.0000
20461.0639 312623.8457 443.2342 300247.756490000 -0.0000 0.0000 100.0000
20460.9856 312623.8319 443.2426 300247.766490000 -0.0000 0.0000 100.0000
20460.9073 312623.8181 443.2511 300247.776490000 -0.0000 0.0000 100.0000
20460.8289 312623.8043 443.2595 300247.786490000 -0.0000 0.0000 100.0000
20460.7506 312623.7905 443.2680 300247.796490000 -0.0000 0.0000 100.0000
20460.6722 312623.7767 443.2764 300247.806490000 -0.0000 0.0000 100.0000
20460.5939 312623.7628 443.2849 300247.816490000 -0.0000 0.0000 100.0000
20460.5155 312623.7490 443.2933 300247.826490000 -0.0000 0.0000 100.0000
20460.4372 312623.7352 443.3018 300247.836490000 -0.0000 0.0000 100.0000
20460.3589 312623.7214 443.3103 300247.846490000 -0.0000 0.0000 100.0000
20460.2805 312623.7076 443.3187 300247.856490000 -0.0000 0.0000 100.0000
20460.2022 312623.6938 443.3272 300247.866490000 -0.0000 0.0000 100.0000
20460.1238 312623.6800 443.3356 300247.876490000 -0.0000 0.0000 100.0000
20460.0455 312623.6661 443.3441 300247.886490000 -0.0000 0.0000 100.0000
20459.9671 312623.6523 443.3525 300247.896490000 -0.0000 0.0000 100.0000
20459.8888 312623.6385 443.3610 300247.906490000 -0.0000 0.0000 100.0000
20459.8104 312623.6247 443.3694 300247.916490000 -0.0000 0.0000 100.0000
20459.7321 312623.6109 443.3779 300247.926490000 -0.0000 0.0000 100.0000
20459.6538 312623.5971 443.3863 300247.936490000 -0.0000 0.0000 100.0000
20459.5754 312623.5833 443.3948 300247.946490000 -0.0000 0.0000 100.0000
20459.4971 312623.5694 443.4032 300247.956490000 -0.0000 0.0000 100.0000
20459.4187 312623.5556 443.4117 300247.966490000 -0.0000 0.0000 100.0000
20459.3404 312623.5418 443.4202 300247.976490000 -0.0000 0.0000 100.0000
20459.2620 312623.5280 443.4286 300247.986490000 -0.0000 0.0000 100.0000
20459.1837 312623.5142 443.4371 300247.996490000 -0.0000 0.0000 100.0000
20459.1054 312623.5004 443.4455 300248.006490000 -0.0000 0.0000 100.0000
20459.0270 312623.4866 443.4540 300248.016490000 -0.0000 0.0000 100.0000
20458.9487 312623.4727 443.4624 300248.026490000 -0.0000 0.0000 100.0000
20458.8703 312623.4589 443.4709 300248.036490000 -0.0000 0.0000 100.0000
20458.7920 312623.4451 443.4793 300248.046490000 -0.0000 0.0000 100.0000
20458.7136 312623.4313 443.4878 300248.056490000 -0.0000 0.0000 100.0000
20458.6353 312623.4175 443.4962 300248.066490000 -0.0000 0.0000 100.0000
20458.5570 312623.4037 443.5047 300248.076490000 -0.0000 0.0000 100.0000
20458.4786 312623.3899 443.5131 300248.086490000 -0.0000 0.0000 100.0000
20458.4003 312623.3760 443.5216 300248.096490000 -0.0000 0.0000 100.0000
20458.3219 312623.3622 443.5301 300248.106490000 -0.0000 0.0000 100.0000
20458.2436 312623.3484 443.5385 300248.116490000 -0.0000 0.0000 100.0000
20458.1652 312623.3346 443.5470 300248.126490000 -0.0000 0.0000 100.0000
20458.0869 312623.3208 443.5554 300248.136490000 -0.0000 0.0000 100.0000
20458.0085 312623.3070 443.5639 300248.146490000 -0.0000 0.0000 100.0000
20457.9302 312623.2932 443.5723 300248.156490000 -0.0000 0.0000 100.0000
20457.8519 312623.2794 443.5808 300248.166490000 -0.0000 0.0000 100.0000
20457.7735 312623.2655 443.5892 300248.176490000 -0.0000 0.0000 100.0000
20457.6952 312623.2517 443.5977 300248.186490000 -0.0000 0.0000 100.0000
20457.6168 312623.2379 443.6061 300248.196490000 -0.0000 0.0000 100.0000
20457.5385 312623.2241 443.6146 300248.206490000 -0.0000 0.0000 100.0000
20457.4601 312623.2103 443.6230 300248.216490000 -0.0000 0.0000 100.0000
20457.3818 312623.1965 443.6315 300248.226490000 -0.0000 0.0000 100.0000
20457.3035 312623.1827 443.6399 300248.236490000 -0.0000 0.0000 100.0000
20457.2251 312623.1688 443.6484 300248.246490000 -0.0000 0.0000 100.0000
20457.1468 312623.1550 443.6569 300248.256490000 -0.0000 0.0000 100.0000
20457.0684 312623.1412 443.6653 300248.266490000 -0.0000 0.0000 100.0000
20456.9901 312623.1274 443.6738 300248.276490000 -0.0000 0.0000 100.0000
20456.9117 312623.1136 443.6822 300248.286490000 -0.0000 0.0000 100.0000
20456.8334 312623.0998 443.6907 300248.296490000 -0.0000 0.0000 100.0000
20456.7550 312623.0860 443.6991 300248.306490000 -0.0000 0.0000 100.0000
20456.6767 312623.0721 443.7076 300248.316490000 -0.0000 0.0000 100.0000
20456.5984 312623.0583 443.7160 300248.326490000 -0.0000 0.0000 100.0000
20456.5200 312623.0445 443.7245 300248.336490000 -0.0000 0.0000 100.0000
20456.4417 312623.0307 443.7329 300248.346490000 -0.0000 0.0000 100.0000
20456.3633 312623.0169 443.7414 300248.356490000 -0.0000 0.0000 100.0000
20456.2850 312623.0031 443.7498 300248.366490000 -0.0000 0.0000 100.0000
20456.2066 312622.9893 443.7583 300248.376490000 -0.0000 0.0000 100.0000
20456.1283 312622.9754 443.7668 300248.386490000 -0.0000 0.0000 100.0000
20456.0500 312622.9616 443.7752 300248.396490000 -0.0000 0.0000 100.0000
20455.9716 312622.9478 443.7837 300248.406490000 -0.0000 0.0000 100.0000
20455.8933 312622.9340 443.7921 300248.416490000 -0.0000 0.0000 100.0000
20455.8149 312622.9202 443.8006 300248.426490000 -0.0000 0.0000 100.0000
20455.7366 312622.9064 443.8090 300248.436490000 -0.0000 0.0000 100.0000
20455.6582 312622.8926 443.8175 300248.446490000 -0.0000 0.0000 100.0000
20455.5799 312622.8787 443.8259 300248.456490000 -0.0000 0.0000 100.0000
20455.5016 312622.8649 443.8344 300248.466490000 -0.0000 0.0000 100.0000
20455.4232 312622.8511 443.8428 300248.476490000 -0.0000 0.0000 100.0000
20455.3449 312622.8373 443.8513 300248.486490000 -0.0000 0.0000 100.0000
20455.2665 312622.8235 443.8597 300248.496490000 -0.0000 0.0000 100.0000
20455.1882 312622.8097 443.8682 300248.506490000 -0.0000 0.0000 100.0000
20455.1098 312622.7959 443.8767 300248.516490000 -0.0000 0.0000 100.0000
20455.0315 312622.7820 443.8851 300248.526490000 -0.0000 0.0000 100.0000
20454.9531 312622.7682 443.8936 300248.536490000 -0.0000 0.0000 100.0000
20454.8748 312622.7544 443.9020 300248.546490000 -0.0000 0.0000 100.0000
20454.7965 312622.7406 443.9105 300248.556490000 -0.0000 0.0000 100.0000
20454.7181 312622.7268 443.9189 300248.566490000 -0.0000 0.0000 100.0000
20454.6398 312622.7130 443.9274 300248.576490000 -0.0000 0.0000 100.0000
20454.5614 312622.6992 443.9358 300248.586490000 -0.0000 0.0000 100.0000
20454.4831 312622.6853 443.9443 300248.596490000 -0.0000 0.0000 100.0000
20454.4047 312622.6715 443.9527 300248.606490000 -0.0000 0.0000 100.0000
20454.3264 312622.6577 443.9612 300248.616490000 -0.0000 0.0000 100.0000
20454.2481 312622.6439 443.9696 300248.626490000 -0.0000 0.0000 100.0000
20454.1697 312622.6301 443.9781 300248.636490000 -0.0000 0.0000 100.0000
20454.0914 312622.6163 443.9866 300248.646490000 -0.0000 0.0000 100.0000
20454.0130 312622.6025 443.9950 300248.656490000 -0.0000 0.0000 100.0000
20453.9347 312622.5886 444.0035 300248.666490000 -0.0000 0.0000 100.0000
20453.8563 312622.5748 444.0119 300248.676490000 -0.0000 0.0000 100.0000
20453.7780 312622.5610 444.0204 300248.686490000 -0.0000 0.0000 100.0000
20453.6997 312622.5472 444.0288 300248.696490000 -0.0000 0.0000 100.0000
20453.6213 312622.5334 444.0373 300248.706490000 -0.0000 0.0000 100.0000
20453.5430 312622.5196 444.0457 300248.716490000 -0.0000 0.0000 100.0000
20453.4646 312622.5058 444.0542 300248.726490000 -0.0000 0.0000 100.0000
20453.3863 312622.4919 444.0626 300248.736490000 -0.0000 0.0000 100.0000
20453.3079 312622.4781 444.0711 300248.746490000 -0.0000 0.0000 100.0000
20453.2296 312622.4643 444.0795 300248.756490000 -0.0000 0.0000 100.0000
20453.1512 312622.4505 444.0880 300248.766490000 -0.0000 0.0000 100.0000
20453.0729 312622.4367 444.0965 300248.776490000 -0.0000 0.0000 100.0000
20452.9946 312622.4229 444.1049 300248.786490000 -0.0000 0.0000 100.0000
20452.9162 312622.4091 444.1134 300248.796490000 -0.0000 0.0000 100.0000
20452.8379 312622.3952 444.1218 300248.806490000 -0.0000 0.0000 100.0000
20452.7595 312622.3814 444.1303 300248.816490000 -0.0000 0.0000 100.0000
20452.6812 312622.3676 444.1387 300248.826490000 -0.0000 0.0000 100.0000
20452.6028 312622.3538 444.1472 300248.836490000 -0.0000 0.0000 100.0000
20452.5245 312622.3400 444.1556 300248.846490000 -0.0000 0.0000 100.0000
20452.4462 312622.3262 444.1641 300248.856490000 -0.0000 0.0000 100.0000
20452.3678 312622.3124 444.1725 300248.866490000 -0.0000 0.0000 100.0000
20452.2895 312622.2986 444.1810 300248.876490000 -0.0000 0.0000 100.0000
20452.2111 312622.2847 444.1894 300248.886490000 -0.0000 0.0000 100.0000
20452.1328 312622.2709 444.1979 300248.896490000 -0.0000 0.0000 100.0000
20452.0544 312622.2571 444.2063 300248.906490000 -0.0000 0.0000 100.0000
20451.9761 312622.2433 444.2148 300248.916490000 -0.0000 0.0000 100.0000
20451.8978 312622.2295 444.2233 300248.926490000 -0.0000 0.0000 100.0000
20451.8194 312622.2157 444.2317 300248.936490000 -0.0000 0.0000 100.0000
20451.7411 312622.2019 444.2402 300248.946490000 -0.0000 0.0000 100.0000
20451.6627 312622.1880 444.2486 300248.956490000 -0.0000 0.0000 100.0000
20451.5844 312622.1742 444.2571 300248.966490000 -0.0000 0.0000 100.0000
20451.5060 312622.1604 444.2655 300248.976490000 -0.0000 0.0000 100.0000
20451.4277 312622.1466 444.2740 300248.986490000 -0.0000 0.0000 100.0000
20451.3493 312622.1328 444.2824 300248.996490000 -0.0000 0.0000 100.0000
20451.2710 312622.1190 444.2909 300249.006490000 -0.0000 0.0000 100.0000
20451.1927 312622.1052 444.2993 300249.016490000 -0.0000 0.0000 100.0000
20451.1143 312622.0913 444.3078 300249.026490000 -0.0000 0.0000 100.0000
20451.0360 312622.0775 444.3162 300249.036490000 -0.0000 0.0000 100.0000
20450.9576 312622.0637 444.3247 300249.046490000 -0.0000 0.0000 100.0000
20450.8793 312622.0499 444.3332 300249.056490000 -0.0000 0.0000 100.0000
20450.8009 312622.0361 444.3416 300249.066490000 -0.0000 0.0000 100.0000
20450.7226 312622.0223 444.3501 300249.076490000 -0.0000 0.0000 100.0000
20450.6443 312622.0085 444.3585 300249.086490000 -0.0000 0.0000 100.0000
20450.5659 312621.9946 444.3670 300249.096490000 -0.0000 0.0000 100.0000
20450.4876 312621.9808 444.3754 300249.106490000 -0.0000 0.0000 100.0000
20450.4092 312621.9670 444.3839 300249.116490000 -0.0000 0.0000 100.0000
20450.3309 312621.9532 444.3923 300249.126490000 -0.0000 0.0000 100.0000
20450.2525 312621.9394 444.4008 300249.136490000 -0.0000 0.0000 100.0000
20450.1742 312621.9256 444.4092 300249.146490000 -0.0000 0.0000 100.0000
20450.0959 312621.9118 444.4177 300249.156490000 -0.0000 0.0000 100.0000
20450.0175 312621.8979 444.4261 300249.166490000 -0.0000 0.0000 100.0000
20449.9392 312621.8841 444.4346 300249.176490000 -0.0000 0.0000 100.0000
20449.8608 312621.8703 444.4431 300249.186490000 -0.0000 0.0000 100.0000
20449.7825 312621.8565 444.4515 300249.196490000 -0.0000 0.0000 100.0000
20449.7041 312621.8427 444.4600 300249.206490000 -0.0000 0.0000 100.0000
20449.6258 312621.8289 444.4684 300249.216490000 -0.0000 0.0000 100.0000
20449.5474 312621.8151 444.4769 300249.226490000 -0.0000 0.0000 100.0000
20449.4691 312621.8012 444.4853 300249.236490000 -0.0000 0.0000 100.0000
20449.3908 312621.7874 444.4938 300249.246490000 -0.0000 0.0000 100.0000
20449.3124 312621.7736 444.5022 300249.256490000 -0.0000 0.0000 100.0000
20449.2341 312621.7598 444.5107 300249.266490000 -0.0000 0.0000 100.0000
20449.1557 312621.7460 444.5191 300249.276490000 -0.0000 0.0000 100.0000
20449.0774 312621.7322 444.5276 300249.286490000 -0.0000 0.0000 100.0000
20448.9990 312621.7184 444.5360 300249.296490000 -0.0000 0.0000 100.0000
20448.9207 312621.7045 444.5445 300249.306490000 -0.0000 0.0000 100.0000
20448.8424 312621.6907 444.5530 300249.316490000 -0.0000 0.0000 100.0000
20448.7640 312621.6769 444.5614 300249.326490000 -0.0000 0.0000 100.0000
20448.6857 312621.6631 444.5699 300249.336490000 -0.0000 0.0000 100.0000
20448.6073 312621.6493 444.5783 300249.346490000 -0.0000 0.0000 100.0000
20448.5290 312621.6355 444.5868 300249.356490000 -0.0000 0.0000 100.0000
20448.4506 312621.6217 444.5952 300249.366490000 -0.0000 0.0000 100.0000
20448.3723 312621.6078 444.6037 300249.376490000 -0.0000 0.0000 100.0000
20448.2940 312621.5940 444.6121 300249.386490000 -0.0000 0.0000 100.0000
20448.2156 312621.5802 444.6206 300249.396490000 -0.0000 0.0000 100.0000
20448.1373 312621.5664 444.6290 300249.406490000 -0.0000 0.0000 100.0000
20448.0589 312621.5526 444.6375 300249.416490000 -0.0000 0.0000 100.0000
20447.9806 312621.5388 444.6459 300249.426490000 -0.0000 0.0000 100.0000
20447.9022 312621.5250 444.6544 300249.436490000 -0.0000 0.0000 100.0000
20447.8239 312621.5111 444.6629 300249.446490000 -0.0000 0.0000 100.0000
20447.7455 312621.4973 444.6713 300249.456490000 -0.0000 0.0000 100.0000
20447.6672 312621.4835 444.6798 300249.466490000 -0.0000 0.0000 100.0000
20447.5889 312621.4697 444.6882 300249.476490000 -0.0000 0.0000 100.0000
20447.5105 312621.4559 444.6967 300249.486490000 -0.0000 0.0000 100.0000
20447.4322 312621.4421 444.7051 300249.496490000 -0.0000 0.0000 100.0000
20447.3538 312621.4283 444.7136 300249.506490000 -0.0000 0.0000 100.0000
20447.2755 312621.4144 444.7220 300249.516490000 -0.0000 0.0000 100.0000
20447.1971 312621.4006 444.7305 300249.526490000 -0.0000 0.0000 100.0000
20447.1188 312621.3868 444.7389 300249.536490000 -0.0000 0.0000 100.0000
20447.0405 312621.3730 444.7474 300249.546490000 -0.0000 0.0000 100.0000
20446.9621 312621.3592 444.7558 300249.556490000 -0.0000 0.0000 100.0000
20446.8838 312621.3454 444.7643 300249.566490000 -0.0000 0.0000 100.0000
20446.8054 312621.3316 444.7728 300249.576490000 -0.0000 0.0000 100.0000
20446.7271 312621.3178 444.7812 300249.586490000 -0.0000 0.0000 100.0000
20446.6487 312621.3039 444.7897 300249.596490000 -0.0000 0.0000 100.0000
20446.5704 312621.2901 444.7981 300249.606490000 -0.0000 0.0000 100.0000
20446.4921 312621.2763 444.8066 300249.616490000 -0.0000 0.0000 100.0000
20446.4137 312621.2625 444.8150 300249.626490000 -0.0000 0.0000 100.0000
20446.3354 312621.2487 444.8235 300249.636490000 -0.0000 0.0000 100.0000
20446.2570 312621.2349 444.8319 300249.646490000 -0.0000 0.0000 100.0000
20446.1787 312621.2211 444.8404 300249.656490000 -0.0000 0.0000 100.0000
20446.1003 312621.2072 444.8488 300249.666490000 -0.0000 0.0000 100.0000
20446.0220 312621.1934 444.8573 300249.676490000 -0.0000 0.0000 100.0000
20445.9436 312621.1796 444.8657 300249.686490000 -0.0000 0.0000 100.0000
20445.8653 312621.1658 444.8742 300249.696490000 -0.0000 0.0000 100.0000
20445.7870 312621.1520 444.8826 300249.706490000 -0.0000 0.0000 100.0000
20445.7086 312621.1382 444.8911 300249.716490000 -0.0000 0.0000 100.0000
20445.6303 312621.1244 444.8996 300249.726490000 -0.0000 0.0000 100.0000
20445.5519 312621.1105 444.9080 300249.736490000 -0.0000 0.0000 100.0000
20445.4736 312621.0967 444.9165 300249.746490000 -0.0000 0.0000 100.0000
20445.3952 312621.0829 444.9249 300249.756490000 -0.0000 0.0000 100.0000
20445.3169 312621.0691 444.9334 300249.766490000 -0.0000 0.0000 100.0000
20445.2386 312621.0553 444.9418 300249.776490000 -0.0000 0.0000 100.0000
20445.1602 312621.0415 444.9503 300249.786490000 -0.0000 0.0000 100.0000
20445.0819 312621.0277 444.9587 300249.796490000 -0.0000 0.0000 100.0000
20445.0035 312621.0138 444.9672 300249.806490000 -0.0000 0.0000 100.0000
20444.9252 312621.0000 444.9756 300249.816490000 -0.0000 0.0000 100.0000
20444.8468 312620.9862 444.9841 300249.826490000 -0.0000 0.0000 100.0000
20444.7685 312620.9724 444.9925 300249.836490000 -0.0000 0.0000 100.0000
20444.6901 312620.9586 445.0010 300249.846490000 -0.0000 0.0000 100.0000
20444.6118 312620.9448 445.0095 300249.856490000 -0.0000 0.0000 100.0000
20444.5335 312620.9310 445.0179 300249.866490000 -0.0000 0.0000 100.0000
20444.4551 312620.9171 445.0264 300249.876490000 -0.0000 0.0000 100.0000
20444.3768 312620.9033 445.0348 300249.886490000 -0.0000 0.0000 100.0000
20444.2984 312620.8895 445.0433 300249.896490000 -0.0000 0.0000 100.0000
20444.2201 312620.8757 445.0517 300249.906490000 -0.0000 0.0000 100.0000
20444.1417 312620.8619 445.0602 300249.916490000 -0.0000 0.0000 100.0000
20444.0634 312620.8481 445.0686 300249.926490000 -0.0000 0.0000 100.0000
20443.9851 312620.8343 445.0771 300249.936490000 -0.0000 0.0000 100.0000
20443.9067 312620.8204 445.0855 300249.946490000 -0.0000 0.0000 100.0000
20443.8284 312620.8066 445.0940 300249.956490000 -0.0000 0.0000 100.0000
20443.7500 312620.7928 445.1024 300249.966490000 -0.0000 0.0000 100.0000
20443.6717 312620.7790 445.1109 300249.976490000 -0.0000 0.0000 100.0000
20443.5933 312620.7652 445.1194 300249.986490000 -0.0000 0.0000 100.0000
20443.5150 312620.7514 445.1278 300249.996490000 -0.0000 0.0000 100.0000
20443.4367 312620.7376 445.1363 300250.006490000 -0.0000 0.0000 100.0000
20443.3583 312620.7237 445.1447 300250.016490000 -0.0000 0.0000 100.0000
20443.2800 312620.7099 445.1532 300250.026490000 -0.0000 0.0000 100.0000
20443.2016 312620.6961 445.1616 300250.036490000 -0.0000 0.0000 100.0000
20443.1233 312620.6823 445.1701 300250.046490000 -0.0000 0.0000 100.0000
20443.0449 312620.6685 445.1785 300250.056490000 -0.0000 0.0000 100.0000
20442.9666 312620.6547 445.1870 300250.066490000 -0.0000 0.0000 100.0000
20442.8882 312620.6409 445.1954 300250.076490000 -0.0000 0.0000 100.0000
20442.8099 312620.6270 445.2039 300250.086490000 -0.0000 0.0000 100.0000
20442.7316 312620.6132 445.2123 300250.096490000 -0.0000 0.0000 100.0000
20442.6532 312620.5994 445.2208 300250.106490000 -0.0000 0.0000 100.0000
20442.5749 312620.5856 445.2293 300250.116490000 -0.0000 0.0000 100.0000
20442.4965 312620.5718 445.2377 300250.126490000 -0.0000 0.0000 100.0000
20442.4182 312620.5580 445.2462 300250.136490000 -0.0000 0.0000 100.0000
20442.3398 312620.5442 445.2546 300250.146490000 -0.0000 0.0000 100.0000
20442.2615 312620.5303 445.2631 300250.156490000 -0.0000 0.0000 100.0000
20442.1832 312620.5165 445.2715 300250.166490000 -0.0000 0.0000 100.0000
20442.1048 312620.5027 445.2800 300250.176490000 -0.0000 0.0000 100.0000
20442.0265 312620.4889 445.2884 300250.186490000 -0.0000 0.0000 100.0000
20441.9481 312620.4751 445.2969 300250.196490000 -0.0000 0.0000 100.0000
20441.8698 312620.4613 445.3053 300250.206490000 -0.0000 0.0000 100.0000
20441.7914 312620.4475 445.3138 300250.216490000 -0.0000 0.0000 100.0000
20441.7131 312620.4336 445.3222 300250.226490000 -0.0000 0.0000 100.0000
20441.6348 312620.4198 445.3307 300250.236490000 -0.0000 0.0000 100.0000
20441.5564 312620.4060 445.3392 300250.246490000 -0.0000 0.0000 100.0000
20441.4781 312620.3922 445.3476 300250.256490000 -0.0000 0.0000 100.0000
20441.3997 312620.3784 445.3561 300250.266490000 -0.0000 0.0000 100.0000
20441.3214 312620.3646 445.3645 300250.276490000 -0.0000 0.0000 100.0000
20441.2430 312620.3508 445.3730 300250.286490000 -0.0000 0.0000 100.0000
20441.1647 312620.3370 445.3814 300250.296490000 -0.0000 0.0000 100.0000
20441.0863 312620.3231 445.3899 300250.306490000 -0.0000 0.0000 100.0000
20441.0080 312620.3093 445.3983 300250.316490000 -0.0000 0.0000 100.0000
20440.9297 312620.2955 445.4068 300250.326490000 -0.0000 0.0000 100.0000
20440.8513 312620.2817 445.4152 300250.336490000 -0.0000 0.0000 100.0000
20440.7730 312620.2679 445.4237 300250.346490000 -0.0000 0.0000 100.0000
20440.6946 312620.2541 445.4321 300250.356490000 -0.0000 0.0000 100.0000
20440.6163 312620.2403 445.4406 300250.366490000 -0.0000 0.0000 100.0000
20440.5379 312620.2264 445.4490 300250.376490000 -0.0000 0.0000 100.0000
20440.4596 312620.2126 445.4575 300250.386490000 -0.0000 0.0000 100.0000
20440.3813 312620.1988 445.4660 300250.396490000 -0.0000 0.0000 100.0000
20440.3029 312620.1850 445.4744 300250.406490000 -0.0000 0.0000 100.0000
20440.2246 312620.1712 445.4829 300250.416490000 -0.0000 0.0000 100.0000
20440.1462 312620.1574 445.4913 300250.426490000 -0.0000 0.0000 100.0000
20440.0679 312620.1436 445.4998 300250.436490000 -0.0000 0.0000 100.0000
20439.9895 312620.1297 445.5082 300250.446490000 -0.0000 0.0000 100.0000
20439.9112 312620.1159 445.5167 300250.456490000 -0.0000 0.0000 100.0000
20439.8329 312620.1021 445.5251 300250.466490000 -0.0000 0.0000 100.0000
20439.7545 312620.0883 445.5336 300250.476490000 -0.0000 0.0000 100.0000
20439.6762 312620.0745 445.5420 300250.486490000 -0.0000 0.0000 100.0000
20439.5978 312620.0607 445.5505 300250.496490000 -0.0000 0.0000 100.0000
20439.5195 312620.0469 445.5589 300250.506490000 -0.0000 0.0000 100.0000
20439.4411 312620.0330 445.5674 300250.516490000 -0.0000 0.0000 100.0000
20439.3628 312620.0192 445.5759 300250.526490000 -0.0000 0.0000 100.0000
20439.2844 312620.0054 445.5843 300250.536490000 -0.0000 0.0000 100.0000
20439.2061 312619.9916 445.5928 300250.546490000 -0.0000 0.0000 100.0000
20439.1278 312619.9778 445.6012 300250.556490000 -0.0000 0.0000 100.0000
20439.0494 312619.9640 445.6097 300250.566490000 -0.0000 0.0000 100.0000
20438.9711 312619.9502 445.6181 300250.576490000 -0.0000 0.0000 100.0000
20438.8927 312619.9363 445.6266 300250.586490000 -0.0000 0.0000 100.0000
20438.8144 312619.9225 445.6350 300250.596490000 -0.0000 0.0000 100.0000
20438.7360 312619.9087 445.6435 300250.606490000 -0.0000 0.0000 100.0000
20438.6577 312619.8949 445.6519 300250.616490000 -0.0000 0.0000 100.0000
20438.5794 312619.8811 445.6604 300250.626490000 -0.0000 0.0000 100.0000
20438.5010 312619.8673 445.6688 300250.636490000 -0.0000 0.0000 100.0000
20438.4227 312619.8535 445.6773 300250.646490000 -0.0000 0.0000 100.0000
20438.3443 312619.8396 445.6858 300250.656490000 -0.0000 0.0000 100.0000
20438.2660 312619.8258 445.6942 300250.666490000 -0.0000 0.0000 100.0000
20438.1876 312619.8120 445.7027 300250.676490000 -0.0000 0.0000 100.0000
20438.1093 312619.7982 445.7111 300250.686490000 -0.0000 0.0000 100.0000
20438.0310 312619.7844 445.7196 300250.696490000 -0.0000 0.0000 100.0000
20437.9526 312619.7706 445.7280 300250.706490000 -0.0000 0.0000 100.0000
20437.8743 312619.7568 445.7365 300250.716490000 -0.0000 0.0000 100.0000
20437.7959 312619.7429 445.7449 300250.726490000 -0.0000 0.0000 100.0000
20437.7176 312619.7291 445.7534 300250.736490000 -0.0000 0.0000 100.0000
20437.6392 312619.7153 445.7618 300250.746490000 -0.0000 0.0000 100.0000
20437.5609 312619.7015 445.7703 300250.756490000 -0.0000 0.0000 100.0000
20437.4825 312619.6877 445.7787 300250.766490000 -0.0000 0.0000 100.0000
20437.4042 312619.6739 445.7872 300250.776490000 -0.0000 0.0000 100.0000
20437.3259 312619.6601 445.7957 300250.786490000 -0.0000 0.0000 100.0000
20437.2475 312619.6462 445.8041 300250.796490000 -0.0000 0.0000 100.0000
20437.1692 312619.6324 445.8126 300250.806490000 -0.0000 0.0000 100.0000
20437.0908 312619.6186 445.8210 300250.816490000 -0.0000 0.0000 100.0000
20437.0125 312619.6048 445.8295 300250.826490000 -0.0000 0.0000 100.0000
20436.9341 312619.5910 445.8379 300250.836490000 -0.0000 0.0000 100.0000
20436.8558 312619.5772 445.8464 300250.846490000 -0.0000 0.0000 100.0000
20436.7775 312619.5634 445.8548 300250.856490000 -0.0000 0.0000 100.0000
20436.6991 312619.5495 445.8633 300250.866490000 -0.0000 0.0000 100.0000
20436.6208 312619.5357 445.8717 300250.876490000 -0.0000 0.0000 100.0000
20436.5424 312619.5219 445.8802 300250.886490000 -0.0000 0.0000 100.0000
20436.4641 312619.5081 445.8886 300250.896490000 -0.0000 0.0000 100.0000
20436.3857 312619.4943 445.8971 300250.906490000 -0.0000 0.0000 100.0000
20436.3074 312619.4805 445.9056 300250.916490000 -0.0000 0.0000 100.0000
20436.2291 312619.4667 445.9140 300250.926490000 -0.0000 0.0000 100.0000
20436.1507 312619.4528 445.9225 300250.936490000 -0.0000 0.0000 100.0000
20436.0724 312619.4390 445.9309 300250.946490000 -0.0000 0.0000 100.0000
20435.9940 312619.4252 445.9394 300250.956490000 -0.0000 0.0000 100.0000
20435.9157 312619.4114 445.9478 300250.966490000 -0.0000 0.0000 100.0000
20435.8373 312619.3976 445.9563 300250.976490000 -0.0000 0.0000 100.0000
20435.7590 312619.3838 445.9647 300250.986490000 -0.0000 0.0000 100.0000
20435.6806 312619.3700 445.9732 300250.996490000 -0.0000 0.0000 100.0000
20435.6023 312619.3562 445.9816 300251.006490000 -0.0000 0.0000 100.0000
20435.5240 312619.3423 445.9901 300251.016490000 -0.0000 0.0000 100.0000
20435.4456 312619.3285 445.9985 300251.026490000 -0.0000 0.0000 100.0000
20435.3673 312619.3147 446.0070 300251.036490000 -0.0000 0.0000 100.0000
20435.2889 312619.3009 446.0154 300251.046490000 -0.0000 0.0000 100.0000
20435.2106 312619.2871 446.0239 300251.056490000 -0.0000 0.0000 100.0000
20435.1322 312619.2733 446.0324 300251.066490000 -0.0000 0.0000 100.0000
20435.0539 312619.2595 446.0408 300251.076490000 -0.0000 0.0000 100.0000
20434.9756 312619.2456 446.0493 300251.086490000 -0.0000 0.0000 100.0000
20434.8972 312619.2318 446.0577 300251.096490000 -0.0000 0.0000 100.0000
20434.8189 312619.2180 446.0662 300251.106490000 -0.0000 0.0000 100.0000
20434.7405 312619.2042 446.0746 300251.116490000 -0.0000 0.0000 100.0000
20434.6622 312619.1904 446.0831 300251.126490000 -0.0000 0.0000 100.0000
20434.5838 312619.1766 446.0915 300251.136490000 -0.0000 0.0000 100.0000
20434.5055 312619.1628 446.1000 300251.146490000 -0.0000 0.0000 100.0000
20434.4271 312619.1489 446.1084 300251.156490000 -0.0000 0.0000 100.0000
20434.3488 312619.1351 446.1169 300251.166490000 -0.0000 0.0000 100.0000
20434.2705 312619.1213 446.1253 300251.176490000 -0.0000 0.0000 100.0000
20434.1921 312619.1075 446.1338 300251.186490000 -0.0000 0.0000 100.0000
20434.1138 312619.0937 446.1423 300251.196490000 -0.0000 0.0000 100.0000
20434.0354 312619.0799 446.1507 300251.206490000 -0.0000 0.0000 100.0000
20433.9571 312619.0661 446.1592 300251.216490000 -0.0000 0.0000 100.0000
20433.8787 312619.0522 446.1676 300251.226490000 -0.0000 0.0000 100.0000
20433.8004 312619.0384 446.1761 300251.236490000 -0.0000 0.0000 100.0000
20433.7221 312619.0246 446.1845 300251.246490000 -0.0000 0.0000 100.0000
20433.6437 312619.0108 446.1930 300251.256490000 -0.0000 0.0000 100.0000
20433.5654 312618.9970 446.2014 300251.266490000 -0.0000 0.0000 100.0000
20433.4870 312618.9832 446.2099 300251.276490000 -0.0000 0.0000 100.0000
20433.4087 312618.9694 446.2183 300251.286490000 -0.0000 0.0000 100.0000
20433.3303 312618.9555 446.2268 300251.296490000 -0.0000 0.0000 100.0000
20433.2520 312618.9417 446.2352 300251.306490000 -0.0000 0.0000 100.0000
20433.1737 312618.9279 446.2437 300251.316490000 -0.0000 0.0000 100.0000
20433.0953 312618.9141 446.2522 300251.326490000 -0.0000 0.0000 100.0000
20433.0170 312618.9003 446.2606 300251.336490000 -0.0000 0.0000 100.0000
20432.9386 312618.8865 446.2691 300251.346490000 -0.0000 0.0000 100.0000
20432.8603 312618.8727 446.2775 300251.356490000 -0.0000 0.0000 100.0000
20432.7819 312618.8588 446.2860 300251.366490000 -0.0000 0.0000 100.0000
20432.7036 312618.8450 446.2944 300251.376490000 -0.0000 0.0000 100.0000
20432.6252 312618.8312 446.3029 300251.386490000 -0.0000 0.0000 100.0000
20432.5469 312618.8174 446.3113 300251.396490000 -0.0000 0.0000 100.0000
20432.4686 312618.8036 446.3198 300251.406490000 -0.0000 0.0000 100.0000
20432.3902 312618.7898 446.3282 300251.416490000 -0.0000 0.0000 100.0000
20432.3119 312618.7760 446.3367 300251.426490000 -0.0000 0.0000 100.0000
20432.2335 312618.7621 446.3451 300251.436490000 -0.0000 0.0000 100.0000
20432.1552 312618.7483 446.3536 300251.446490000 -0.0000 0.0000 100.0000
20432.0768 312618.7345 446.3621 300251.456490000 -0.0000 0.0000 100.0000
20431.9985 312618.7207 446.3705 300251.466490000 -0.0000 0.0000 100.0000
20431.9202 312618.7069 446.3790 300251.476490000 -0.0000 0.0000 100.0000
20431.8418 312618.6931 446.3874 300251.486490000 -0.0000 0.0000 100.0000
20431.7635 312618.6793 446.3959 300251.496490000 -0.0000 0.0000 100.0000
20431.6851 312618.6654 446.4043 300251.506490000 -0.0000 0.0000 100.0000
20431.6068 312618.6516 446.4128 300251.516490000 -0.0000 0.0000 100.0000
20431.5284 312618.6378 446.4212 300251.526490000 -0.0000 0.0000 100.0000
20431.4501 312618.6240 446.4297 300251.536490000 -0.0000 0.0000 100.0000
20431.3718 312618.6102 446.4381 300251.546490000 -0.0000 0.0000 100.0000
20431.2934 312618.5964 446.4466 300251.556490000 -0.0000 0.0000 100.0000
20431.2151 312618.5826 446.4550 300251.566490000 -0.0000 0.0000 100.0000
20431.1367 312618.5687 446.4635 300251.576490000 -0.0000 0.0000 100.0000
20431.0584 312618.5549 446.4720 300251.586490000 -0.0000 0.0000 100.0000
20430.9800 312618.5411 446.4804 300251.596490000 -0.0000 0.0000 100.0000
20430.9017 312618.5273 446.4889 300251.606490000 -0.0000 0.0000 100.0000
20430.8233 312618.5135 446.4973 300251.616490000 -0.0000 0.0000 100.0000
20430.7450 312618.4997 446.5058 300251.626490000 -0.0000 0.0000 100.0000
20430.6667 312618.4859 446.5142 300251.636490000 -0.0000 0.0000 100.0000
20430.5883 312618.4720 446.5227 300251.646490000 -0.0000 0.0000 100.0000
20430.5100 312618.4582 446.5311 300251.656490000 -0.0000 0.0000 100.0000
20430.4316 312618.4444 446.5396 300251.666490000 -0.0000 0.0000 100.0000
20430.3533 312618.4306 446.5480 300251.676490000 -0.0000 0.0000 100.0000
20430.2749 312618.4168 446.5565 300251.686490000 -0.0000 0.0000 100.0000
20430.1966 312618.4030 446.5649 300251.696490000 -0.0000 0.0000 100.0000
20430.1183 312618.3892 446.5734 300251.706490000 -0.0000 0.0000 100.0000
20430.0399 312618.3754 446.5818 300251.716490000 -0.0000 0.0000 100.0000
20429.9616 312618.3615 446.5903 300251.726490000 -0.0000 0.0000 100.0000
20429.8832 312618.3477 446.5988 300251.736490000 -0.0000 0.0000 100.0000
20429.8049 312618.3339 446.6072 300251.746490000 -0.0000 0.0000 100.0000
20429.7265 312618.3201 446.6157 300251.756490000 -0.0000 0.0000 100.0000
20429.6482 312618.3063 446.6241 300251.766490000 -0.0000 0.0000 100.0000
20429.5699 312618.2925 446.6326 300251.776490000 -0.0000 0.0000 100.0000
20429.4915 312618.2787 446.6410 300251.786490000 -0.0000 0.0000 100.0000
20429.4132 312618.2648 446.6495 300251.796490000 -0.0000 0.0000 100.0000
20429.3348 312618.2510 446.6579 300251.806490000 -0.0000 0.0000 100.0000
20429.2565 312618.2372 446.6664 300251.816490000 -0.0000 0.0000 100.0000
20429.1781 312618.2234 446.6748 300251.826490000 -0.0000 0.0000 100.0000
20429.0998 312618.2096 446.6833 300251.836490000 -0.0000 0.0000 100.0000
20429.0214 312618.1958 446.6917 300251.846490000 -0.0000 0.0000 100.0000
20428.9431 312618.1820 446.7002 300251.856490000 -0.0000 0.0000 100.0000
20428.8648 312618.1681 446.7087 300251.866490000 -0.0000 0.0000 100.0000
20428.7864 312618.1543 446.7171 300251.876490000 -0.0000 0.0000 100.0000
20428.7081 312618.1405 446.7256 300251.886490000 -0.0000 0.0000 100.0000
20428.6297 312618.1267 446.7340 300251.896490000 -0.0000 0.0000 100.0000
20428.5514 312618.1129 446.7425 300251.906490000 -0.0000 0.0000 100.0000
20428.4730 312618.0991 446.7509 300251.916490000 -0.0000 0.0000 100.0000
20428.3947 312618.0853 446.7594 300251.926490000 -0.0000 0.0000 100.0000
20428.3164 312618.0714 446.7678 300251.936490000 -0.0000 0.0000 100.0000
20428.2380 312618.0576 446.7763 300251.946490000 -0.0000 0.0000 100.0000
20428.1597 312618.0438 446.7847 300251.956490000 -0.0000 0.0000 100.0000
20428.0813 312618.0300 446.7932 300251.966490000 -0.0000 0.0000 100.0000
20428.0030 312618.0162 446.8016 300251.976490000 -0.0000 0.0000 100.0000
20427.9246 312618.0024 446.8101 300251.986490000 -0.0000 0.0000 100.0000
20427.8463 312617.9886 446.8186 300251.996490000 -0.0000 0.0000 100.0000
20427.7680 312617.9747 446.8270 300252.006490000 -0.0000 0.0000 100.0000
20427.6896 312617.9609 446.8355 300252.016490000 -0.0000 0.0000 100.0000
20427.6113 312617.9471 446.8439 300252.026490000 -0.0000 0.0000 100.0000
20427.5329 312617.9333 446.8524 300252.036490000 -0.0000 0.0000 100.0000
20427.4546 312617.9195 446.8608 300252.046490000 -0.0000 0.0000 100.0000
20427.3762 312617.9057 446.8693 300252.056490000 -0.0000 0.0000 100.0000
20427.2979 312617.8919 446.8777 300252.066490000 -0.0000 0.0000 100.0000
20427.2195 312617.8780 446.8862 300252.076490000 -0.0000 0.0000 100.0000
20427.1412 312617.8642 446.8946 300252.086490000 -0.0000 0.0000 100.0000
20427.0629 312617.8504 446.9031 300252.096490000 -0.0000 0.0000 100.0000
20426.9845 312617.8366 446.9115 300252.106490000 -0.0000 0.0000 100.0000
20426.9062 312617.8228 446.9200 300252.116490000 -0.0000 0.0000 100.0000
20426.8278 312617.8090 446.9285 300252.126490000 -0.0000 0.0000 100.0000
20426.7495 312617.7952 446.9369 300252.136490000 -0.0000 0.0000 100.0000
20426.6711 312617.7813 446.9454 300252.146490000 -0.0000 0.0000 100.0000
20426.5928 312617.7675 446.9538 300252.156490000 -0.0000 0.0000 100.0000
20426.5145 312617.7537 446.9623 300252.166490000 -0.0000 0.0000 100.0000
20426.4361 312617.7399 446.9707 300252.176490000 -0.0000 0.0000 100.0000
20426.3578 312617.7261 446.9792 300252.186490000 -0.0000 0.0000 100.0000
20426.2794 312617.7123 446.9876 300252.196490000 -0.0000 0.0000 100.0000
20426.2011 312617.6985 446.9961 300252.206490000 -0.0000 0.0000 100.0000
20426.1227 312617.6846 447.0045 300252.216490000 -0.0000 0.0000 100.0000
20426.0444 312617.6708 447.0130 300252.226490000 -0.0000 0.0000 100.0000
20425.9661 312617.6570 447.0214 300252.236490000 -0.0000 0.0000 100.0000
20425.8877 312617.6432 447.0299 300252.246490000 -0.0000 0.0000 100.0000
20425.8094 312617.6294 447.0384 300252.256490000 -0.0000 0.0000 100.0000
20425.7310 312617.6156 447.0468 300252.266490000 -0.0000 0.0000 100.0000
20425.6527 312617.6018 447.0553 300252.276490000 -0.0000 0.0000 100.0000
20425.5743 312617.5879 447.0637 300252.286490000 -0.0000 0.0000 100.0000
20425.4960 312617.5741 447.0722 300252.296490000 -0.0000 0.0000 100.0000
20425.4176 312617.5603 447.0806 300252.306490000 -0.0000 0.0000 100.0000
20425.3393 312617.5465 447.0891 300252.316490000 -0.0000 0.0000 100.0000
20425.2610 312617.5327 447.0975 300252.326490000 -0.0000 0.0000 100.0000
20425.1826 312617.5189 447.1060 300252.336490000 -0.0000 0.0000 100.0000
20425.1043 312617.5051 447.1144 300252.346490000 -0.0000 0.0000 100.0000
20425.0259 312617.4912 447.1229 300252.356490000 -0.0000 0.0000 100.0000
20424.9476 312617.4774 447.1313 300252.366490000 -0.0000 0.0000 100.0000
20424.8692 312617.4636 447.1398 300252.376490000 -0.0000 0.0000 100.0000
20424.7909 312617.4498 447.1482 300252.386490000 -0.0000 0.0000 100.0000
20424.7126 312617.4360 447.1567 300252.396490000 -0.0000 0.0000 100.0000
20424.6342 312617.4222 447.1652 300252.406490000 -0.0000 0.0000 100.0000
20424.5559 312617.4084 447.1736 300252.416490000 -0.0000 0.0000 100.0000
20424.4775 312617.3946 447.1821 300252.426490000 -0.0000 0.0000 100.0000
20424.3992 312617.3807 447.1905 300252.436490000 -0.0000 0.0000 100.0000
20424.3208 312617.3669 447.1990 300252.446490000 -0.0000 0.0000 100.0000
20424.2425 312617.3531 447.2074 300252.456490000 -0.0000 0.0000 100.0000
20424.1642 312617.3393 447.2159 300252.466490000 -0.0000 0.0000 100.0000
20424.0858 312617.3255 447.2243 300252.476490000 -0.0000 0.0000 100.0000
20424.0075 312617.3117 447.2328 300252.486490000 -0.0000 0.0000 100.0000
20423.9291 312617.2979 447.2412 300252.496490000 -0.0000 0.0000 100.0000
20423.8508 312617.2840 447.2497 300252.506490000 -0.0000 0.0000 100.0000
20423.7724 312617.2702 447.2581 300252.516490000 -0.0000 0.0000 100.0000
20423.6941 312617.2564 447.2666 300252.526490000 -0.0000 0.0000 100.0000
20423.6157 312617.2426 447.2751 300252.536490000 -0.0000 0.0000 100.0000
20423.5374 312617.2288 447.2835 300252.546490000 -0.0000 0.0000 100.0000
20423.4591 312617.2150 447.2920 300252.556490000 -0.0000 0.0000 100.0000
20423.3807 312617.2012 447.3004 300252.566490000 -0.0000 0.0000 100.0000
20423.3024 312617.1873 447.3089 300252.576490000 -0.0000 0.0000 100.0000
20423.2240 312617.1735 447.3173 300252.586490000 -0.0000 0.0000 100.0000
20423.1457 312617.1597 447.3258 300252.596490000 -0.0000 0.0000 100.0000
20423.0673 312617.1459 447.3342 300252.606490000 -0.0000 0.0000 100.0000
20422.9890 312617.1321 447.3427 300252.616490000 -0.0000 0.0000 100.0000
20422.9107 312617.1183 447.3511 300252.626490000 -0.0000 0.0000 100.0000
20422.8323 312617.1045 447.3596 300252.636490000 -0.0000 0.0000 100.0000
20422.7540 312617.0906 447.3680 300252.646490000 -0.0000 0.0000 100.0000
20422.6756 312617.0768 447.3765 300252.656490000 -0.0000 0.0000 100.0000
20422.5973 312617.0630 447.3850 300252.666490000 -0.0000 0.0000 100.0000
20422.5189 312617.0492 447.3934 300252.676490000 -0.0000 0.0000 100.0000
20422.4406 312617.0354 447.4019 300252.686490000 -0.0000 0.0000 100.0000
20422.3622 312617.0216 447.4103 300252.696490000 -0.0000 0.0000 100.0000
20422.2839 312617.0078 447.4188 300252.706490000 -0.0000 0.0000 100.0000
20422.2056 312616.9939 447.4272 300252.716490000 -0.0000 0.0000 100.0000
20422.1272 312616.9801 447.4357 300252.726490000 -0.0000 0.0000 100.0000
20422.0489 312616.9663 447.4441 300252.736490000 -0.0000 0.0000 100.0000
20421.9705 312616.9525 447.4526 300252.746490000 -0.0000 0.0000 100.0000
20421.8922 312616.9387 447.4610 300252.756490000 -0.0000 0.0000 100.0000
20421.8138 312616.9249 447.4695 300252.766490000 -0.0000 0.0000 100.0000
20421.7355 312616.9111 447.4779 300252.776490000 -0.0000 0.0000 100.0000
20421.6572 312616.8972 447.4864 300252.786490000 -0.0000 0.0000 100.0000
20421.5788 312616.8834 447.4949 300252.796490000 -0.0000 0.0000 100.0000
20421.5005 312616.8696 447.5033 300252.806490000 -0.0000 0.0000 100.0000
20421.4221 312616.8558 447.5118 300252.816490000 -0.0000 0.0000 100.0000
20421.3438 312616.8420 447.5202 300252.826490000 -0.0000 0.0000 100.0000
20421.2654 312616.8282 447.5287 300252.836490000 -0.0000 0.0000 100.0000
20421.1871 312616.8144 447.5371 300252.846490000 -0.0000 0.0000 100.0000
20421.1088 312616.8005 447.5456 300252.856490000 -0.0000 0.0000 100.0000
20421.0304 312616.7867 447.5540 300252.866490000 -0.0000 0.0000 100.0000
20420.9521 312616.7729 447.5625 300252.876490000 -0.0000 0.0000 100.0000
20420.8737 312616.7591 447.5709 300252.886490000 -0.0000 0.0000 100.0000
20420.7954 312616.7453 447.5794 300252.896490000 -0.0000 0.0000 100.0000
20420.7170 312616.7315 447.5878 300252.906490000 -0.0000 0.0000 100.0000
20420.6387 312616.7177 447.5963 300252.916490000 -0.0000 0.0000 100.0000
20420.5603 312616.7038 447.6048 300252.926490000 -0.0000 0.0000 100.0000
20420.4820 312616.6900 447.6132 300252.936490000 -0.0000 0.0000 100.0000
20420.4037 312616.6762 447.6217 300252.946490000 -0.0000 0.0000 100.0000
20420.3253 312616.6624 447.6301 300252.956490000 -0.0000 0.0000 100.0000
20420.2470 312616.6486 447.6386 300252.966490000 -0.0000 0.0000 100.0000
20420.1686 312616.6348 447.6470 300252.976490000 -0.0000 0.0000 100.0000
20420.0903 312616.6210 447.6555 300252.986490000 -0.0000 0.0000 100.0000
20420.0119 312616.6071 447.6639 300252.996490000 -0.0000 0.0000 100.0000
20419.9336 312616.5933 447.6724 300253.006490000 -0.0000 0.0000 100.0000
20419.8553 312616.5795 447.6808 300253.016490000 -0.0000 0.0000 100.0000
20419.7769 312616.5657 447.6893 300253.026490000 -0.0000 0.0000 100.0000
20419.6986 312616.5519 447.6977 300253.036490000 -0.0000 0.0000 100.0000
20419.6202 312616.5381 447.7062 300253.046490000 -0.0000 0.0000 100.0000
20419.5419 312616.5243 447.7147 300253.056490000 -0.0000 0.0000 100.0000
20419.4635 312616.5104 447.7231 300253.066490000 -0.0000 0.0000 100.0000
20419.3852 312616.4966 447.7316 300253.076490000 -0.0000 0.0000 100.0000
20419.3069 312616.4828 447.7400 300253.086490000 -0.0000 0.0000 100.0000
20419.2285 312616.4690 447.7485 300253.096490000 -0.0000 0.0000 100.0000
20419.1502 312616.4552 447.7569 300253.106490000 -0.0000 0.0000 100.0000
20419.0718 312616.4414 447.7654 300253.116490000 -0.0000 0.0000 100.0000
20418.9935 312616.4276 447.7738 300253.126490000 -0.0000 0.0000 100.0000
20418.9151 312616.4138 447.7823 300253.136490000 -0.0000 0.0000 100.0000
20418.8368 312616.3999 447.7907 300253.146490000 -0.0000 0.0000 100.0000
20418.7584 312616.3861 447.7992 300253.156490000 -0.0000 0.0000 100.0000
20418.6801 312616.3723 447.8076 300253.166490000 -0.0000 0.0000 100.0000
20418.6018 312616.3585 447.8161 300253.176490000 -0.0000 0.0000 100.0000
20418.5234 312616.3447 447.8245 300253.186490000 -0.0000 0.0000 100.0000
20418.4451 312616.3309 447.8330 300253.196490000 -0.0000 0.0000 100.0000
20418.3667 312616.3171 447.8415 300253.206490000 -0.0000 0.0000 100.0000
20418.2884 312616.3032 447.8499 300253.216490000 -0.0000 0.0000 100.0000
20418.2100 312616.2894 447.8584 300253.226490000 -0.0000 0.0000 100.0000
20418.1317 312616.2756 447.8668 300253.236490000 -0.0000 0.0000 100.0000
20418.0534 312616.2618 447.8753 300253.246490000 -0.0000 0.0000 100.0000
20417.9750 312616.2480 447.8837 300253.256490000 -0.0000 0.0000 100.0000
20417.8967 312616.2342 447.8922 300253.266490000 -0.0000 0.0000 100.0000
20417.8183 312616.2204 447.9006 300253.276490000 -0.0000 0.0000 100.0000
20417.7400 312616.2065 447.9091 300253.286490000 -0.0000 0.0000 100.0000
20417.6616 312616.1927 447.9175 300253.296490000 -0.0000 0.0000 100.0000
20417.5833 312616.1789 447.9260 300253.306490000 -0.0000 0.0000 100.0000
20417.5050 312616.1651 447.9344 300253.316490000 -0.0000 0.0000 100.0000
20417.4266 312616.1513 447.9429 300253.326490000 -0.0000 0.0000 100.0000
20417.3483 312616.1375 447.9514 300253.336490000 -0.0000 0.0000 100.0000
20417.2699 312616.1237 447.9598 300253.346490000 -0.0000 0.0000 100.0000
20417.1916 312616.1098 447.9683 300253.356490000 -0.0000 0.0000 100.0000
20417.1132 312616.0960 447.9767 300253.366490000 -0.0000 0.0000 100.0000
20417.0349 312616.0822 447.9852 300253.376490000 -0.0000 0.0000 100.0000
20416.9565 312616.0684 447.9936 300253.386490000 -0.0000 0.0000 100.0000
20416.8782 312616.0546 448.0021 300253.396490000 -0.0000 0.0000 100.0000
20416.7999 312616.0408 448.0105 300253.406490000 -0.0000 0.0000 100.0000
20416.7215 312616.0270 448.0190 300253.416490000 -0.0000 0.0000 100.0000
20416.6432 312616.0131 448.0274 300253.426490000 -0.0000 0.0000 100.0000
20416.5648 312615.9993 448.0359 300253.436490000 -0.0000 0.0000 100.0000
20416.4865 312615.9855 448.0443 300253.446490000 -0.0000 0.0000 100.0000
20416.4081 312615.9717 448.0528 300253.456490000 -0.0000 0.0000 100.0000
20416.3298 312615.9579 448.0613 300253.466490000 -0.0000 0.0000 100.0000
20416.2515 312615.9441 448.0697 300253.476490000 -0.0000 0.0000 100.0000
20416.1731 312615.9303 448.0782 300253.486490000 -0.0000 0.0000 100.0000
20416.0948 312615.9164 448.0866 300253.496490000 -0.0000 0.0000 100.0000
20416.0164 312615.9026 448.0951 300253.506490000 -0.0000 0.0000 100.0000
20415.9381 312615.8888 448.1035 300253.516490000 -0.0000 0.0000 100.0000
20415.8597 312615.8750 448.1120 300253.526490000 -0.0000 0.0000 100.0000
20415.7814 312615.8612 448.1204 300253.536490000 -0.0000 0.0000 100.0000
20415.7031 312615.8474 448.1289 300253.546490000 -0.0000 0.0000 100.0000
20415.6247 312615.8336 448.1373 300253.556490000 -0.0000 0.0000 100.0000
20415.5464 312615.8197 448.1458 300253.566490000 -0.0000 0.0000 100.0000
20415.4680 312615.8059 448.1542 300253.576490000 -0.0000 0.0000 100.0000
20415.3897 312615.7921 448.1627 300253.586490000 -0.0000 0.0000 100.0000
20415.3113 312615.7783 448.1712 300253.596490000 -0.0000 0.0000 100.0000
20415.2330 312615.7645 448.1796 300253.606490000 -0.0000 0.0000 100.0000
20415.1546 312615.7507 448.1881 300253.616490000 -0.0000 0.0000 100.0000
20415.0763 312615.7369 448.1965 300253.626490000 -0.0000 0.0000 100.0000
20414.9980 312615.7230 448.2050 300253.636490000 -0.0000 0.0000 100.0000
20414.9196 312615.7092 448.2134 300253.646490000 -0.0000 0.0000 100.0000
20414.8413 312615.6954 448.2219 300253.656490000 -0.0000 0.0000 100.0000
20414.7629 312615.6816 448.2303 300253.666490000 -0.0000 0.0000 100.0000
20414.6846 312615.6678 448.2388 300253.676490000 -0.0000 0.0000 100.0000
20414.6062 312615.6540 448.2472 300253.686490000 -0.0000 0.0000 100.0000
20414.5279 312615.6402 448.2557 300253.696490000 -0.0000 0.0000 100.0000
20414.4496 312615.6263 448.2641 300253.706490000 -0.0000 0.0000 100.0000
20414.3712 312615.6125 448.2726 300253.716490000 -0.0000 0.0000 100.0000
20414.2929 312615.5987 448.2811 300253.726490000 -0.0000 0.0000 100.0000
20414.2145 312615.5849 448.2895 300253.736490000 -0.0000 0.0000 100.0000
20414.1362 312615.5711 448.2980 300253.746490000 -0.0000 0.0000 100.0000
20414.0578 312615.5573 448.3064 300253.756490000 -0.0000 0.0000 100.0000
20413.9795 312615.5435 448.3149 300253.766490000 -0.0000 0.0000 100.0000
20413.9012 312615.5296 448.3233 300253.776490000 -0.0000 0.0000 100.0000
20413.8228 312615.5158 448.3318 300253.786490000 -0.0000 0.0000 100.0000
20413.7445 312615.5020 448.3402 300253.796490000 -0.0000 0.0000 100.0000
20413.6661 312615.4882 448.3487 300253.806490000 -0.0000 0.0000 100.0000
20413.5878 312615.4744 448.3571 300253.816490000 -0.0000 0.0000 100.0000
20413.5094 312615.4606 448.3656 300253.826490000 -0.0000 0.0000 100.0000
20413.4311 312615.4468 448.3740 300253.836490000 -0.0000 0.0000 100.0000
20413.3527 312615.4330 448.3825 300253.846490000 -0.0000 0.0000 100.0000
20413.2744 312615.4191 448.3909 300253.856490000 -0.0000 0.0000 100.0000
20413.1961 312615.4053 448.3994 300253.866490000 -0.0000 0.0000 100.0000
20413.1177 312615.3915 448.4079 300253.876490000 -0.0000 0.0000 100.0000
20413.0394 312615.3777 448.4163 300253.886490000 -0.0000 0.0000 100.0000
20412.9610 312615.3639 448.4248 300253.896490000 -0.0000 0.0000 100.0000
20412.8827 312615.3501 448.4332 300253.906490000 -0.0000 0.0000 100.0000
20412.8043 312615.3363 448.4417 300253.916490000 -0.0000 0.0000 100.0000
20412.7260 312615.3224 448.4501 300253.926490000 -0.0000 0.0000 100.0000
20412.6477 312615.3086 448.4586 300253.936490000 -0.0000 0.0000 100.0000
20412.5693 312615.2948 448.4670 300253.946490000 -0.0000 0.0000 100.0000
20412.4910 312615.2810 448.4755 300253.956490000 -0.0000 0.0000 100.0000
20412.4126 312615.2672 448.4839 300253.966490000 -0.0000 0.0000 100.0000
20412.3343 312615.2534 448.4924 300253.976490000 -0.0000 0.0000 100.0000
20412.2559 312615.2396 448.5008 300253.986490000 -0.0000 0.0000 100.0000
20412.1776 312615.2257 448.5093 300253.996490000 -0.0000 0.0000 100.0000
20412.0992 312615.2119 448.5178 300254.006490000 -0.0000 0.0000 100.0000
20412.0209 312615.1981 448.5262 300254.016490000 -0.0000 0.0000 100.0000
20411.9426 312615.1843 448.5347 300254.026490000 -0.0000 0.0000 100.0000
20411.8642 312615.1705 448.5431 300254.036490000 -0.0000 0.0000 100.0000
20411.7859 312615.1567 448.5516 300254.046490000 -0.0000 0.0000 100.0000
20411.7075 312615.1429 448.5600 300254.056490000 -0.0000 0.0000 100.0000
20411.6292 312615.1290 448.5685 300254.066490000 -0.0000 0.0000 100.0000
20411.5508 312615.1152 448.5769 300254.076490000 -0.0000 0.0000 100.0000
20411.4725 312615.1014 448.5854 300254.086490000 -0.0000 0.0000 100.0000
20411.3942 312615.0876 448.5938 300254.096490000 -0.0000 0.0000 100.0000
20411.3158 312615.0738 448.6023 300254.106490000 -0.0000 0.0000 100.0000
20411.2375 312615.0600 448.6107 300254.116490000 -0.0000 0.0000 100.0000
20411.1591 312615.0462 448.6192 300254.126490000 -0.0000 0.0000 100.0000
20411.0808 312615.0323 448.6277 300254.136490000 -0.0000 0.0000 100.0000
20411.0024 312615.0185 448.6361 300254.146490000 -0.0000 0.0000 100.0000
20410.9241 312615.0047 448.6446 300254.156490000 -0.0000 0.0000 100.0000
20410.8458 312614.9909 448.6530 300254.166490000 -0.0000 0.0000 100.0000
20410.7674 312614.9771 448.6615 300254.176490000 -0.0000 0.0000 100.0000
20410.6891 312614.9633 448.6699 300254.186490000 -0.0000 0.0000 100.0000
20410.6107 312614.9495 448.6784 300254.196490000 -0.0000 0.0000 100.0000
20410.5324 312614.9356 448.6868 300254.206490000 -0.0000 0.0000 100.0000
20410.4540 312614.9218 448.6953 300254.216490000 -0.0000 0.0000 100.0000
20410.3757 312614.9080 448.7037 300254.226490000 -0.0000 0.0000 100.0000
20410.2973 312614.8942 448.7122 300254.236490000 -0.0000 0.0000 100.0000
20410.2190 312614.8804 448.7206 300254.246490000 -0.0000 0.0000 100.0000
20410.1407 312614.8666 448.7291 300254.256490000 -0.0000 0.0000 100.0000
20410.0623 312614.8528 448.7376 300254.266490000 -0.0000 0.0000 100.0000
20409.9840 312614.8389 448.7460 300254.276490000 -0.0000 0.0000 100.0000
20409.9056 312614.8251 448.7545 300254.286490000 -0.0000 0.0000 100.0000
20409.8273 312614.8113 448.7629 300254.296490000 -0.0000 0.0000 100.0000
20409.7489 312614.7975 448.7714 300254.306490000 -0.0000 0.0000 100.0000
20409.6706 312614.7837 448.7798 300254.316490000 -0.0000 0.0000 100.0000
20409.5923 312614.7699 448.7883 300254.326490000 -0.0000 0.0000 100.0000
20409.5139 312614.7561 448.7967 300254.336490000 -0.0000 0.0000 100.0000
20409.4356 312614.7422 448.8052 300254.346490000 -0.0000 0.0000 100.0000
20409.3572 312614.7284 448.8136 300254.356490000 -0.0000 0.0000 100.0000
20409.2789 312614.7146 448.8221 300254.366490000 -0.0000 0.0000 100.0000
20409.2005 312614.7008 448.8305 300254.376490000 -0.0000 0.0000 100.0000
20409.1222 312614.6870 448.8390 300254.386490000 -0.0000 0.0000 100.0000
20409.0439 312614.6732 448.8475 300254.396490000 -0.0000 0.0000 100.0000
20408.9655 312614.6594 448.8559 300254.406490000 -0.0000 0.0000 100.0000
20408.8872 312614.6455 448.8644 300254.416490000 -0.0000 0.0000 100.0000
20408.8088 312614.6317 448.8728 300254.426490000 -0.0000 0.0000 100.0000
20408.7305 312614.6179 448.8813 300254.436490000 -0.0000 0.0000 100.0000
20408.6521 312614.6041 448.8897 300254.446490000 -0.0000 0.0000 100.0000
20408.5738 312614.5903 448.8982 300254.456490000 -0.0000 0.0000 100.0000
20408.4954 312614.5765 448.9066 300254.466490000 -0.0000 0.0000 100.0000
20408.4171 312614.5627 448.9151 300254.476490000 -0.0000 0.0000 100.0000
20408.3388 312614.5488 448.9235 300254.486490000 -0.0000 0.0000 100.0000
20408.2604 312614.5350 448.9320 300254.496490000 -0.0000 0.0000 100.0000
20408.1821 312614.5212 448.9404 300254.506490000 -0.0000 0.0000 100.0000
20408.1037 312614.5074 448.9489 300254.516490000 -0.0000 0.0000 100.0000
20408.0254 312614.4936 448.9573 300254.526490000 -0.0000 0.0000 100.0000
20407.9470 312614.4798 448.9658 300254.536490000 -0.0000 0.0000 100.0000
20407.8687 312614.4660 448.9743 300254.546490000 -0.0000 0.0000 100.0000
20407.7904 312614.4522 448.9827 300254.556490000 -0.0000 0.0000 100.0000
20407.7120 312614.4383 448.9912 300254.566490000 -0.0000 0.0000 100.0000
20407.6337 312614.4245 448.9996 300254.576490000 -0.0000 0.0000 100.0000
20407.5553 312614.4107 449.0081 300254.586490000 -0.0000 0.0000 100.0000
20407.4770 312614.3969 449.0165 300254.596490000 -0.0000 0.0000 100.0000
20407.3986 312614.3831 449.0250 300254.606490000 -0.0000 0.0000 100.0000
20407.3203 312614.3693 449.0334 300254.616490000 -0.0000 0.0000 100.0000
20407.2420 312614.3555 449.0419 300254.626490000 -0.0000 0.0000 100.0000
20407.1636 312614.3416 449.0503 300254.636490000 -0.0000 0.0000 100.0000
20407.0853 312614.3278 449.0588 300254.646490000 -0.0000 0.0000 100.0000
20407.0069 312614.3140 449.0672 300254.656490000 -0.0000 0.0000 100.0000
20406.9286 312614.3002 449.0757 300254.666490000 -0.0000 0.0000 100.0000
20406.8502 312614.2864 449.0842 300254.676490000 -0.0000 0.0000 100.0000
20406.7719 312614.2726 449.0926 300254.686490000 -0.0000 0.0000 100.0000
20406.6935 312614.2588 449.1011 300254.696490000 -0.0000 0.0000 100.0000
20406.6152 312614.2449 449.1095 300254.706490000 -0.0000 0.0000 100.0000
20406.5369 312614.2311 449.1180 300254.716490000 -0.0000 0.0000 100.0000
20406.4585 312614.2173 449.1264 300254.726490000 -0.0000 0.0000 100.0000
20406.3802 312614.2035 449.1349 300254.736490000 -0.0000 0.0000 100.0000
20406.3018 312614.1897 449.1433 300254.746490000 -0.0000 0.0000 100.0000
20406.2235 312614.1759 449.1518 300254.756490000 -0.0000 0.0000 100.0000
20406.1451 312614.1621 449.1602 300254.766490000 -0.0000 0.0000 100.0000
20406.0668 312614.1482 449.1687 300254.776490000 -0.0000 0.0000 100.0000
20405.9885 312614.1344 449.1771 300254.786490000 -0.0000 0.0000 100.0000
20405.9101 312614.1206 449.1856 300254.796490000 -0.0000 0.0000 100.0000
20405.8318 312614.1068 449.1941 300254.806490000 -0.0000 0.0000 100.0000
20405.7534 312614.0930 449.2025 300254.816490000 -0.0000 0.0000 100.0000
20405.6751 312614.0792 449.2110 300254.826490000 -0.0000 0.0000 100.0000
20405.5967 312614.0654 449.2194 300254.836490000 -0.0000 0.0000 100.0000
20405.5184 312614.0515 449.2279 300254.846490000 -0.0000 0.0000 100.0000
20405.4401 312614.0377 449.2363 300254.856490000 -0.0000 0.0000 100.0000
20405.3617 312614.0239 449.2448 300254.866490000 -0.0000 0.0000 100.0000
20405.2834 312614.0101 449.2532 300254.876490000 -0.0000 0.0000 100.0000
20405.2050 312613.9963 449.2617 300254.886490000 -0.0000 0.0000 100.0000
20405.1267 312613.9825 449.2701 300254.896490000 -0.0000 0.0000 100.0000
20405.0483 312613.9687 449.2786 300254.906490000 -0.0000 0.0000 100.0000
20404.9700 312613.9548 449.2870 300254.916490000 -0.0000 0.0000 100.0000
20404.8916 312613.9410 449.2955 300254.926490000 -0.0000 0.0000 100.0000
20404.8133 312613.9272 449.3040 300254.936490000 -0.0000 0.0000 100.0000
20404.7350 312613.9134 449.3124 300254.946490000 -0.0000 0.0000 100.0000
20404.6566 312613.8996 449.3209 300254.956490000 -0.0000 0.0000 100.0000
20404.5783 312613.8858 449.3293 300254.966490000 -0.0000 0.0000 100.0000
20404.4999 312613.8720 449.3378 300254.976490000 -0.0000 0.0000 100.0000
20404.4216 312613.8581 449.3462 300254.986490000 -0.0000 0.0000 100.0000
20404.3432 312613.8443 449.3547 300254.996490000 -0.0000 0.0000 100.0000
20404.2649 312613.8305 449.3631 300255.006490000 -0.0000 0.0000 100.0000
20404.1866 312613.8167 449.3716 300255.016490000 -0.0000 0.0000 100.0000
20404.1082 312613.8029 449.3800 300255.026490000 -0.0000 0.0000 100.0000
20404.0299 312613.7891 449.3885 300255.036490000 -0.0000 0.0000 100.0000
20403.9515 312613.7753 449.3969 300255.046490000 -0.0000 0.0000 100.0000
20403.8732 312613.7614 449.4054 300255.056490000 -0.0000 0.0000 100.0000
20403.7948 312613.7476 449.4139 300255.066490000 -0.0000 0.0000 100.0000
20403.7165 312613.7338 449.4223 300255.076490000 -0.0000 0.0000 100.0000
20403.6382 312613.7200 449.4308 300255.086490000 -0.0000 0.0000 100.0000
20403.5598 312613.7062 449.4392 300255.096490000 -0.0000 0.0000 100.0000
20403.4815 312613.6924 449.4477 300255.106490000 -0.0000 0.0000 100.0000
20403.4031 312613.6786 449.4561 300255.116490000 -0.0000 0.0000 100.0000
20403.3248 312613.6647 449.4646 300255.126490000 -0.0000 0.0000 100.0000
20403.2464 312613.6509 449.4730 300255.136490000 -0.0000 0.0000 100.0000
20403.1681 312613.6371 449.4815 300255.146490000 -0.0000 0.0000 100.0000
20403.0897 312613.6233 449.4899 300255.156490000 -0.0000 0.0000 100.0000
20403.0114 312613.6095 449.4984 300255.166490000 -0.0000 0.0000 100.0000
20402.9331 312613.5957 449.5068 300255.176490000 -0.0000 0.0000 100.0000
20402.8547 312613.5819 449.5153 300255.186490000 -0.0000 0.0000 100.0000
20402.7764 312613.5680 449.5237 300255.196490000 -0.0000 0.0000 100.0000
20402.6980 312613.5542 449.5322 300255.206490000 -0.0000 0.0000 100.0000
20402.6197 312613.5404 449.5407 300255.216490000 -0.0000 0.0000 100.0000
20402.5413 312613.5266 449.5491 300255.226490000 -0.0000 0.0000 100.0000
20402.4630 312613.5128 449.5576 300255.236490000 -0.0000 0.0000 100.0000
20402.3847 312613.4990 449.5660 300255.246490000 -0.0000 0.0000 100.0000
20402.3063 312613.4852 449.5745 300255.256490000 -0.0000 0.0000 100.0000
20402.2280 312613.4714 449.5829 300255.266490000 -0.0000 0.0000 100.0000
20402.1496 312613.4575 449.5914 300255.276490000 -0.0000 0.0000 100.0000
20402.0713 312613.4437 449.5998 300255.286490000 -0.0000 0.0000 100.0000
20401.9929 312613.4299 449.6083 300255.296490000 -0.0000 0.0000 100.0000
20401.9146 312613.4161 449.6167 300255.306490000 -0.0000 0.0000 100.0000
20401.8363 312613.4023 449.6252 300255.316490000 -0.0000 0.0000 100.0000
20401.7579 312613.3885 449.6336 300255.326490000 -0.0000 0.0000 100.0000
20401.6796 312613.3747 449.6421 300255.336490000 -0.0000 0.0000 100.0000
20401.6012 312613.3608 449.6506 300255.346490000 -0.0000 0.0000 100.0000
20401.5229 312613.3470 449.6590 300255.356490000 -0.0000 0.0000 100.0000
20401.4445 312613.3332 449.6675 300255.366490000 -0.0000 0.0000 100.0000
20401.3662 312613.3194 449.6759 300255.376490000 -0.0000 0.0000 100.0000
20401.2878 312613.3056 449.6844 300255.386490000 -0.0000 0.0000 100.0000
20401.2095 312613.2918 449.6928 300255.396490000 -0.0000 0.0000 100.0000
20401.1312 312613.2780 449.7013 300255.406490000 -0.0000 0.0000 100.0000
20401.0528 312613.2641 449.7097 300255.416490000 -0.0000 0.0000 100.0000
20400.9745 312613.2503 449.7182 300255.426490000 -0.0000 0.0000 100.0000
20400.8961 312613.2365 449.7266 300255.436490000 -0.0000 0.0000 100.0000
20400.8178 312613.2227 449.7351 300255.446490000 -0.0000 0.0000 100.0000
20400.7394 312613.2089 449.7435 300255.456490000 -0.0000 0.0000 100.0000
20400.6611 312613.1951 449.7520 300255.466490000 -0.0000 0.0000 100.0000
20400.5828 312613.1813 449.7605 300255.476490000 -0.0000 0.0000 100.0000
20400.5044 312613.1674 449.7689 300255.486490000 -0.0000 0.0000 100.0000
20400.4261 312613.1536 449.7774 300255.496490000 -0.0000 0.0000 100.0000
20400.3477 312613.1398 449.7858 300255.506490000 -0.0000 0.0000 100.0000
20400.2694 312613.1260 449.7943 300255.516490000 -0.0000 0.0000 100.0000
20400.1910 312613.1122 449.8027 300255.526490000 -0.0000 0.0000 100.0000
20400.1127 312613.0984 449.8112 300255.536490000 -0.0000 0.0000 100.0000
20400.0343 312613.0846 449.8196 300255.546490000 -0.0000 0.0000 100.0000
20399.9560 312613.0707 449.8281 300255.556490000 -0.0000 0.0000 100.0000
20399.8777 312613.0569 449.8365 300255.566490000 -0.0000 0.0000 100.0000
20399.7993 312613.0431 449.8450 300255.576490000 -0.0000 0.0000 100.0000
20399.7210 312613.0293 449.8534 300255.586490000 -0.0000 0.0000 100.0000
20399.6426 312613.0155 449.8619 300255.596490000 -0.0000 0.0000 100.0000
20399.5643 312613.0017 449.8704 300255.606490000 -0.0000 0.0000 100.0000
20399.4859 312612.9879 449.8788 300255.616490000 -0.0000 0.0000 100.0000
20399.4076 312612.9740 449.8873 300255.626490000 -0.0000 0.0000 100.0000
20399.3293 312612.9602 449.8957 300255.636490000 -0.0000 0.0000 100.0000
20399.2509 312612.9464 449.9042 300255.646490000 -0.0000 0.0000 100.0000
20399.1726 312612.9326 449.9126 300255.656490000 -0.0000 0.0000 100.0000
20399.0942 312612.9188 449.9211 300255.666490000 -0.0000 0.0000 100.0000
20399.0159 312612.9050 449.9295 300255.676490000 -0.0000 0.0000 100.0000
20398.9375 312612.8912 449.9380 300255.686490000 -0.0000 0.0000 100.0000
20398.8592 312612.8773 449.9464 300255.696490000 -0.0000 0.0000 100.0000
20398.7809 312612.8635 449.9549 300255.706490000 -0.0000 0.0000 100.0000
20398.7025 312612.8497 449.9633 300255.716490000 -0.0000 0.0000 100.0000
20398.6242 312612.8359 449.9718 300255.726490000 -0.0000 0.0000 100.0000
20398.5458 312612.8221 449.9803 300255.736490000 -0.0000 0.0000 100.0000
20398.4675 312612.8083 449.9887 300255.746490000 -0.0000 0.0000 100.0000
20398.3891 312612.7945 449.9972 300255.756490000 -0.0000 0.0000 100.0000
20398.3108 312612.7806 450.0056 300255.766490000 -0.0000 0.0000 100.0000
20398.2324 312612.7668 450.0141 300255.776490000 -0.0000 0.0000 100.0000
20398.1541 312612.7530 450.0225 300255.786490000 -0.0000 0.0000 100.0000
20398.0758 312612.7392 450.0310 300255.796490000 -0.0000 0.0000 100.0000
20397.9974 312612.7254 450.0394 300255.806490000 -0.0000 0.0000 100.0000
20397.9191 312612.7116 450.0479 300255.816490000 -0.0000 0.0000 100.0000
20397.8407 312612.6978 450.0563 300255.826490000 -0.0000 0.0000 100.0000
20397.7624 312612.6839 450.0648 300255.836490000 -0.0000 0.0000 100.0000
20397.6840 312612.6701 450.0732 300255.846490000 -0.0000 0.0000 100.0000
20397.6057 312612.6563 450.0817 300255.856490000 -0.0000 0.0000 100.0000
20397.5274 312612.6425 450.0901 300255.866490000 -0.0000 0.0000 100.0000
20397.4490 312612.6287 450.0986 300255.876490000 -0.0000 0.0000 100.0000
20397.3707 312612.6149 450.1071 300255.886490000 -0.0000 0.0000 100.0000
20397.2923 312612.6011 450.1155 300255.896490000 -0.0000 0.0000 100.0000
20397.2140 312612.5872 450.1240 300255.906490000 -0.0000 0.0000 100.0000
20397.1356 312612.5734 450.1324 300255.916490000 -0.0000 0.0000 100.0000
20397.0573 312612.5596 450.1409 300255.926490000 -0.0000 0.0000 100.0000
20396.9790 312612.5458 450.1493 300255.936490000 -0.0000 0.0000 100.0000
20396.9006 312612.5320 450.1578 300255.946490000 -0.0000 0.0000 100.0000
20396.8223 312612.5182 450.1662 300255.956490000 -0.0000 0.0000 100.0000
20396.7439 312612.5044 450.1747 300255.966490000 -0.0000 0.0000 100.0000
20396.6656 312612.4905 450.1831 300255.976490000 -0.0000 0.0000 100.0000
20396.5872 312612.4767 450.1916 300255.986490000 -0.0000 0.0000 100.0000
20396.5089 312612.4629 450.2000 300255.996490000 -0.0000 0.0000 100.0000
20396.4305 312612.4491 450.2085 300256.006490000 -0.0000 0.0000 100.0000
20396.3522 312612.4353 450.2170 300256.016490000 -0.0000 0.0000 100.0000
20396.2739 312612.4215 450.2254 300256.026490000 -0.0000 0.0000 100.0000
20396.1955 312612.4077 450.2339 300256.036490000 -0.0000 0.0000 100.0000
20396.1172 312612.3939 450.2423 300256.046490000 -0.0000 0.0000 100.0000
20396.0388 312612.3800 450.2508 300256.056490000 -0.0000 0.0000 100.0000
20395.9605 312612.3662 450.2592 300256.066490000 -0.0000 0.0000 100.0000
20395.8821 312612.3524 450.2677 300256.076490000 -0.0000 0.0000 100.0000
20395.8038 312612.3386 450.2761 300256.086490000 -0.0000 0.0000 100.0000
20395.7255 312612.3248 450.2846 300256.096490000 -0.0000 0.0000 100.0000
20395.6471 312612.3110 450.2930 300256.106490000 -0.0000 0.0000 100.0000
20395.5688 312612.2972 450.3015 300256.116490000 -0.0000 0.0000 100.0000
20395.4904 312612.2833 450.3099 300256.126490000 -0.0000 0.0000 100.0000
20395.4121 312612.2695 450.3184 300256.136490000 -0.0000 0.0000 100.0000
20395.3337 312612.2557 450.3269 300256.146490000 -0.0000 0.0000 100.0000
20395.2554 312612.2419 450.3353 300256.156490000 -0.0000 0.0000 100.0000
20395.1771 312612.2281 450.3438 300256.166490000 -0.0000 0.0000 100.0000
20395.0987 312612.2143 450.3522 300256.176490000 -0.0000 0.0000 100.0000
20395.0204 312612.2005 450.3607 300256.186490000 -0.0000 0.0000 100.0000
20394.9420 312612.1866 450.3691 300256.196490000 -0.0000 0.0000 100.0000
20394.8637 312612.1728 450.3776 300256.206490000 -0.0000 0.0000 100.0000
20394.7853 312612.1590 450.3860 300256.216490000 -0.0000 0.0000 100.0000
20394.7070 312612.1452 450.3945 300256.226490000 -0.0000 0.0000 100.0000
20394.6286 312612.1314 450.4029 300256.236490000 -0.0000 0.0000 100.0000
20394.5503 312612.1176 450.4114 300256.246490000 -0.0000 0.0000 100.0000
20394.4720 312612.1038 450.4198 300256.256490000 -0.0000 0.0000 100.0000
20394.3936 312612.0899 450.4283 300256.266490000 -0.0000 0.0000 100.0000
20394.3153 312612.0761 450.4368 300256.276490000 -0.0000 0.0000 100.0000
20394.2369 312612.0623 450.4452 300256.286490000 -0.0000 0.0000 100.0000
20394.1586 312612.0485 450.4537 300256.296490000 -0.0000 0.0000 100.0000
20394.0802 312612.0347 450.4621 300256.306490000 -0.0000 0.0000 100.0000
20394.0019 312612.0209 450.4706 300256.316490000 -0.0000 0.0000 100.0000
20393.9236 312612.0071 450.4790 300256.326490000 -0.0000 0.0000 100.0000
20393.8452 312611.9932 450.4875 300256.336490000 -0.0000 0.0000 100.0000
20393.7669 312611.9794 450.4959 300256.346490000 -0.0000 0.0000 100.0000
20393.6885 312611.9656 450.5044 300256.356490000 -0.0000 0.0000 100.0000
20393.6102 312611.9518 450.5128 300256.366490000 -0.0000 0.0000 100.0000
20393.5318 312611.9380 450.5213 300256.376490000 -0.0000 0.0000 100.0000
